{"format_version":"1.12.0","minecraft:geometry":[{"description":{"identifier":"geometry.unknown","texture_width":256,"texture_height":256,"visible_bounds_width":4,"visible_bounds_height":4.5,"visible_bounds_offset":[0,1.75,0]},"bones":[{"name":"Arm","pivot":[-0.2,30.35,0]},{"name":"RightArm","parent":"Arm","pivot":[-1.55,31,0],"rotation":[0,0,2.5],"cubes":[{"origin":[-3.55,25,-1.5],"size":[3,8,3],"uv":{"north":{"uv":[47,24],"uv_size":[3,8]},"east":{"uv":[46,47],"uv_size":[3,8]},"south":{"uv":[48,12],"uv_size":[3,8]},"west":{"uv":[49,32],"uv_size":[3,8]},"up":{"uv":[17,83],"uv_size":[3,3]},"down":{"uv":[20,86],"uv_size":[3,-3]}}},{"origin":[-3.55,26,-1.5],"size":[1.5625,3.7375,3],"inflate":0.05,"uv":{"north":{"uv":[112,44],"uv_size":[1.5,3.5]},"east":{"uv":[36,71],"uv_size":[3,3.5]},"south":{"uv":[112,48],"uv_size":[1.5,3.5]},"west":{"uv":[58,71],"uv_size":[3,3.5]},"up":{"uv":[52,113],"uv_size":[1.5,3]},"down":{"uv":[113,63],"uv_size":[1.5,-3]}}},{"origin":[-1.9125,26.5625,-1.5],"size":[0.95,2.6125,3],"inflate":0.05,"uv":{"north":{"uv":[3,121],"uv_size":[1,2.5]},"east":{"uv":[44,90],"uv_size":[3,2.5]},"south":{"uv":[121,5],"uv_size":[1,2.5]},"west":{"uv":[91,57],"uv_size":[3,2.5]},"up":{"uv":[81,71],"uv_size":[1,3]},"down":{"uv":[3,89],"uv_size":[1,-3]}}},{"origin":[-3.55,28.225,-1.5],"size":[3,0.775,3],"inflate":0.1,"uv":{"north":{"uv":[92,28],"uv_size":[3,1]},"east":{"uv":[59,92],"uv_size":[3,1]},"south":{"uv":[35,95],"uv_size":[3,1]},"west":{"uv":[45,95],"uv_size":[3,1]},"up":{"uv":[23,83],"uv_size":[3,3]},"down":{"uv":[85,3],"uv_size":[3,-3]}}},{"origin":[-3.1875,28.4875,-1.6375],"size":[0.3,0.3,0.1375],"uv":{"north":{"uv":[15,174],"uv_size":[0.5,0.5]},"east":{"uv":[174,15],"uv_size":[0.5,0.5]},"south":{"uv":[16,174],"uv_size":[0.5,0.5]},"west":{"uv":[174,16],"uv_size":[0.5,0.5]},"up":{"uv":[17,174],"uv_size":[0.5,0.5]},"down":{"uv":[174,17.5],"uv_size":[0.5,-0.5]}}},{"origin":[-3.1875,26.975,-1.6375],"size":[0.3,0.3,0.1375],"uv":{"north":{"uv":[18,174],"uv_size":[0.5,0.5]},"east":{"uv":[174,18],"uv_size":[0.5,0.5]},"south":{"uv":[19,174],"uv_size":[0.5,0.5]},"west":{"uv":[174,19],"uv_size":[0.5,0.5]},"up":{"uv":[20,174],"uv_size":[0.5,0.5]},"down":{"uv":[174,20.5],"uv_size":[0.5,-0.5]}}},{"origin":[-3.875,28.1375,-0.6125],"size":[0.0875,0.95,1],"pivot":[2,0,-1],"rotation":[0,7.5,0],"uv":{"north":{"uv":[142,37],"uv_size":[0.5,1]},"east":{"uv":[92,29],"uv_size":[1,1]},"south":{"uv":[38,142],"uv_size":[0.5,1]},"west":{"uv":[92,33],"uv_size":[1,1]},"up":{"uv":[142,38],"uv_size":[0.5,1]},"down":{"uv":[39,143],"uv_size":[0.5,-1]}}},{"origin":[-3.5,28.1375,-4.0875],"size":[0.0875,0.95,1],"pivot":[2,0,-1],"rotation":[0,32.5,0],"uv":{"north":{"uv":[142,39],"uv_size":[0.5,1]},"east":{"uv":[35,92],"uv_size":[1,1]},"south":{"uv":[40,142],"uv_size":[0.5,1]},"west":{"uv":[9,93],"uv_size":[1,1]},"up":{"uv":[142,40],"uv_size":[0.5,1]},"down":{"uv":[41,143],"uv_size":[0.5,-1]}}},{"origin":[-3.725,26.6625,-4.6875],"size":[0.0875,0.95,1],"pivot":[1.775,-1.475,-1.6],"rotation":[0,37.5,0],"uv":{"north":{"uv":[142,41],"uv_size":[0.5,1]},"east":{"uv":[94,62],"uv_size":[1,1]},"south":{"uv":[42,142],"uv_size":[0.5,1]},"west":{"uv":[95,8],"uv_size":[1,1]},"up":{"uv":[142,42],"uv_size":[0.5,1]},"down":{"uv":[43,143],"uv_size":[0.5,-1]}}},{"origin":[-4.1,26.6625,-1.2125],"size":[0.0875,0.95,1],"pivot":[1.775,-1.475,-1.6],"rotation":[0,12.5,0],"uv":{"north":{"uv":[142,43],"uv_size":[0.5,1]},"east":{"uv":[95,81],"uv_size":[1,1]},"south":{"uv":[44,142],"uv_size":[0.5,1]},"west":{"uv":[52,99],"uv_size":[1,1]},"up":{"uv":[142,44],"uv_size":[0.5,1]},"down":{"uv":[45,143],"uv_size":[0.5,-1]}}},{"origin":[-3.55,26.7625,-1.5],"size":[3,0.775,3],"inflate":0.1,"uv":{"north":{"uv":[105,89],"uv_size":[3,1]},"east":{"uv":[106,49],"uv_size":[3,1]},"south":{"uv":[113,112],"uv_size":[3,1]},"west":{"uv":[7,115],"uv_size":[3,1]},"up":{"uv":[85,50],"uv_size":[3,3]},"down":{"uv":[64,88],"uv_size":[3,-3]}}}]},{"name":"left_arm2","parent":"RightArm","pivot":[-1.9875,25,0],"cubes":[{"origin":[-3.55,19,-1.5],"size":[3,6,3],"uv":{"north":{"uv":[27,0],"uv_size":[3,6]},"east":{"uv":[52,53],"uv_size":[3,6]},"south":{"uv":[54,23],"uv_size":[3,6]},"west":{"uv":[38,54],"uv_size":[3,6]},"up":{"uv":[67,85],"uv_size":[3,3]},"down":{"uv":[0,89],"uv_size":[3,-3]}}},{"origin":[-2.55,19.7125,-0.275],"size":[3,3.5375,0.7375],"pivot":[-2,19.1375,-1],"rotation":[0,-90,-15],"uv":{"north":{"uv":[27,72],"uv_size":[3,3.5]},"east":{"uv":[72,126],"uv_size":[0.5,3.5]},"south":{"uv":[42,72],"uv_size":[3,3.5]},"west":{"uv":[78,126],"uv_size":[0.5,3.5]},"up":{"uv":[58,127],"uv_size":[3,0.5]},"down":{"uv":[127,61.5],"uv_size":[3,-0.5]}}},{"origin":[-1.55,21.2125,0.1875],"size":[0.7625,0.725,0.35],"pivot":[-2,19.1375,-1],"rotation":[0,-90,-15],"uv":{"north":{"uv":[142,45],"uv_size":[1,0.5]},"east":{"uv":[21,174],"uv_size":[0.5,0.5]},"south":{"uv":[46,142],"uv_size":[1,0.5]},"west":{"uv":[174,21],"uv_size":[0.5,0.5]},"up":{"uv":[142,46],"uv_size":[1,0.5]},"down":{"uv":[47,142.5],"uv_size":[1,-0.5]}}},{"origin":[-1.6125,20.125,0.1875],"size":[0.925,0.8125,0.35],"pivot":[-2,19.1375,-1],"rotation":[0,-90,-15],"uv":{"north":{"uv":[54,99],"uv_size":[1,1]},"east":{"uv":[142,47],"uv_size":[0.5,1]},"south":{"uv":[102,62],"uv_size":[1,1]},"west":{"uv":[48,142],"uv_size":[0.5,1]},"up":{"uv":[142,48],"uv_size":[1,0.5]},"down":{"uv":[49,142.5],"uv_size":[1,-0.5]}}},{"origin":[-1.9875,22.7125,0.0875],"size":[1.75,0.575,0.425],"pivot":[-2,19.1375,-1],"rotation":[0,-90,-15],"uv":{"north":{"uv":[136,76],"uv_size":[2,0.5]},"east":{"uv":[22,174],"uv_size":[0.5,0.5]},"south":{"uv":[89,136],"uv_size":[2,0.5]},"west":{"uv":[174,22],"uv_size":[0.5,0.5]},"up":{"uv":[136,89],"uv_size":[2,0.5]},"down":{"uv":[136,90.5],"uv_size":[2,-0.5]}}},{"origin":[-1.65,22.1875,0.0875],"size":[1.025,0.525,0.425],"pivot":[-2,19.1375,-1],"rotation":[0,-90,-15],"uv":{"north":{"uv":[142,49],"uv_size":[1,0.5]},"east":{"uv":[23,174],"uv_size":[0.5,0.5]},"south":{"uv":[50,142],"uv_size":[1,0.5]},"west":{"uv":[174,23],"uv_size":[0.5,0.5]},"up":{"uv":[142,50],"uv_size":[1,0.5]},"down":{"uv":[51,142.5],"uv_size":[1,-0.5]}}},{"origin":[-2.55,19.7,-2.3375],"size":[3,3.5375,0.7375],"pivot":[-2,19.1375,-1],"rotation":[0,-90,13],"uv":{"north":{"uv":[45,72],"uv_size":[3,3.5]},"east":{"uv":[79,126],"uv_size":[0.5,3.5]},"south":{"uv":[48,72],"uv_size":[3,3.5]},"west":{"uv":[80,126],"uv_size":[0.5,3.5]},"up":{"uv":[127,62],"uv_size":[3,0.5]},"down":{"uv":[127,63.5],"uv_size":[3,-0.5]}}},{"origin":[-2.55,20.7,-2.3375],"size":[3,1.075,0.7375],"inflate":0.05,"pivot":[-2,19.1375,-1],"rotation":[0,-90,13],"uv":{"north":{"uv":[117,88],"uv_size":[3,1]},"east":{"uv":[142,51],"uv_size":[0.5,1]},"south":{"uv":[117,97],"uv_size":[3,1]},"west":{"uv":[52,142],"uv_size":[0.5,1]},"up":{"uv":[127,64],"uv_size":[3,0.5]},"down":{"uv":[127,65.5],"uv_size":[3,-0.5]}}},{"origin":[-3.55,19.5125,-1.3875],"size":[3,3.5375,0.7375],"pivot":[-3,19,0],"rotation":[20,0,0],"uv":{"north":{"uv":[51,72],"uv_size":[3,3.5]},"east":{"uv":[84,126],"uv_size":[0.5,3.5]},"south":{"uv":[54,72],"uv_size":[3,3.5]},"west":{"uv":[85,126],"uv_size":[0.5,3.5]},"up":{"uv":[127,66],"uv_size":[3,0.5]},"down":{"uv":[127,69.5],"uv_size":[3,-0.5]}}},{"origin":[-3.5625,21.0375,-1.425],"size":[0.2625,0.525,0.775],"pivot":[-3,19,0],"rotation":[20,0,0],"uv":{"north":{"uv":[24,174],"uv_size":[0.5,0.5]},"east":{"uv":[142,52],"uv_size":[1,0.5]},"south":{"uv":[174,24],"uv_size":[0.5,0.5]},"west":{"uv":[53,142],"uv_size":[1,0.5]},"up":{"uv":[142,53],"uv_size":[0.5,1]},"down":{"uv":[54,143],"uv_size":[0.5,-1]}}},{"origin":[-3.5625,20.0375,-1.425],"size":[0.2625,0.525,0.775],"pivot":[-3,19,0],"rotation":[20,0,0],"uv":{"north":{"uv":[25,174],"uv_size":[0.5,0.5]},"east":{"uv":[142,54],"uv_size":[1,0.5]},"south":{"uv":[174,25],"uv_size":[0.5,0.5]},"west":{"uv":[55,142],"uv_size":[1,0.5]},"up":{"uv":[142,55],"uv_size":[0.5,1]},"down":{"uv":[56,143],"uv_size":[0.5,-1]}}},{"origin":[-0.8,21.175,-1.425],"size":[0.2625,0.525,0.775],"pivot":[-3,19,0],"rotation":[20,0,0],"uv":{"north":{"uv":[26,174],"uv_size":[0.5,0.5]},"east":{"uv":[142,56],"uv_size":[1,0.5]},"south":{"uv":[174,26],"uv_size":[0.5,0.5]},"west":{"uv":[142,57],"uv_size":[1,0.5]},"up":{"uv":[58,142],"uv_size":[0.5,1]},"down":{"uv":[142,59],"uv_size":[0.5,-1]}}},{"origin":[-0.7625,19.8875,-1.425],"size":[0.225,0.5375,0.775],"pivot":[-3,19,0],"rotation":[20,0,0],"uv":{"north":{"uv":[27,174],"uv_size":[0.5,0.5]},"east":{"uv":[59,142],"uv_size":[1,0.5]},"south":{"uv":[174,27],"uv_size":[0.5,0.5]},"west":{"uv":[142,59],"uv_size":[1,0.5]},"up":{"uv":[60,142],"uv_size":[0.5,1]},"down":{"uv":[142,61],"uv_size":[0.5,-1]}}},{"origin":[-4.2625,20.6875,-1.425],"size":[2.9875,0.5625,0.775],"inflate":0.001,"pivot":[-3,19,0],"rotation":[18.58597,-7.52076,21.26765],"uv":{"north":{"uv":[127,70],"uv_size":[3,0.5]},"east":{"uv":[61,142],"uv_size":[1,0.5]},"south":{"uv":[127,71],"uv_size":[3,0.5]},"west":{"uv":[142,61],"uv_size":[1,0.5]},"up":{"uv":[117,99],"uv_size":[3,1]},"down":{"uv":[117,111],"uv_size":[3,-1]}}},{"origin":[-2.9,20.0875,-1.425],"size":[2.9875,0.5625,0.775],"inflate":0.002,"pivot":[-3,19,0],"rotation":[18.58597,7.52076,-21.26765],"uv":{"north":{"uv":[127,77],"uv_size":[3,0.5]},"east":{"uv":[62,142],"uv_size":[1,0.5]},"south":{"uv":[127,78],"uv_size":[3,0.5]},"west":{"uv":[142,62],"uv_size":[1,0.5]},"up":{"uv":[117,111],"uv_size":[3,1]},"down":{"uv":[112,118],"uv_size":[3,-1]}}},{"origin":[-3.5625,21.0375,0.65],"size":[0.2625,0.525,0.775],"pivot":[-3,19,0],"rotation":[-20,0,0],"uv":{"north":{"uv":[28,174],"uv_size":[0.5,0.5]},"east":{"uv":[63,142],"uv_size":[1,0.5]},"south":{"uv":[174,28],"uv_size":[0.5,0.5]},"west":{"uv":[142,63],"uv_size":[1,0.5]},"up":{"uv":[64,142],"uv_size":[0.5,1]},"down":{"uv":[65,143],"uv_size":[0.5,-1]}}},{"origin":[-4.2625,20.6875,0.65],"size":[2.9875,0.5625,0.775],"inflate":0.001,"pivot":[-3,19,0],"rotation":[-18.58597,7.52076,21.26765],"uv":{"north":{"uv":[127,79],"uv_size":[3,0.5]},"east":{"uv":[142,65],"uv_size":[1,0.5]},"south":{"uv":[127,80],"uv_size":[3,0.5]},"west":{"uv":[142,66],"uv_size":[1,0.5]},"up":{"uv":[117,112],"uv_size":[3,1]},"down":{"uv":[117,114],"uv_size":[3,-1]}}},{"origin":[-3.5625,20.0375,0.65],"size":[0.2625,0.525,0.775],"pivot":[-3,19,0],"rotation":[-20,0,0],"uv":{"north":{"uv":[29,174],"uv_size":[0.5,0.5]},"east":{"uv":[142,68],"uv_size":[1,0.5]},"south":{"uv":[174,29],"uv_size":[0.5,0.5]},"west":{"uv":[142,69],"uv_size":[1,0.5]},"up":{"uv":[142,70],"uv_size":[0.5,1]},"down":{"uv":[142,72],"uv_size":[0.5,-1]}}},{"origin":[-0.8,21.175,0.65],"size":[0.2625,0.525,0.775],"pivot":[-3,19,0],"rotation":[-20,0,0],"uv":{"north":{"uv":[30,174],"uv_size":[0.5,0.5]},"east":{"uv":[142,72],"uv_size":[1,0.5]},"south":{"uv":[174,30],"uv_size":[0.5,0.5]},"west":{"uv":[142,73],"uv_size":[1,0.5]},"up":{"uv":[142,75],"uv_size":[0.5,1]},"down":{"uv":[142,77],"uv_size":[0.5,-1]}}},{"origin":[-2.9,20.0875,0.65],"size":[2.9875,0.5625,0.775],"inflate":0.002,"pivot":[-3,19,0],"rotation":[-18.58597,-7.52076,-21.26765],"uv":{"north":{"uv":[127,86],"uv_size":[3,0.5]},"east":{"uv":[142,77],"uv_size":[1,0.5]},"south":{"uv":[127,87],"uv_size":[3,0.5]},"west":{"uv":[142,78],"uv_size":[1,0.5]},"up":{"uv":[115,117],"uv_size":[3,1]},"down":{"uv":[118,1],"uv_size":[3,-1]}}},{"origin":[-0.7625,19.8875,0.65],"size":[0.225,0.5375,0.775],"pivot":[-3,19,0],"rotation":[-20,0,0],"uv":{"north":{"uv":[31,174],"uv_size":[0.5,0.5]},"east":{"uv":[142,79],"uv_size":[1,0.5]},"south":{"uv":[174,31],"uv_size":[0.5,0.5]},"west":{"uv":[142,80],"uv_size":[1,0.5]},"up":{"uv":[142,81],"uv_size":[0.5,1]},"down":{"uv":[142,83],"uv_size":[0.5,-1]}}},{"origin":[-3.55,19.5125,0.65],"size":[3,3.5375,0.7375],"pivot":[-3,19,0],"rotation":[-20,0,0],"uv":{"north":{"uv":[61,72],"uv_size":[3,3.5]},"east":{"uv":[126,85],"uv_size":[0.5,3.5]},"south":{"uv":[72,64],"uv_size":[3,3.5]},"west":{"uv":[86,126],"uv_size":[0.5,3.5]},"up":{"uv":[127,88],"uv_size":[3,0.5]},"down":{"uv":[127,89.5],"uv_size":[3,-0.5]}}},{"origin":[-3.55,22.5125,-1.5],"size":[3,0.35,3],"inflate":0.1,"uv":{"north":{"uv":[127,90],"uv_size":[3,0.5]},"east":{"uv":[127,91],"uv_size":[3,0.5]},"south":{"uv":[127,92],"uv_size":[3,0.5]},"west":{"uv":[127,93],"uv_size":[3,0.5]},"up":{"uv":[86,3],"uv_size":[3,3]},"down":{"uv":[17,89],"uv_size":[3,-3]}}}]},{"name":"left_hand","parent":"left_arm2","pivot":[-3.55,19,0],"cubes":[{"origin":[-3.425,17.1375,-1.5],"size":[2,2,3],"pivot":[-1.55,17,0],"rotation":[0,0,-4],"uv":{"north":{"uv":[96,99],"uv_size":[2,2]},"east":{"uv":[71,85],"uv_size":[3,2]},"south":{"uv":[102,0],"uv_size":[2,2]},"west":{"uv":[86,56],"uv_size":[3,2]},"up":{"uv":[22,92],"uv_size":[2,3]},"down":{"uv":[8,101],"uv_size":[2,-3]}}},{"origin":[-1.175,17.425,-1.825],"size":[1,1,3],"pivot":[-1.55,17,0],"rotation":[-14.5,0,-22.5],"uv":{"north":{"uv":[102,85],"uv_size":[1,1]},"east":{"uv":[2,118],"uv_size":[3,1]},"south":{"uv":[15,103],"uv_size":[1,1]},"west":{"uv":[118,2],"uv_size":[3,1]},"up":{"uv":[41,86],"uv_size":[1,3]},"down":{"uv":[42,100],"uv_size":[1,-3]}}}]},{"name":"LeftArm","parent":"Arm","pivot":[1.55,31,0],"rotation":[0,0,-2.5],"cubes":[{"origin":[0.55,25,-1.5],"size":[3,8,3],"uv":{"north":{"uv":[49,40],"uv_size":[3,8]},"east":{"uv":[42,49],"uv_size":[3,8]},"south":{"uv":[49,48],"uv_size":[3,8]},"west":{"uv":[6,50],"uv_size":[3,8]},"up":{"uv":[20,86],"uv_size":[3,3]},"down":{"uv":[23,89],"uv_size":[3,-3]}}},{"origin":[1.9875,29,-1.5],"size":[1.5625,1.7375,3],"inflate":0.05,"uv":{"north":{"uv":[123,40],"uv_size":[1.5,1.5]},"east":{"uv":[113,63],"uv_size":[3,1.5]},"south":{"uv":[42,123],"uv_size":[1.5,1.5]},"west":{"uv":[65,113],"uv_size":[3,1.5]},"up":{"uv":[113,65],"uv_size":[1.5,3]},"down":{"uv":[68,116],"uv_size":[1.5,-3]}}},{"origin":[0.9625,28.5625,-1.5],"size":[0.95,1.6125,3],"inflate":0.05,"uv":{"north":{"uv":[55,127],"uv_size":[1,1.5]},"east":{"uv":[70,113],"uv_size":[3,1.5]},"south":{"uv":[127,72],"uv_size":[1,1.5]},"west":{"uv":[73,113],"uv_size":[3,1.5]},"up":{"uv":[21,98],"uv_size":[1,3]},"down":{"uv":[100,3],"uv_size":[1,-3]}}},{"origin":[3.6,29,-1.6875],"size":[0.575,1.7375,3.325],"inflate":0.05,"pivot":[0.6125,29,-1],"rotation":[0,0,15],"uv":{"north":{"uv":[139,108],"uv_size":[0.5,1.5]},"east":{"uv":[111,90],"uv_size":[3.5,1.5]},"south":{"uv":[139,110],"uv_size":[0.5,1.5]},"west":{"uv":[112,52],"uv_size":[3.5,1.5]},"up":{"uv":[89,126],"uv_size":[0.5,3.5]},"down":{"uv":[90,129.5],"uv_size":[0.5,-3.5]}}},{"origin":[2.575,28.5625,-1.6875],"size":[0.95,1.6125,3.325],"inflate":0.05,"pivot":[0.6125,29,-1],"rotation":[0,0,15],"uv":{"north":{"uv":[76,127],"uv_size":[1,1.5]},"east":{"uv":[112,54],"uv_size":[3.5,1.5]},"south":{"uv":[91,127],"uv_size":[1,1.5]},"west":{"uv":[112,56],"uv_size":[3.5,1.5]},"up":{"uv":[42,6],"uv_size":[1,3.5]},"down":{"uv":[42,48.5],"uv_size":[1,-3.5]}}},{"origin":[2.325,25.6875,-1.6875],"size":[0.95,2.175,3.325],"inflate":0.04,"pivot":[0.6125,29,-1],"rotation":[0,0,-5],"uv":{"north":{"uv":[56,76],"uv_size":[1,2]},"east":{"uv":[101,98],"uv_size":[3.5,2]},"south":{"uv":[77,36],"uv_size":[1,2]},"west":{"uv":[3,102],"uv_size":[3.5,2]},"up":{"uv":[45,49],"uv_size":[1,3.5]},"down":{"uv":[44,60.5],"uv_size":[1,-3.5]}}},{"origin":[1.7,26.6375,-1.6875],"size":[1.575,2.3625,3.325],"inflate":0.003,"uv":{"north":{"uv":[115,83],"uv_size":[1.5,2.5]},"east":{"uv":[32,89],"uv_size":[3.5,2.5]},"south":{"uv":[115,86],"uv_size":[1.5,2.5]},"west":{"uv":[89,34],"uv_size":[3.5,2.5]},"up":{"uv":[112,92],"uv_size":[1.5,3.5]},"down":{"uv":[112,99.5],"uv_size":[1.5,-3.5]}}},{"origin":[3.35,24.825,-1.6875],"size":[0.625,3.125,3.325],"inflate":0.04,"pivot":[0.6125,29,-1],"rotation":[0,0,-5],"uv":{"north":{"uv":[94,127],"uv_size":[0.5,3]},"east":{"uv":[0,73],"uv_size":[3.5,3]},"south":{"uv":[127,94],"uv_size":[0.5,3]},"west":{"uv":[73,3],"uv_size":[3.5,3]},"up":{"uv":[126,90],"uv_size":[0.5,3.5]},"down":{"uv":[126,97.5],"uv_size":[0.5,-3.5]}}},{"origin":[0.55,28.225,-1.5],"size":[3,0.775,3],"inflate":0.1,"uv":{"north":{"uv":[118,3],"uv_size":[3,1]},"east":{"uv":[118,4],"uv_size":[3,1]},"south":{"uv":[5,118],"uv_size":[3,1]},"west":{"uv":[118,5],"uv_size":[3,1]},"up":{"uv":[86,24],"uv_size":[3,3]},"down":{"uv":[86,30],"uv_size":[3,-3]}}},{"origin":[0.8875,28.4875,-1.6375],"size":[0.3,0.3,0.1375],"uv":{"north":{"uv":[32,174],"uv_size":[0.5,0.5]},"east":{"uv":[174,32],"uv_size":[0.5,0.5]},"south":{"uv":[33,174],"uv_size":[0.5,0.5]},"west":{"uv":[174,33],"uv_size":[0.5,0.5]},"up":{"uv":[34,174],"uv_size":[0.5,0.5]},"down":{"uv":[174,34.5],"uv_size":[0.5,-0.5]}}}]},{"name":"right_arm2","parent":"LeftArm","pivot":[1.9875,25,0],"cubes":[{"origin":[0.55,19,-1.5],"size":[3,6,3],"uv":{"north":{"uv":[55,0],"uv_size":[3,6]},"east":{"uv":[2,55],"uv_size":[3,6]},"south":{"uv":[45,55],"uv_size":[3,6]},"west":{"uv":[55,53],"uv_size":[3,6]},"up":{"uv":[86,30],"uv_size":[3,3]},"down":{"uv":[86,36],"uv_size":[3,-3]}}},{"origin":[-0.45,19.65,-0.275],"size":[3,3.2125,0.7375],"pivot":[2,19.1375,-1],"rotation":[0,90,12.5],"uv":{"north":{"uv":[86,36],"uv_size":[3,3]},"east":{"uv":[95,127],"uv_size":[0.5,3]},"south":{"uv":[38,86],"uv_size":[3,3]},"west":{"uv":[96,127],"uv_size":[0.5,3]},"up":{"uv":[97,127],"uv_size":[3,0.5]},"down":{"uv":[127,97.5],"uv_size":[3,-0.5]}}},{"origin":[0.7875,20.825,0.1875],"size":[0.7625,0.725,0.35],"pivot":[2,19.1375,-1],"rotation":[0,90,12.5],"uv":{"north":{"uv":[83,142],"uv_size":[1,0.5]},"east":{"uv":[35,174],"uv_size":[0.5,0.5]},"south":{"uv":[142,83],"uv_size":[1,0.5]},"west":{"uv":[174,35],"uv_size":[0.5,0.5]},"up":{"uv":[84,142],"uv_size":[1,0.5]},"down":{"uv":[142,84.5],"uv_size":[1,-0.5]}}},{"origin":[0.6875,19.7375,0.1875],"size":[0.925,0.8125,0.35],"pivot":[2,19.1375,-1],"rotation":[0,90,12.5],"uv":{"north":{"uv":[100,103],"uv_size":[1,1]},"east":{"uv":[85,142],"uv_size":[0.5,1]},"south":{"uv":[3,104],"uv_size":[1,1]},"west":{"uv":[142,85],"uv_size":[0.5,1]},"up":{"uv":[86,142],"uv_size":[1,0.5]},"down":{"uv":[142,86.5],"uv_size":[1,-0.5]}}},{"origin":[0.2375,22.325,0.0875],"size":[1.75,0.575,0.425],"pivot":[2,19.1375,-1],"rotation":[0,90,12.5],"uv":{"north":{"uv":[91,136],"uv_size":[2,0.5]},"east":{"uv":[36,174],"uv_size":[0.5,0.5]},"south":{"uv":[136,91],"uv_size":[2,0.5]},"west":{"uv":[174,36],"uv_size":[0.5,0.5]},"up":{"uv":[136,92],"uv_size":[2,0.5]},"down":{"uv":[93,136.5],"uv_size":[2,-0.5]}}},{"origin":[0.625,21.8,0.0875],"size":[1.025,0.525,0.425],"pivot":[2,19.1375,-1],"rotation":[0,90,12.5],"uv":{"north":{"uv":[87,142],"uv_size":[1,0.5]},"east":{"uv":[37,174],"uv_size":[0.5,0.5]},"south":{"uv":[142,87],"uv_size":[1,0.5]},"west":{"uv":[174,37],"uv_size":[0.5,0.5]},"up":{"uv":[88,142],"uv_size":[1,0.5]},"down":{"uv":[142,88.5],"uv_size":[1,-0.5]}}},{"origin":[-0.45,19.3875,-2.4875],"size":[3,3.4125,0.7375],"pivot":[2,19.1375,-1],"rotation":[-54.76981,89.93308,-64.76892],"uv":{"north":{"uv":[4,73],"uv_size":[3,3.5]},"east":{"uv":[126,99],"uv_size":[0.5,3.5]},"south":{"uv":[73,6],"uv_size":[3,3.5]},"west":{"uv":[126,103],"uv_size":[0.5,3.5]},"up":{"uv":[127,98],"uv_size":[3,0.5]},"down":{"uv":[127,99.5],"uv_size":[3,-0.5]}}},{"origin":[-0.45,20.2625,-2.4875],"size":[3,1.075,0.7375],"inflate":0.05,"pivot":[2,19.1375,-1],"rotation":[-54.76981,89.93308,-64.76892],"uv":{"north":{"uv":[118,6],"uv_size":[3,1]},"east":{"uv":[89,142],"uv_size":[0.5,1]},"south":{"uv":[8,118],"uv_size":[3,1]},"west":{"uv":[142,89],"uv_size":[0.5,1]},"up":{"uv":[100,127],"uv_size":[3,0.5]},"down":{"uv":[127,100.5],"uv_size":[3,-0.5]}}},{"origin":[0.55,19.5125,-1.3875],"size":[3,3.5375,0.7375],"pivot":[3,19,0],"rotation":[20,0,0],"uv":{"north":{"uv":[7,73],"uv_size":[3,3.5]},"east":{"uv":[126,107],"uv_size":[0.5,3.5]},"south":{"uv":[73,10],"uv_size":[3,3.5]},"west":{"uv":[111,126],"uv_size":[0.5,3.5]},"up":{"uv":[127,101],"uv_size":[3,0.5]},"down":{"uv":[127,102.5],"uv_size":[3,-0.5]}}},{"origin":[3.3,21.0375,-1.425],"size":[0.2625,0.525,0.775],"pivot":[3,19,0],"rotation":[20,0,0],"uv":{"north":{"uv":[38,174],"uv_size":[0.5,0.5]},"east":{"uv":[90,142],"uv_size":[1,0.5]},"south":{"uv":[174,38],"uv_size":[0.5,0.5]},"west":{"uv":[142,90],"uv_size":[1,0.5]},"up":{"uv":[142,91],"uv_size":[0.5,1]},"down":{"uv":[142,93],"uv_size":[0.5,-1]}}},{"origin":[3.3,20.0375,-1.425],"size":[0.2625,0.525,0.775],"pivot":[3,19,0],"rotation":[20,0,0],"uv":{"north":{"uv":[39,174],"uv_size":[0.5,0.5]},"east":{"uv":[142,93],"uv_size":[1,0.5]},"south":{"uv":[174,39],"uv_size":[0.5,0.5]},"west":{"uv":[142,94],"uv_size":[1,0.5]},"up":{"uv":[142,95],"uv_size":[0.5,1]},"down":{"uv":[142,97],"uv_size":[0.5,-1]}}},{"origin":[0.5375,21.175,-1.425],"size":[0.2625,0.525,0.775],"pivot":[3,19,0],"rotation":[20,0,0],"uv":{"north":{"uv":[40,174],"uv_size":[0.5,0.5]},"east":{"uv":[97,142],"uv_size":[1,0.5]},"south":{"uv":[174,40],"uv_size":[0.5,0.5]},"west":{"uv":[142,97],"uv_size":[1,0.5]},"up":{"uv":[98,142],"uv_size":[0.5,1]},"down":{"uv":[142,99],"uv_size":[0.5,-1]}}},{"origin":[0.5375,19.8875,-1.425],"size":[0.225,0.5375,0.775],"pivot":[3,19,0],"rotation":[20,0,0],"uv":{"north":{"uv":[41,174],"uv_size":[0.5,0.5]},"east":{"uv":[99,142],"uv_size":[1,0.5]},"south":{"uv":[174,41],"uv_size":[0.5,0.5]},"west":{"uv":[142,99],"uv_size":[1,0.5]},"up":{"uv":[100,142],"uv_size":[0.5,1]},"down":{"uv":[142,101],"uv_size":[0.5,-1]}}},{"origin":[1.275,20.6875,-1.425],"size":[2.9875,0.5625,0.775],"inflate":0.001,"pivot":[3,19,0],"rotation":[18.58597,7.52076,-21.26765],"uv":{"north":{"uv":[103,127],"uv_size":[3,0.5]},"east":{"uv":[101,142],"uv_size":[1,0.5]},"south":{"uv":[127,103],"uv_size":[3,0.5]},"west":{"uv":[142,101],"uv_size":[1,0.5]},"up":{"uv":[118,9],"uv_size":[3,1]},"down":{"uv":[118,11],"uv_size":[3,-1]}}},{"origin":[-0.0875,20.0875,-1.425],"size":[2.9875,0.5625,0.775],"inflate":0.002,"pivot":[3,19,0],"rotation":[18.58597,-7.52076,21.26765],"uv":{"north":{"uv":[127,104],"uv_size":[3,0.5]},"east":{"uv":[102,142],"uv_size":[1,0.5]},"south":{"uv":[127,105],"uv_size":[3,0.5]},"west":{"uv":[142,102],"uv_size":[1,0.5]},"up":{"uv":[118,11],"uv_size":[3,1]},"down":{"uv":[118,13],"uv_size":[3,-1]}}},{"origin":[3.3,21.0375,0.65],"size":[0.2625,0.525,0.775],"pivot":[3,19,0],"rotation":[-20,0,0],"uv":{"north":{"uv":[42,174],"uv_size":[0.5,0.5]},"east":{"uv":[103,142],"uv_size":[1,0.5]},"south":{"uv":[174,42],"uv_size":[0.5,0.5]},"west":{"uv":[142,103],"uv_size":[1,0.5]},"up":{"uv":[104,142],"uv_size":[0.5,1]},"down":{"uv":[142,105],"uv_size":[0.5,-1]}}},{"origin":[1.275,20.6875,0.65],"size":[2.9875,0.5625,0.775],"inflate":0.001,"pivot":[3,19,0],"rotation":[-18.58597,-7.52076,-21.26765],"uv":{"north":{"uv":[127,106],"uv_size":[3,0.5]},"east":{"uv":[105,142],"uv_size":[1,0.5]},"south":{"uv":[127,107],"uv_size":[3,0.5]},"west":{"uv":[142,105],"uv_size":[1,0.5]},"up":{"uv":[118,13],"uv_size":[3,1]},"down":{"uv":[118,15],"uv_size":[3,-1]}}},{"origin":[3.3,20.0375,0.65],"size":[0.2625,0.525,0.775],"pivot":[3,19,0],"rotation":[-20,0,0],"uv":{"north":{"uv":[43,174],"uv_size":[0.5,0.5]},"east":{"uv":[106,142],"uv_size":[1,0.5]},"south":{"uv":[174,43],"uv_size":[0.5,0.5]},"west":{"uv":[142,106],"uv_size":[1,0.5]},"up":{"uv":[107,142],"uv_size":[0.5,1]},"down":{"uv":[142,108],"uv_size":[0.5,-1]}}},{"origin":[0.5375,21.175,0.65],"size":[0.2625,0.525,0.775],"pivot":[3,19,0],"rotation":[-20,0,0],"uv":{"north":{"uv":[44,174],"uv_size":[0.5,0.5]},"east":{"uv":[108,142],"uv_size":[1,0.5]},"south":{"uv":[174,44],"uv_size":[0.5,0.5]},"west":{"uv":[142,108],"uv_size":[1,0.5]},"up":{"uv":[109,142],"uv_size":[0.5,1]},"down":{"uv":[142,110],"uv_size":[0.5,-1]}}},{"origin":[-0.0875,20.0875,0.65],"size":[2.9875,0.5625,0.775],"inflate":0.002,"pivot":[3,19,0],"rotation":[-18.58597,7.52076,21.26765],"uv":{"north":{"uv":[127,108],"uv_size":[3,0.5]},"east":{"uv":[110,142],"uv_size":[1,0.5]},"south":{"uv":[115,127],"uv_size":[3,0.5]},"west":{"uv":[142,110],"uv_size":[1,0.5]},"up":{"uv":[21,118],"uv_size":[3,1]},"down":{"uv":[118,22],"uv_size":[3,-1]}}},{"origin":[0.5375,19.8875,0.65],"size":[0.225,0.5375,0.775],"pivot":[3,19,0],"rotation":[-20,0,0],"uv":{"north":{"uv":[45,174],"uv_size":[0.5,0.5]},"east":{"uv":[111,142],"uv_size":[1,0.5]},"south":{"uv":[174,45],"uv_size":[0.5,0.5]},"west":{"uv":[142,111],"uv_size":[1,0.5]},"up":{"uv":[112,142],"uv_size":[0.5,1]},"down":{"uv":[142,113],"uv_size":[0.5,-1]}}},{"origin":[0.55,19.5125,0.65],"size":[3,3.5375,0.7375],"pivot":[3,19,0],"rotation":[-20,0,0],"uv":{"north":{"uv":[15,73],"uv_size":[3,3.5]},"east":{"uv":[126,111],"uv_size":[0.5,3.5]},"south":{"uv":[18,73],"uv_size":[3,3.5]},"west":{"uv":[112,126],"uv_size":[0.5,3.5]},"up":{"uv":[127,115],"uv_size":[3,0.5]},"down":{"uv":[127,116.5],"uv_size":[3,-0.5]}}},{"origin":[0.55,23.5125,-1.5],"size":[3,0.35,3],"inflate":0.1,"uv":{"north":{"uv":[127,117],"uv_size":[3,0.5]},"east":{"uv":[127,118],"uv_size":[3,0.5]},"south":{"uv":[126,127],"uv_size":[3,0.5]},"west":{"uv":[128,8],"uv_size":[3,0.5]},"up":{"uv":[86,39],"uv_size":[3,3]},"down":{"uv":[86,45],"uv_size":[3,-3]}}}]},{"name":"Cat_ring","parent":"right_arm2","pivot":[2,21,0],"cubes":[{"origin":[0.9125,21.1875,2.9],"size":[2.15,0.8125,0.2625],"inflate":0.001,"uv":{"north":{"uv":[77,70],"uv_size":[2,1]},"east":{"uv":[113,142],"uv_size":[0.5,1]},"south":{"uv":[36,83],"uv_size":[2,1]},"west":{"uv":[142,113],"uv_size":[0.5,1]},"up":{"uv":[136,93],"uv_size":[2,0.5]},"down":{"uv":[136,94.5],"uv_size":[2,-0.5]}}},{"origin":[0.9125,21.1875,2.9],"size":[2.15,0.8125,0.2625],"pivot":[2,21,0],"rotation":[0,36.5,0],"uv":{"north":{"uv":[42,83],"uv_size":[2,1]},"east":{"uv":[114,142],"uv_size":[0.5,1]},"south":{"uv":[45,86],"uv_size":[2,1]},"west":{"uv":[142,114],"uv_size":[0.5,1]},"up":{"uv":[95,136],"uv_size":[2,0.5]},"down":{"uv":[136,95.5],"uv_size":[2,-0.5]}}},{"origin":[0.9125,21.1875,2.9],"size":[2.15,0.8125,0.2625],"pivot":[2,21,0],"rotation":[-180,69.5,180],"uv":{"north":{"uv":[86,49],"uv_size":[2,1]},"east":{"uv":[115,142],"uv_size":[0.5,1]},"south":{"uv":[57,86],"uv_size":[2,1]},"west":{"uv":[142,115],"uv_size":[0.5,1]},"up":{"uv":[97,136],"uv_size":[2,0.5]},"down":{"uv":[99,136.5],"uv_size":[2,-0.5]}}},{"origin":[0.9125,21.1875,2.9],"size":[2.15,0.8125,0.2625],"inflate":0.001,"pivot":[2,21,0],"rotation":[0,74,0],"uv":{"north":{"uv":[62,86],"uv_size":[2,1]},"east":{"uv":[116,142],"uv_size":[0.5,1]},"south":{"uv":[55,89],"uv_size":[2,1]},"west":{"uv":[142,116],"uv_size":[0.5,1]},"up":{"uv":[101,136],"uv_size":[2,0.5]},"down":{"uv":[103,136.5],"uv_size":[2,-0.5]}}},{"origin":[0.9125,21.1875,2.9],"size":[2.15,0.8125,0.2625],"inflate":0.001,"pivot":[2,21,0],"rotation":[-180,32.5,180],"uv":{"north":{"uv":[89,57],"uv_size":[2,1]},"east":{"uv":[117,142],"uv_size":[0.5,1]},"south":{"uv":[0,91],"uv_size":[2,1]},"west":{"uv":[142,117],"uv_size":[0.5,1]},"up":{"uv":[105,136],"uv_size":[2,0.5]},"down":{"uv":[107,136.5],"uv_size":[2,-0.5]}}},{"origin":[0.9125,21.1875,2.9],"size":[2.15,0.8125,0.2625],"pivot":[2,21,0],"rotation":[-180,-4,180],"uv":{"north":{"uv":[92,41],"uv_size":[2,1]},"east":{"uv":[118,142],"uv_size":[0.5,1]},"south":{"uv":[26,95],"uv_size":[2,1]},"west":{"uv":[142,118],"uv_size":[0.5,1]},"up":{"uv":[136,109],"uv_size":[2,0.5]},"down":{"uv":[136,110.5],"uv_size":[2,-0.5]}}},{"origin":[0.9625,21.1875,2.9625],"size":[2.0875,0.8125,0.2625],"inflate":0.001,"pivot":[1.9875,21,0.0625],"rotation":[0,-67.5,0],"uv":{"north":{"uv":[56,95],"uv_size":[2,1]},"east":{"uv":[119,142],"uv_size":[0.5,1]},"south":{"uv":[70,97],"uv_size":[2,1]},"west":{"uv":[142,119],"uv_size":[0.5,1]},"up":{"uv":[136,111],"uv_size":[2,0.5]},"down":{"uv":[136,112.5],"uv_size":[2,-0.5]}}},{"origin":[0.9,21.1875,2.9625],"size":[1.8125,0.8125,0.2625],"pivot":[1.9875,21,0.0625],"rotation":[0,-31,0],"uv":{"north":{"uv":[36,99],"uv_size":[2,1]},"east":{"uv":[120,142],"uv_size":[0.5,1]},"south":{"uv":[62,102],"uv_size":[2,1]},"west":{"uv":[142,120],"uv_size":[0.5,1]},"up":{"uv":[136,113],"uv_size":[2,0.5]},"down":{"uv":[136,114.5],"uv_size":[2,-0.5]}}},{"origin":[0.9125,21.1875,2.9],"size":[2.15,0.8125,0.2625],"inflate":0.001,"pivot":[2,21,0],"rotation":[-180,-41.5,180],"uv":{"north":{"uv":[100,102],"uv_size":[2,1]},"east":{"uv":[121,142],"uv_size":[0.5,1]},"south":{"uv":[38,103],"uv_size":[2,1]},"west":{"uv":[142,121],"uv_size":[0.5,1]},"up":{"uv":[136,115],"uv_size":[2,0.5]},"down":{"uv":[116,136.5],"uv_size":[2,-0.5]}}},{"origin":[0.9125,21.1875,2.9],"size":[2.15,0.8125,0.2625],"pivot":[2,21,0],"rotation":[-180,-78,180],"uv":{"north":{"uv":[104,31],"uv_size":[2,1]},"east":{"uv":[122,142],"uv_size":[0.5,1]},"south":{"uv":[93,106],"uv_size":[2,1]},"west":{"uv":[142,122],"uv_size":[0.5,1]},"up":{"uv":[136,117],"uv_size":[2,0.5]},"down":{"uv":[136,124.5],"uv_size":[2,-0.5]}}}]},{"name":"Cat_ring2","parent":"right_arm2","pivot":[2,19,0],"rotation":[0,15,0],"cubes":[{"origin":[1,19.2875,2.45],"size":[2,0.7125,0.5375],"inflate":0.001,"uv":{"north":{"uv":[136,125],"uv_size":[2,0.5]},"east":{"uv":[46,174],"uv_size":[0.5,0.5]},"south":{"uv":[128,136],"uv_size":[2,0.5]},"west":{"uv":[174,46],"uv_size":[0.5,0.5]},"up":{"uv":[130,136],"uv_size":[2,0.5]},"down":{"uv":[136,131.5],"uv_size":[2,-0.5]}}},{"origin":[1,19.2875,2.45],"size":[2,0.7125,0.5375],"pivot":[2,19,0],"rotation":[0,36.5,0],"uv":{"north":{"uv":[132,136],"uv_size":[2,0.5]},"east":{"uv":[47,174],"uv_size":[0.5,0.5]},"south":{"uv":[136,132],"uv_size":[2,0.5]},"west":{"uv":[174,47],"uv_size":[0.5,0.5]},"up":{"uv":[136,133],"uv_size":[2,0.5]},"down":{"uv":[134,136.5],"uv_size":[2,-0.5]}}},{"origin":[1,19.2875,2.45],"size":[2,0.7125,0.5375],"pivot":[2,19,0],"rotation":[-180,69.5,180],"uv":{"north":{"uv":[136,134],"uv_size":[2,0.5]},"east":{"uv":[48,174],"uv_size":[0.5,0.5]},"south":{"uv":[136,135],"uv_size":[2,0.5]},"west":{"uv":[174,48],"uv_size":[0.5,0.5]},"up":{"uv":[136,136],"uv_size":[2,0.5]},"down":{"uv":[137,0.5],"uv_size":[2,-0.5]}}},{"origin":[1,19.2875,2.45],"size":[2,0.7125,0.5375],"inflate":0.001,"pivot":[2,19,0],"rotation":[0,74,0],"uv":{"north":{"uv":[137,1],"uv_size":[2,0.5]},"east":{"uv":[49,174],"uv_size":[0.5,0.5]},"south":{"uv":[137,2],"uv_size":[2,0.5]},"west":{"uv":[174,49],"uv_size":[0.5,0.5]},"up":{"uv":[3,137],"uv_size":[2,0.5]},"down":{"uv":[137,3.5],"uv_size":[2,-0.5]}}},{"origin":[1,19.2875,2.45],"size":[2,0.7125,0.5375],"inflate":0.001,"pivot":[2,19,0],"rotation":[-180,32.5,180],"uv":{"north":{"uv":[137,4],"uv_size":[2,0.5]},"east":{"uv":[50,174],"uv_size":[0.5,0.5]},"south":{"uv":[5,137],"uv_size":[2,0.5]},"west":{"uv":[174,50],"uv_size":[0.5,0.5]},"up":{"uv":[137,5],"uv_size":[2,0.5]},"down":{"uv":[7,137.5],"uv_size":[2,-0.5]}}},{"origin":[1,19.2875,2.45],"size":[2,0.7125,0.5375],"pivot":[2,19,0],"rotation":[-180,-4,180],"uv":{"north":{"uv":[137,7],"uv_size":[2,0.5]},"east":{"uv":[51,174],"uv_size":[0.5,0.5]},"south":{"uv":[137,8],"uv_size":[2,0.5]},"west":{"uv":[174,51],"uv_size":[0.5,0.5]},"up":{"uv":[9,137],"uv_size":[2,0.5]},"down":{"uv":[137,9.5],"uv_size":[2,-0.5]}}},{"origin":[1.05,19.2875,2.5125],"size":[1.9375,0.7125,0.5375],"inflate":0.001,"pivot":[1.9875,19,0.0625],"rotation":[0,-67.5,0],"uv":{"north":{"uv":[137,10],"uv_size":[2,0.5]},"east":{"uv":[52,174],"uv_size":[0.5,0.5]},"south":{"uv":[11,137],"uv_size":[2,0.5]},"west":{"uv":[174,52],"uv_size":[0.5,0.5]},"up":{"uv":[137,11],"uv_size":[2,0.5]},"down":{"uv":[137,12.5],"uv_size":[2,-0.5]}}},{"origin":[0.9875,19.2875,2.5125],"size":[1.6625,0.7125,0.5375],"pivot":[1.9875,19,0.0625],"rotation":[0,-31,0],"uv":{"north":{"uv":[7,140],"uv_size":[1.5,0.5]},"east":{"uv":[53,174],"uv_size":[0.5,0.5]},"south":{"uv":[9,140],"uv_size":[1.5,0.5]},"west":{"uv":[174,53],"uv_size":[0.5,0.5]},"up":{"uv":[11,140],"uv_size":[1.5,0.5]},"down":{"uv":[24,140.5],"uv_size":[1.5,-0.5]}}},{"origin":[1,19.2875,2.45],"size":[2,0.7125,0.5375],"inflate":0.001,"pivot":[2,19,0],"rotation":[-180,-41.5,180],"uv":{"north":{"uv":[13,137],"uv_size":[2,0.5]},"east":{"uv":[54,174],"uv_size":[0.5,0.5]},"south":{"uv":[137,13],"uv_size":[2,0.5]},"west":{"uv":[174,54],"uv_size":[0.5,0.5]},"up":{"uv":[137,14],"uv_size":[2,0.5]},"down":{"uv":[137,15.5],"uv_size":[2,-0.5]}}},{"origin":[1,19.2875,2.45],"size":[2,0.7125,0.5375],"pivot":[2,19,0],"rotation":[-180,-78,180],"uv":{"north":{"uv":[16,137],"uv_size":[2,0.5]},"east":{"uv":[55,174],"uv_size":[0.5,0.5]},"south":{"uv":[137,16],"uv_size":[2,0.5]},"west":{"uv":[174,55],"uv_size":[0.5,0.5]},"up":{"uv":[137,17],"uv_size":[2,0.5]},"down":{"uv":[18,137.5],"uv_size":[2,-0.5]}}}]},{"name":"right_hand","parent":"right_arm2","pivot":[3.55,19,0],"cubes":[{"origin":[1.425,17.1375,-1.5],"size":[1.9375,2.0375,3],"pivot":[1.55,17,0],"rotation":[0,0,4],"uv":{"north":{"uv":[10,102],"uv_size":[2,2]},"east":{"uv":[32,92],"uv_size":[3,2]},"south":{"uv":[103,96],"uv_size":[2,2]},"west":{"uv":[16,102],"uv_size":[3,2]},"up":{"uv":[100,5],"uv_size":[2,3]},"down":{"uv":[30,106],"uv_size":[2,-3]}}},{"origin":[0.175,17.425,-1.825],"size":[1,1,3],"pivot":[1.55,17,0],"rotation":[-14.5,0,22.5],"uv":{"north":{"uv":[69,104],"uv_size":[1,1]},"east":{"uv":[118,23],"uv_size":[3,1]},"south":{"uv":[104,100],"uv_size":[1,1]},"west":{"uv":[24,118],"uv_size":[3,1]},"up":{"uv":[100,16],"uv_size":[1,3]},"down":{"uv":[104,87],"uv_size":[1,-3]}}}]}]}]}