{
	"format_version": "1.8.0",
	"animations": {
		"carryon:block": {
			"loop": true,
			"bones": {
				"Root": {
					"rotation": [2, 0, 0]
				},
				"UpBody": {
					"rotation": [-15, 0, 0]
				},
				"Head": {
					"rotation": [25, 0, 0]
				},
				"LeftArm": {
					"rotation": [-25, 5, 5],
					"position": [0, -0.5, 0]
				},
				"LeftForeArm": {
					"rotation": [-5, 0, 0]
				},
				"LeftHandLocator": {
					"scale": 0
				},
				"RightArm": {
					"rotation": [-25, -5, -5],
					"position": [0, -0.5, 0]
				},
				"RightForeArm": {
					"rotation": [-5, 0, 0]
				},
				"RightHandLocator": {
					"scale": 0
				},
				"LeftHand": {
					"rotation": [0, 0, 0]
				},
				"Righthand": {
					"rotation": [0, 0, 0]
				},
				"clothe": {
					"rotation": [12.5, 0, 0]
				}
			}
		},
		"carryon:entity": {
			"loop": true,
			"bones": {
				"Root": {
					"rotation": [2, 0, 0]
				},
				"UpBody": {
					"rotation": [-20, 0, 0]
				},
				"Head": {
					"rotation": [30, 0, 0]
				},
				"LeftArm": {
					"rotation": [-45, 5, -5],
					"position": [0, -0.5, 0]
				},
				"LeftForeArm": {
					"rotation": [-5, 0, 0]
				},
				"LeftHandLocator": {
					"scale": 0
				},
				"RightArm": {
					"rotation": [-45, -5, 5],
					"position": [0, -0.5, 0]
				},
				"RightForeArm": {
					"rotation": [-5, 0, 0]
				},
				"RightHandLocator": {
					"scale": 0
				},
				"Righthand": {
					"rotation": [0, 0, 0]
				},
				"LeftHand": {
					"rotation": [0, 0, 0]
				},
				"clothe": {
					"rotation": [15, 0, 0]
				}
			}
		},
		"carryon:player": {
			"loop": true,
			"bones": {
				"Root": {
					"rotation": [2, 0, 0]
				},
				"UpBody": {
					"rotation": [-10, 0, 0]
				},
				"Head": {
					"rotation": [10, 0, 0]
				},
				"LeftArm": {
					"rotation": [-30, 5, -5],
					"position": [0, -0.5, 0]
				},
				"LeftForeArm": {
					"rotation": [-90, -47.5, 90]
				},
				"LeftHandLocator": {
					"scale": 0
				},
				"RightArm": {
					"rotation": [-30, -5, 5],
					"position": [0, -0.5, 0]
				},
				"RightForeArm": {
					"rotation": [-90, 47.5, -90]
				},
				"RightHandLocator": {
					"scale": 0
				},
				"Righthand": {
					"rotation": [0, 0, 0]
				},
				"LeftHand": {
					"rotation": [0, 0, 0]
				},
				"clothe": {
					"rotation": [7.5, 0, 0]
				}
			}
		},
		"carryon:princess": {
			"loop": true,
			"animation_length": 2,
			"bones": {
				"5": {
					"position": [0, 0, -1]
				},
				"Root": {
					"rotation": [0, 0, 0],
					"position": [1, 0, 0]
				},
				"AllBody": {
					"rotation": [0, -90, -115],
					"position": [-5, -11, 6]
				},
				"UpBody": {
					"rotation": [50, 0, 0],
					"position": [0, -1, -1.25]
				},
				"Head": {
					"rotation": [27.5, 0, 0]
				},
				"LongHair": {
					"rotation": [37.5, 0, 0]
				},
				"LeftArm": {
					"rotation": [-16.77609, 44.19145, -7.81185]
				},
				"LeftForeArm": {
					"rotation": [-97.5, 0, 0]
				},
				"RightArm": {
					"rotation": [-16.36648, -42.10287, -4.20805]
				},
				"RightForeArm": {
					"rotation": [-127.5, 0, 0]
				},
				"LeftLeg": {
					"rotation": [-7.61435, 9.91358, -1.31845]
				},
				"LeftLowerLeg": {
					"rotation": [65, 0, 0]
				},
				"LeftFoot": {
					"rotation": [27.5, 0, 0]
				},
				"RightLeg": {
					"rotation": [-2.17539, -10.01806, -1.21764]
				},
				"RightLowerLeg": {
					"rotation": [65, 0, 0]
				},
				"RightFoot": {
					"rotation": [7.5, 0, 0]
				},
				"Righthand": {
					"rotation": [0, 0, 0]
				},
				"LeftHand": {
					"rotation": [0, 0, 0]
				},
				"Tail": {
					"rotation": [20, 0, 0],
					"position": [0, 0, -3]
				},
				"clothe": {
					"rotation": [-37.5, 0, 0],
					"scale": [1.065, 1, 1]
				},
				"Tail2": {
					"rotation": [32.5, 0, 0]
				},
				"Tail3": {
					"rotation": {
						"0.0": [25, 0, 0],
						"0.625": {
							"pre": [22.90981, 10.28859, -22.90981],
							"post": [22.90981, 10.28859, -22.90981],
							"lerp_mode": "catmullrom"
						},
						"1.375": {
							"post": [32.33444, -31.63556, 3.09225],
							"lerp_mode": "catmullrom"
						},
						"2.0": [25, 0, 0]
					}
				},
				"Tail4": {
					"rotation": {
						"0.0": [45, 0, 0],
						"0.625": {
							"pre": [45.68718, 8.80348, 8.90928],
							"post": [45.68718, 8.80348, 8.90928],
							"lerp_mode": "catmullrom"
						},
						"1.375": {
							"post": [47.26579, 15.69986, -1.49361],
							"lerp_mode": "catmullrom"
						},
						"2.0": [45, 0, 0]
					}
				},
				"Tail5": {
					"rotation": {
						"0.0": [22.5, 0, 0],
						"0.625": {
							"pre": [22.19157, 3.81024, -9.25249],
							"post": [22.19157, 3.81024, -9.25249],
							"lerp_mode": "catmullrom"
						},
						"1.375": {
							"post": [22.27379, 6.12443, 10.20191],
							"lerp_mode": "catmullrom"
						},
						"2.0": [22.5, 0, 0]
					}
				},
				"Tail6": {
					"rotation": {
						"0.0": [12.5, 0, 0],
						"0.625": {
							"pre": [12.2127, 2.68507, -12.2127],
							"post": [12.2127, 2.68507, -12.2127],
							"lerp_mode": "catmullrom"
						},
						"1.375": {
							"post": [12.38785, -0.6023, 3.82563],
							"lerp_mode": "catmullrom"
						},
						"2.0": [12.5, 0, 0]
					}
				},
				"Tail7": {
					"rotation": {
						"0.0": [-25, 0, 0],
						"0.625": {
							"pre": [-25.99745, 1.37646, -14.48273],
							"post": [-25.99745, 1.37646, -14.48273],
							"lerp_mode": "catmullrom"
						},
						"1.375": {
							"post": [-25.99745, 1.37646, 14.48273],
							"lerp_mode": "catmullrom"
						},
						"2.0": [-25, 0, 0]
					}
				},
				"skirt": {
					"rotation": [-15, 0, 0],
					"position": [0, 0, -1]
				},
				"skirt2": {
					"rotation": [96.94525, -105.80492, 78.02092],
					"position": [1, 0, -1]
				}
			}
		}
	}
}