{
	"format_version": "1.12.0",
	"minecraft:geometry": [
		{
			"description": {
				"identifier": "geometry.ai_awp_json - Converted",
				"texture_width": 256,
				"texture_height": 256,
				"visible_bounds_width": 15,
				"visible_bounds_height": 9,
				"visible_bounds_offset": [0, 0.5, 0]
			},
			"bones": [
				{
					"name": "scope_body",
					"pivot": [0, 0, 0],
					"cubes": [
						{
							"origin": [-0.29484, -0.04773, -0.87331],
							"size": [0.58969, 0.09269, 8.58277],
							"uv": {
								"north": {"uv": [118, 88], "uv_size": [0.5, 0.25]},
								"south": {"uv": [118, 90], "uv_size": [0.5, 0.25]},
								"up": {"uv": [30, 59], "uv_size": [0.5, 8.5]},
								"down": {"uv": [32, 67.5], "uv_size": [0.5, -8.5]}
							}
						}
					]
				},
				{
					"name": "bone2",
					"parent": "scope_body",
					"pivot": [0.07499, 0.6891, 8.41808],
					"cubes": [
						{
							"origin": [-0.42328, 0.48271, 8.37161],
							"size": [0.06488, 0.41277, 0.09294],
							"pivot": [0.07499, 0.6891, 8.41808],
							"rotation": [58.18067, 22.95509, 41.81327],
							"uv": {
								"north": {"uv": [120, 2], "uv_size": [0.25, 0.5]},
								"east": {"uv": [120, 4], "uv_size": [0.25, 0.5]},
								"south": {"uv": [6, 120], "uv_size": [0.25, 0.5]},
								"west": {"uv": [120, 6], "uv_size": [0.25, 0.5]}
							}
						},
						{
							"origin": [-0.13139, 1.12249, 8.37161],
							"size": [0.41278, 0.06488, 0.09294],
							"pivot": [0.07499, 0.6891, 8.41808],
							"rotation": [29.75, 56, 0],
							"uv": {
								"north": {"uv": [119, 111], "uv_size": [0.5, 0.25]},
								"south": {"uv": [119, 113], "uv_size": [0.5, 0.25]},
								"up": {"uv": [119, 115], "uv_size": [0.5, 0.25]},
								"down": {"uv": [2, 120.25], "uv_size": [0.5, -0.25]}
							}
						},
						{
							"origin": [0.50839, 0.48271, 8.37161],
							"size": [0.06487, 0.41277, 0.09294],
							"pivot": [0.07499, 0.6891, 8.41808],
							"rotation": [58.18067, 22.95509, 41.81327],
							"uv": {
								"north": {"uv": [119, 102], "uv_size": [0.25, 0.5]},
								"east": {"uv": [104, 119], "uv_size": [0.25, 0.5]},
								"south": {"uv": [119, 109], "uv_size": [0.25, 0.5]},
								"west": {"uv": [111, 119], "uv_size": [0.25, 0.5]}
							}
						},
						{
							"origin": [-0.13139, 0.19082, 8.37161],
							"size": [0.41278, 0.06488, 0.09294],
							"pivot": [0.07499, 0.6891, 8.41808],
							"rotation": [29.75, 56, 0],
							"uv": {
								"north": {"uv": [119, 98], "uv_size": [0.5, 0.25]},
								"south": {"uv": [100, 119], "uv_size": [0.5, 0.25]},
								"up": {"uv": [119, 100], "uv_size": [0.5, 0.25]},
								"down": {"uv": [102, 119.25], "uv_size": [0.5, -0.25]}
							}
						},
						{
							"origin": [-0.1314, 1.12249, 8.37161],
							"size": [0.41279, 0.06488, 0.09294],
							"pivot": [0.07499, 0.6891, 8.41808],
							"rotation": [58.18067, 22.95509, 41.81327],
							"uv": {
								"north": {"uv": [119, 66], "uv_size": [0.5, 0.25]},
								"south": {"uv": [119, 74], "uv_size": [0.5, 0.25]},
								"up": {"uv": [90, 119], "uv_size": [0.5, 0.25]},
								"down": {"uv": [94, 119.25], "uv_size": [0.5, -0.25]}
							}
						},
						{
							"origin": [0.50858, 0.48289, 8.37179],
							"size": [0.0645, 0.41241, 0.09258],
							"inflate": 0.001,
							"pivot": [0.07499, 0.6891, 8.41808],
							"rotation": [29.75, 56, 0],
							"uv": {
								"north": {"uv": [119, 50], "uv_size": [0.25, 0.5]},
								"east": {"uv": [119, 60], "uv_size": [0.25, 0.5]},
								"south": {"uv": [119, 62], "uv_size": [0.25, 0.5]},
								"west": {"uv": [119, 64], "uv_size": [0.25, 0.5]}
							}
						},
						{
							"origin": [-0.1314, 0.19082, 8.37161],
							"size": [0.41279, 0.06488, 0.09294],
							"pivot": [0.07499, 0.6891, 8.41808],
							"rotation": [58.18067, 22.95509, 41.81327],
							"uv": {
								"north": {"uv": [119, 44], "uv_size": [0.5, 0.25]},
								"south": {"uv": [46, 119], "uv_size": [0.5, 0.25]},
								"up": {"uv": [119, 46], "uv_size": [0.5, 0.25]},
								"down": {"uv": [50, 119.25], "uv_size": [0.5, -0.25]}
							}
						},
						{
							"origin": [-0.4231, 0.48289, 8.37179],
							"size": [0.06452, 0.41241, 0.09258],
							"inflate": 0.001,
							"pivot": [0.07499, 0.6891, 8.41808],
							"rotation": [29.75, 56, 0],
							"uv": {
								"north": {"uv": [40, 119], "uv_size": [0.25, 0.5]},
								"east": {"uv": [119, 40], "uv_size": [0.25, 0.5]},
								"south": {"uv": [119, 42], "uv_size": [0.25, 0.5]},
								"west": {"uv": [44, 119], "uv_size": [0.25, 0.5]}
							}
						},
						{
							"origin": [-0.26722, 0.32553, 8.27724],
							"size": [0.26183, 0.73726, 0.22588],
							"pivot": [0.01791, 0.59583, 8.38742],
							"rotation": [-28.32316, 21.8353, -49.28231],
							"uv": {
								"north": {"uv": [92, 111], "uv_size": [0.25, 0.75]},
								"east": {"uv": [97, 111], "uv_size": [0.25, 0.75]},
								"south": {"uv": [111, 101], "uv_size": [0.25, 0.75]},
								"west": {"uv": [103, 111], "uv_size": [0.25, 0.75]},
								"up": {"uv": [134, 58], "uv_size": [0.25, 0.25]},
								"down": {"uv": [60, 134.25], "uv_size": [0.25, -0.25]}
							}
						},
						{
							"origin": [-0.06124, 0.27082, 8.27309],
							"size": [0.26133, 0.6389, 0.22541],
							"inflate": 0.001,
							"pivot": [0.01791, 0.59583, 8.38742],
							"rotation": [-36.44423, -0.75951, -84.96855],
							"uv": {
								"north": {"uv": [111, 64], "uv_size": [0.25, 0.75]},
								"east": {"uv": [111, 66], "uv_size": [0.25, 0.75]},
								"south": {"uv": [111, 68], "uv_size": [0.25, 0.75]},
								"west": {"uv": [111, 76], "uv_size": [0.25, 0.75]},
								"up": {"uv": [134, 56], "uv_size": [0.25, 0.25]},
								"down": {"uv": [58, 134.25], "uv_size": [0.25, -0.25]}
							}
						},
						{
							"origin": [0.04353, 0.32798, 8.27749],
							"size": [0.26134, 0.73679, 0.22541],
							"inflate": 0.001,
							"pivot": [0.01791, 0.59583, 8.38742],
							"rotation": [25.97681, 24.63765, 55.5577],
							"uv": {
								"north": {"uv": [111, 46], "uv_size": [0.25, 0.75]},
								"east": {"uv": [51, 111], "uv_size": [0.25, 0.75]},
								"south": {"uv": [111, 51], "uv_size": [0.25, 0.75]},
								"west": {"uv": [111, 62], "uv_size": [0.25, 0.75]},
								"up": {"uv": [134, 54], "uv_size": [0.25, 0.25]},
								"down": {"uv": [56, 134.25], "uv_size": [0.25, -0.25]}
							}
						},
						{
							"origin": [-0.71182, 0.36926, 8.30169],
							"size": [0.09268, 0.58968, 0.13277],
							"pivot": [0, 0.6641, 8.36808],
							"rotation": [22.00584, -20.54103, 40.96448],
							"uv": {
								"north": {"uv": [36, 119], "uv_size": [0.25, 0.5]},
								"east": {"uv": [119, 36], "uv_size": [0.25, 0.5]},
								"south": {"uv": [38, 119], "uv_size": [0.25, 0.5]},
								"west": {"uv": [119, 38], "uv_size": [0.25, 0.5]}
							}
						},
						{
							"origin": [-0.29484, 1.28323, 8.30169],
							"size": [0.58969, 0.09269, 0.13277],
							"pivot": [0, 0.6641, 8.36808],
							"rotation": [29.75, 0, 0],
							"uv": {
								"north": {"uv": [28, 119], "uv_size": [0.5, 0.25]},
								"south": {"uv": [119, 30], "uv_size": [0.5, 0.25]},
								"up": {"uv": [32, 119], "uv_size": [0.5, 0.25]},
								"down": {"uv": [34, 119.25], "uv_size": [0.5, -0.25]}
							}
						},
						{
							"origin": [0.61914, 0.36926, 8.30169],
							"size": [0.09266, 0.58968, 0.13277],
							"pivot": [0, 0.6641, 8.36808],
							"rotation": [22.00584, -20.54103, 40.96448],
							"uv": {
								"north": {"uv": [119, 22], "uv_size": [0.25, 0.5]},
								"east": {"uv": [24, 119], "uv_size": [0.25, 0.5]},
								"south": {"uv": [119, 24], "uv_size": [0.25, 0.5]},
								"west": {"uv": [26, 119], "uv_size": [0.25, 0.5]}
							}
						},
						{
							"origin": [-0.29484, -0.04773, 8.30169],
							"size": [0.58969, 0.09269, 0.13277],
							"pivot": [0, 0.6641, 8.36808],
							"rotation": [29.75, 0, 0],
							"uv": {
								"north": {"uv": [16, 119], "uv_size": [0.5, 0.25]},
								"south": {"uv": [119, 16], "uv_size": [0.5, 0.25]},
								"up": {"uv": [119, 18], "uv_size": [0.5, 0.25]},
								"down": {"uv": [119, 20.25], "uv_size": [0.5, -0.25]}
							}
						},
						{
							"origin": [-0.29485, 1.28323, 8.30169],
							"size": [0.58969, 0.09269, 0.13277],
							"pivot": [0, 0.6641, 8.36808],
							"rotation": [22.00584, -20.54103, 40.96448],
							"uv": {
								"north": {"uv": [12, 119], "uv_size": [0.5, 0.25]},
								"south": {"uv": [119, 12], "uv_size": [0.5, 0.25]},
								"up": {"uv": [14, 119], "uv_size": [0.5, 0.25]},
								"down": {"uv": [119, 14.25], "uv_size": [0.5, -0.25]}
							}
						},
						{
							"origin": [0.61897, 0.36909, 8.30152],
							"size": [0.09301, 0.59002, 0.13311],
							"inflate": 0.001,
							"pivot": [0, 0.6641, 8.36808],
							"rotation": [29.75, 0, 0],
							"uv": {
								"north": {"uv": [119, 0], "uv_size": [0.25, 0.5]},
								"east": {"uv": [4, 119], "uv_size": [0.25, 0.5]},
								"south": {"uv": [8, 119], "uv_size": [0.25, 0.5]},
								"west": {"uv": [119, 8], "uv_size": [0.25, 0.5]}
							}
						},
						{
							"origin": [-0.29485, -0.04773, 8.30169],
							"size": [0.58969, 0.09269, 0.13277],
							"pivot": [0, 0.6641, 8.36808],
							"rotation": [22.00584, -20.54103, 40.96448],
							"uv": {
								"north": {"uv": [114, 118], "uv_size": [0.5, 0.25]},
								"south": {"uv": [116, 118], "uv_size": [0.5, 0.25]},
								"up": {"uv": [118, 118], "uv_size": [0.5, 0.25]},
								"down": {"uv": [0, 119.25], "uv_size": [0.5, -0.25]}
							}
						},
						{
							"origin": [-0.71199, 0.36909, 8.30152],
							"size": [0.09302, 0.59002, 0.13311],
							"inflate": 0.001,
							"pivot": [0, 0.6641, 8.36808],
							"rotation": [29.75, 0, 0],
							"uv": {
								"north": {"uv": [118, 105], "uv_size": [0.25, 0.5]},
								"east": {"uv": [107, 118], "uv_size": [0.25, 0.5]},
								"south": {"uv": [118, 107], "uv_size": [0.25, 0.5]},
								"west": {"uv": [109, 118], "uv_size": [0.25, 0.5]}
							}
						}
					]
				},
				{
					"name": "ocular",
					"pivot": [0, 0.66411, -2.85743]
				},
				{
					"name": "bone3",
					"parent": "ocular",
					"pivot": [0, 0.66411, 4.73919],
					"cubes": [
						{
							"origin": [-1.32764, 0.11419, -2.98126],
							"size": [0.17286, 1.09983, 0.24765],
							"pivot": [0, 0.66411, 4.73919],
							"rotation": [0, 0, 45],
							"uv": {
								"north": {"uv": [111, 42], "uv_size": [0.25, 0.75]},
								"east": {"uv": [44, 111], "uv_size": [0.25, 0.75]},
								"south": {"uv": [111, 44], "uv_size": [0.25, 0.75]},
								"west": {"uv": [46, 111], "uv_size": [0.25, 0.75]}
							}
						},
						{
							"origin": [-0.54993, -0.66355, -2.98126],
							"size": [1.09984, 0.17288, 0.24765],
							"pivot": [0, 0.66411, 4.73919],
							"rotation": [0, 0, 45],
							"uv": {
								"north": {"uv": [8, 111], "uv_size": [0.75, 0.25]},
								"south": {"uv": [111, 8], "uv_size": [0.75, 0.25]},
								"up": {"uv": [12, 111], "uv_size": [0.75, 0.25]},
								"down": {"uv": [111, 12.25], "uv_size": [0.75, -0.25]}
							}
						},
						{
							"origin": [-1.32882, 0.113, -2.98244],
							"size": [0.17523, 1.1022, 0.25001],
							"inflate": 0.001,
							"uv": {
								"north": {"uv": [110, 110], "uv_size": [0.25, 0.75]},
								"east": {"uv": [0, 111], "uv_size": [0.25, 0.75]},
								"south": {"uv": [111, 0], "uv_size": [0.25, 0.75]},
								"west": {"uv": [4, 111], "uv_size": [0.25, 0.75]}
							}
						},
						{
							"origin": [-0.54993, 1.81886, -2.98126],
							"size": [1.09984, 0.17288, 0.24765],
							"pivot": [0, 0.66411, 4.73919],
							"rotation": [0, 0, 45],
							"uv": {
								"north": {"uv": [111, 18], "uv_size": [0.75, 0.25]},
								"south": {"uv": [111, 20], "uv_size": [0.75, 0.25]},
								"up": {"uv": [111, 22], "uv_size": [0.75, 0.25]},
								"down": {"uv": [24, 111.25], "uv_size": [0.75, -0.25]}
							}
						},
						{
							"origin": [1.15361, 0.113, -2.98244],
							"size": [0.1752, 1.1022, 0.25001],
							"inflate": 0.001,
							"uv": {
								"north": {"uv": [14, 111], "uv_size": [0.25, 0.75]},
								"east": {"uv": [111, 14], "uv_size": [0.25, 0.75]},
								"south": {"uv": [16, 111], "uv_size": [0.25, 0.75]},
								"west": {"uv": [111, 16], "uv_size": [0.25, 0.75]}
							}
						},
						{
							"origin": [1.15477, 0.11419, -2.98126],
							"size": [0.17284, 1.09983, 0.24765],
							"pivot": [0, 0.66411, 4.73919],
							"rotation": [0, 0, 45],
							"uv": {
								"north": {"uv": [32, 111], "uv_size": [0.25, 0.75]},
								"east": {"uv": [34, 111], "uv_size": [0.25, 0.75]},
								"south": {"uv": [36, 111], "uv_size": [0.25, 0.75]},
								"west": {"uv": [111, 36], "uv_size": [0.25, 0.75]}
							}
						},
						{
							"origin": [-0.54993, -0.66355, -2.98126],
							"size": [1.09985, 0.17288, 0.24765],
							"uv": {
								"north": {"uv": [111, 24], "uv_size": [0.75, 0.25]},
								"south": {"uv": [26, 111], "uv_size": [0.75, 0.25]},
								"up": {"uv": [28, 111], "uv_size": [0.75, 0.25]},
								"down": {"uv": [111, 30.25], "uv_size": [0.75, -0.25]}
							}
						},
						{
							"origin": [-0.54993, 1.81886, -2.98126],
							"size": [1.09985, 0.17288, 0.24765],
							"uv": {
								"north": {"uv": [38, 111], "uv_size": [0.75, 0.25]},
								"south": {"uv": [111, 38], "uv_size": [0.75, 0.25]},
								"up": {"uv": [40, 111], "uv_size": [0.75, 0.25]},
								"down": {"uv": [111, 40.25], "uv_size": [0.75, -0.25]}
							}
						}
					]
				},
				{
					"name": "bone4",
					"parent": "ocular",
					"pivot": [0, 0.67479, -1.58074],
					"cubes": [
						{
							"origin": [-0.65772, -0.0569, -1.67238],
							"size": [0.12792, 0.81388, 0.18325],
							"pivot": [0, 0.67479, -1.58074],
							"rotation": [-93.88611, 44.93406, 20.25316],
							"uv": {
								"north": {"uv": [118, 76], "uv_size": [0.25, 0.5]},
								"east": {"uv": [78, 118], "uv_size": [0.25, 0.5]},
								"south": {"uv": [118, 78], "uv_size": [0.25, 0.5]},
								"west": {"uv": [80, 118], "uv_size": [0.25, 0.5]}
							}
						},
						{
							"origin": [-0.98307, 0.15304, -1.67299],
							"size": [0.12915, 0.47006, 0.18448],
							"inflate": 0.001,
							"pivot": [0, 0.67479, -1.58074],
							"rotation": [-92.75, 0, 23],
							"uv": {
								"north": {"uv": [134, 32], "uv_size": [0.25, 0.25]},
								"east": {"uv": [134, 34], "uv_size": [0.25, 0.25]},
								"south": {"uv": [42, 134], "uv_size": [0.25, 0.25]},
								"west": {"uv": [48, 134], "uv_size": [0.25, 0.25]}
							}
						},
						{
							"origin": [-0.40694, 1.07006, -1.67238],
							"size": [0.81389, 0.12793, 0.18325],
							"pivot": [0, 0.67479, -1.58074],
							"rotation": [-92.75, 0, 23],
							"uv": {
								"north": {"uv": [72, 118], "uv_size": [0.5, 0.25]},
								"south": {"uv": [118, 72], "uv_size": [0.5, 0.25]},
								"up": {"uv": [74, 118], "uv_size": [0.5, 0.25]},
								"down": {"uv": [76, 118.25], "uv_size": [0.5, -0.25]}
							}
						},
						{
							"origin": [-0.08222, 1.20458, -1.67238],
							"size": [0.81389, 0.12793, 0.18325],
							"pivot": [0, 0.67479, -1.58074],
							"rotation": [-93.88611, 44.93406, 20.25316],
							"uv": {
								"north": {"uv": [68, 118], "uv_size": [0.5, 0.25]},
								"south": {"uv": [118, 68], "uv_size": [0.5, 0.25]},
								"up": {"uv": [70, 118], "uv_size": [0.5, 0.25]},
								"down": {"uv": [118, 70.25], "uv_size": [0.5, -0.25]}
							}
						},
						{
							"origin": [-0.40694, -0.25637, -2.15545],
							"size": [0.81389, 1.82793, 0.18325],
							"inflate": -0.02,
							"uv": {
								"north": {"uv": [56, 118], "uv_size": [0.5, 0.25]},
								"south": {"uv": [118, 56], "uv_size": [0.5, 0.25]},
								"up": {"uv": [58, 118], "uv_size": [0.5, 0.25]},
								"down": {"uv": [118, 58.25], "uv_size": [0.5, -0.25]}
							}
						},
						{
							"origin": [-0.97108, 0.25655, -2.15606],
							"size": [1.95413, 0.81511, 0.18448],
							"inflate": -0.049,
							"uv": {
								"north": {"uv": [118, 10], "uv_size": [0.25, 0.5]},
								"east": {"uv": [18, 118], "uv_size": [0.25, 0.5]},
								"south": {"uv": [20, 118], "uv_size": [0.25, 0.5]},
								"west": {"uv": [22, 118], "uv_size": [0.25, 0.5]}
							}
						},
						{
							"origin": [-0.94546, 0.25717, -2.15545],
							"size": [1.92789, 0.81388, 0.18325],
							"inflate": -0.05,
							"pivot": [0, 0.66411, -2.06381],
							"rotation": [0, 0, 45],
							"uv": {
								"north": {"uv": [52, 118], "uv_size": [0.25, 0.5]},
								"east": {"uv": [118, 52], "uv_size": [0.25, 0.5]},
								"south": {"uv": [54, 118], "uv_size": [0.25, 0.5]},
								"west": {"uv": [118, 54], "uv_size": [0.25, 0.5]}
							}
						},
						{
							"origin": [-0.40695, -0.30637, -2.15545],
							"size": [0.81389, 1.95293, 0.18325],
							"inflate": -0.04,
							"pivot": [0, 0.66411, -2.06381],
							"rotation": [0, 0, 45],
							"uv": {
								"north": {"uv": [118, 26], "uv_size": [0.5, 0.25]},
								"south": {"uv": [118, 28], "uv_size": [0.5, 0.25]},
								"up": {"uv": [30, 118], "uv_size": [0.5, 0.25]},
								"down": {"uv": [118, 32.25], "uv_size": [0.5, -0.25]}
							}
						},
						{
							"origin": [0.85392, 0.15304, -1.67299],
							"size": [0.12913, 0.47006, 0.18448],
							"inflate": 0.001,
							"pivot": [0, 0.67479, -1.58074],
							"rotation": [-92.75, 0, 23],
							"uv": {
								"north": {"uv": [134, 48], "uv_size": [0.25, 0.25]},
								"east": {"uv": [52, 134], "uv_size": [0.25, 0.25]},
								"south": {"uv": [134, 52], "uv_size": [0.25, 0.25]},
								"west": {"uv": [54, 134], "uv_size": [0.25, 0.25]}
							}
						}
					]
				},
				{
					"name": "ocular_ring",
					"pivot": [0, 0.66411, -2.06381],
					"cubes": [
						{
							"origin": [-0.40695, 1.51863, -2.15545],
							"size": [0.81389, 0.12793, 0.18325],
							"pivot": [0, 0.66411, -2.06381],
							"rotation": [0, 0, 45],
							"uv": {
								"north": {"uv": [118, 26], "uv_size": [0.5, 0.25]},
								"south": {"uv": [118, 28], "uv_size": [0.5, 0.25]},
								"up": {"uv": [30, 118], "uv_size": [0.5, 0.25]},
								"down": {"uv": [118, 32.25], "uv_size": [0.5, -0.25]}
							}
						},
						{
							"origin": [-0.40695, -0.31836, -2.15545],
							"size": [0.81389, 0.12793, 0.18325],
							"pivot": [0, 0.66411, -2.06381],
							"rotation": [0, 0, 45],
							"uv": {
								"north": {"uv": [118, 4], "uv_size": [0.5, 0.25]},
								"south": {"uv": [6, 118], "uv_size": [0.5, 0.25]},
								"up": {"uv": [118, 6], "uv_size": [0.5, 0.25]},
								"down": {"uv": [10, 118.25], "uv_size": [0.5, -0.25]}
							}
						},
						{
							"origin": [-0.40694, -0.31836, -2.15545],
							"size": [0.81389, 0.12793, 0.18325],
							"uv": {
								"north": {"uv": [118, 34], "uv_size": [0.5, 0.25]},
								"south": {"uv": [42, 118], "uv_size": [0.5, 0.25]},
								"up": {"uv": [48, 118], "uv_size": [0.5, 0.25]},
								"down": {"uv": [118, 48.25], "uv_size": [0.5, -0.25]}
							}
						},
						{
							"origin": [0.85454, 0.25717, -2.15545],
							"size": [0.12789, 0.81388, 0.18325],
							"pivot": [0, 0.66411, -2.06381],
							"rotation": [0, 0, 45],
							"uv": {
								"north": {"uv": [52, 118], "uv_size": [0.25, 0.5]},
								"east": {"uv": [118, 52], "uv_size": [0.25, 0.5]},
								"south": {"uv": [54, 118], "uv_size": [0.25, 0.5]},
								"west": {"uv": [118, 54], "uv_size": [0.25, 0.5]}
							}
						},
						{
							"origin": [0.85392, 0.25655, -2.15606],
							"size": [0.12913, 0.81511, 0.18448],
							"inflate": 0.001,
							"uv": {
								"north": {"uv": [118, 10], "uv_size": [0.25, 0.5]},
								"east": {"uv": [18, 118], "uv_size": [0.25, 0.5]},
								"south": {"uv": [20, 118], "uv_size": [0.25, 0.5]},
								"west": {"uv": [22, 118], "uv_size": [0.25, 0.5]}
							}
						},
						{
							"origin": [-0.40694, 1.51863, -2.15545],
							"size": [0.81389, 0.12793, 0.18325],
							"uv": {
								"north": {"uv": [56, 118], "uv_size": [0.5, 0.25]},
								"south": {"uv": [118, 56], "uv_size": [0.5, 0.25]},
								"up": {"uv": [58, 118], "uv_size": [0.5, 0.25]},
								"down": {"uv": [118, 58.25], "uv_size": [0.5, -0.25]}
							}
						},
						{
							"origin": [-0.98245, 0.25717, -2.15545],
							"size": [0.12792, 0.81388, 0.18325],
							"pivot": [0, 0.66411, -2.06381],
							"rotation": [0, 0, 45],
							"uv": {
								"north": {"uv": [60, 118], "uv_size": [0.25, 0.5]},
								"east": {"uv": [62, 118], "uv_size": [0.25, 0.5]},
								"south": {"uv": [64, 118], "uv_size": [0.25, 0.5]},
								"west": {"uv": [66, 118], "uv_size": [0.25, 0.5]}
							}
						},
						{
							"origin": [-0.98307, 0.25655, -2.15606],
							"size": [0.12915, 0.81511, 0.18448],
							"inflate": 0.001,
							"uv": {
								"north": {"uv": [117, 114], "uv_size": [0.25, 0.5]},
								"east": {"uv": [117, 116], "uv_size": [0.25, 0.5]},
								"south": {"uv": [2, 118], "uv_size": [0.25, 0.5]},
								"west": {"uv": [118, 2], "uv_size": [0.25, 0.5]}
							}
						}
					]
				},
				{
					"name": "division",
					"pivot": [0, 1.78125, -70.45],
					"cubes": [
						{
							"origin": [-37.25568, -35.47443, -72.77848],
							"size": [74.51136, 74.51136, 4.65696],
							"uv": {
								"north": {"uv": [166, 0], "uv_size": [45, 45]},
								"east": {"uv": [166, 0], "uv_size": [45, 45]},
								"south": {"uv": [166, 166], "uv_size": [45, 45]},
								"west": {"uv": [166, 0], "uv_size": [45, 45]},
								"up": {"uv": [211, 45], "uv_size": [-45, -45]},
								"down": {"uv": [211, 45], "uv_size": [-45, -45]}
							}
						}
					]
				},
				{
					"name": "bone",
					"parent": "division",
					"pivot": [0, 1.60661, -74.64126],
					"cubes": [
						{
							"origin": [-41.04762, -25.27924, -59.50045],
							"size": [54.09525, 54.09525, 0],
							"pivot": [-14, 1.76839, -57.80998],
							"rotation": [0, 0, -135],
							"uv": {
								"north": {"uv": [166, 45], "uv_size": [45, -45]},
								"east": {"uv": [166, 45], "uv_size": [45, -45]},
								"south": {"uv": [119.5, 256], "uv_size": [45, -45]},
								"west": {"uv": [166, 45], "uv_size": [45, -45]},
								"up": {"uv": [211, 0], "uv_size": [-45, 45]},
								"down": {"uv": [211, 0], "uv_size": [-45, 45]}
							}
						},
						{
							"origin": [-12.49762, -25.26601, -61.11745],
							"size": [54.09525, 54.09525, 0],
							"pivot": [14.55, 1.78161, -59.42698],
							"rotation": [0, 0, -45],
							"uv": {
								"north": {"uv": [166, 0], "uv_size": [45, 45]},
								"east": {"uv": [166, 0], "uv_size": [45, 45]},
								"south": {"uv": [119.5, 211], "uv_size": [45, 45]},
								"west": {"uv": [166, 0], "uv_size": [45, 45]},
								"up": {"uv": [211, 45], "uv_size": [-45, -45]},
								"down": {"uv": [211, 45], "uv_size": [-45, -45]}
							}
						}
					]
				},
				{
					"name": "crosshair_illuminated",
					"parent": "division",
					"pivot": [0, -2.43912, 7.43766],
					"cubes": [
						{
							"origin": [-0.79891, 0.83681, -71.83103],
							"size": [1.59782, 1.59782, 3.9263],
							"inflate": -0.275,
							"pivot": [0, 1.63572, -69.86788],
							"rotation": [0, 0, -45],
							"uv": {
								"north": {"uv": [80.5, 156], "uv_size": [5, 5]},
								"east": {"uv": [80.5, 156], "uv_size": [5, 5]},
								"south": {"uv": [102.5, 156], "uv_size": [5, 5]},
								"west": {"uv": [80.5, 156], "uv_size": [5, 5]},
								"up": {"uv": [85.5, 161], "uv_size": [-5, -5]},
								"down": {"uv": [85.5, 161], "uv_size": [-5, -5]}
							}
						}
					]
				},
				{
					"name": "scope_view",
					"pivot": [0, 0.675, -0.55]
				}
			]
		}
	]
}