{
	"format_version": "1.8.0",
	"animations": {
		"extra1": {
			"loop": "hold_on_last_frame",
			"bones": {
				"RightEyelidBase": {
					"scale": 0
				},
				"LeftEyelidBase": {
					"scale": 0
				},
				"LeftArm": {
					"rotation": [0, 0, -10]
				},
				"LeftForeArm": {
					"rotation": [-124.65485, 17.03631, -12.12173]
				},
				"LeftHand": {
					"rotation": [15, 0, 0]
				},
				"RightArm": {
					"rotation": [0, 0, 5]
				},
				"RightForeArm": {
					"rotation": [-130.68672, -22.91934, 15.62633]
				},
				"RightHand": {
					"rotation": [7.5, 0, 0]
				},
				"bone21": {
					"position": [0, 81.2, -5.4]
				},
				"bone15": {
					"rotation": [125.31878, -207.46435, 40.53824],
					"position": [2.1, -1, 2.6]
				},
				"bone17": {
					"rotation": [-237.93465, 372.20899, -46.36124],
					"position": [-1.3, -0.95, -0.85]
				},
				"bone18": {
					"scale": 0
				},
				"bone20": {
					"scale": 0
				},
				"bone22": {
					"position": [0, 0, -1.025]
				},
				"bone23": {
					"rotation": [0, 0, 12.5],
					"position": [0.8, 0, 0]
				},
				"bone38": {
					"position": [0, 0, -0.8],
					"scale": [1, 1.025, 1]
				},
				"bone39": {
					"scale": 0
				}
			}
		}
	},
	"geckolib_format_version": 2
}