{
	"format_version": "1.12.0",
	"minecraft:geometry": [
		{
			"description": {
				"identifier": "geometry.unknown",
				"texture_width": 256,
				"texture_height": 256,
				"visible_bounds_width": 19,
				"visible_bounds_height": 17,
				"visible_bounds_offset": [0, 0.5, 0]
			},
			"bones": [
				{
					"name": "Arm",
					"pivot": [-0.32288, 31.225, 1.05]
				},
				{
					"name": "LeftArm",
					"parent": "Arm",
					"pivot": [1.99788, 31.025, 1.05],
					"cubes": [
						{"origin": [0.49788, 25.175, -0.45], "size": [2.75, 7.2, 3], "uv": [52, 48]}
					]
				},
				{
					"name": "LeftArm_Default",
					"parent": "LeftArm",
					"pivot": [1.87288, 28.775, 1.05],
					"cubes": [
						{
							"origin": [0.47038, 25.103, -0.48],
							"size": [2.805, 7.344, 3.06],
							"uv": {
								"north": {"uv": [20, 53], "uv_size": [3, 7]},
								"east": {"uv": [54, 27], "uv_size": [3, 7]},
								"south": {"uv": [62, 58], "uv_size": [3, 7]},
								"west": {"uv": [6, 65], "uv_size": [3, 7]},
								"up": {"uv": [66, 14], "uv_size": [3, 3]},
								"down": {"uv": [67, 35], "uv_size": [3, -3]}
							}
						}
					]
				},
				{
					"name": "LeftArm_Default_Coat",
					"parent": "LeftArm_Default",
					"pivot": [1.87288, 28.775, 1.05],
					"cubes": [
						{
							"origin": [0.44233, 25.02956, -0.5106],
							"size": [2.8611, 2.89088, 3.1212],
							"uv": {
								"north": {"uv": [68, 71], "uv_size": [3, 3]},
								"east": {"uv": [74, 5], "uv_size": [3, 3]},
								"south": {"uv": [13, 77], "uv_size": [3, 3]},
								"west": {"uv": [49, 79], "uv_size": [3, 3]},
								"up": {"uv": [26, 80], "uv_size": [3, 3]},
								"down": {"uv": [29, 83], "uv_size": [3, -3]}
							}
						}
					]
				},
				{
					"name": "UpBody_Down_Default_Coat_Left",
					"parent": "LeftArm_Default_Coat",
					"pivot": [-0.92777, 28.48112, -0.63277],
					"rotation": [-8.9836, 0.31344, 14.99184],
					"cubes": [
						{
							"origin": [0.23918, 28.14368, -1.35046],
							"size": [3.62834, 2.0033, 4.97637],
							"inflate": -0.005,
							"pivot": [2.05335, 29.09533, 0.88772],
							"rotation": [12, 0, -24],
							"uv": {
								"north": {"uv": [14, 49], "uv_size": [4, 2]},
								"east": {"uv": [54, 4], "uv_size": [5, 2]},
								"south": {"uv": [58, 46], "uv_size": [4, 2]},
								"west": {"uv": [57, 32], "uv_size": [5, 2]},
								"up": {"uv": [0, 53], "uv_size": [4, 5]},
								"down": {"uv": [4, 58], "uv_size": [4, -5]}
							}
						},
						{
							"origin": [1.35414, 29.09299, -1.52865],
							"size": [0.92225, 0.119, 0.1],
							"pivot": [1.62189, 29.21199, -1.47865],
							"rotation": [3.2029, -12.8671, 76.4458],
							"uv": {
								"north": {"uv": [75, 43], "uv_size": [1, 1]},
								"east": {"uv": [75, 44], "uv_size": [1, 1]},
								"south": {"uv": [75, 45], "uv_size": [1, 1]},
								"west": {"uv": [75, 46], "uv_size": [1, 1]},
								"up": {"uv": [75, 58], "uv_size": [1, 1]},
								"down": {"uv": [70, 76], "uv_size": [1, -1]}
							}
						},
						{
							"origin": [2.33092, 28.49977, -1.41854],
							"size": [0.62475, 0.119, 0.1],
							"pivot": [2.31605, 28.73777, -1.36854],
							"rotation": [-10.9532, -7.5075, 146.5279],
							"uv": {
								"north": {"uv": [27, 76], "uv_size": [1, 1]},
								"east": {"uv": [76, 58], "uv_size": [1, 1]},
								"south": {"uv": [70, 76], "uv_size": [1, 1]},
								"west": {"uv": [77, 5], "uv_size": [1, 1]},
								"up": {"uv": [77, 6], "uv_size": [1, 1]},
								"down": {"uv": [77, 8], "uv_size": [1, -1]}
							}
						},
						{
							"origin": [1.35414, 29.15249, -1.52865],
							"size": [0.92225, 0.119, 0.1],
							"pivot": [1.62189, 29.21199, -1.47865],
							"rotation": [10.9841, -7.4621, 34.3386],
							"uv": {
								"north": {"uv": [77, 16], "uv_size": [1, 1]},
								"east": {"uv": [27, 77], "uv_size": [1, 1]},
								"south": {"uv": [31, 77], "uv_size": [1, 1]},
								"west": {"uv": [77, 41], "uv_size": [1, 1]},
								"up": {"uv": [77, 58], "uv_size": [1, 1]},
								"down": {"uv": [70, 78], "uv_size": [1, -1]}
							}
						},
						{
							"origin": [1.33694, 29.35193, -1.65118],
							"size": [0.2737, 0.38318, 0.138],
							"pivot": [1.47379, 29.653, -1.58218],
							"rotation": [13.0955, -2.0565, 9.321],
							"uv": {
								"north": {"uv": [78, 5], "uv_size": [1, 1]},
								"east": {"uv": [78, 6], "uv_size": [1, 1]},
								"south": {"uv": [78, 7], "uv_size": [1, 1]},
								"west": {"uv": [78, 8], "uv_size": [1, 1]},
								"up": {"uv": [78, 9], "uv_size": [1, 1]},
								"down": {"uv": [78, 11], "uv_size": [1, -1]}
							}
						},
						{
							"origin": [1.38028, 29.47843, -1.62312],
							"size": [0.2737, 0.16422, 0.138],
							"pivot": [1.5445, 29.53317, -1.55412],
							"rotation": [2.5719, -13.0056, 79.2638],
							"uv": {
								"north": {"uv": [78, 11], "uv_size": [1, 1]},
								"east": {"uv": [78, 16], "uv_size": [1, 1]},
								"south": {"uv": [20, 78], "uv_size": [1, 1]},
								"west": {"uv": [21, 78], "uv_size": [1, 1]},
								"up": {"uv": [26, 78], "uv_size": [1, 1]},
								"down": {"uv": [27, 79], "uv_size": [1, -1]}
							}
						},
						{
							"origin": [0.81134, 29.77872, -1.70012],
							"size": [0.52003, 0.16422, 0.138],
							"pivot": [1.46822, 29.86083, -1.63112],
							"rotation": [3.4896, 12.7935, -74.0516],
							"uv": {
								"north": {"uv": [31, 78], "uv_size": [1, 1]},
								"east": {"uv": [78, 41], "uv_size": [1, 1]},
								"south": {"uv": [78, 42], "uv_size": [1, 1]},
								"west": {"uv": [45, 78], "uv_size": [1, 1]},
								"up": {"uv": [46, 78], "uv_size": [1, 1]},
								"down": {"uv": [66, 79], "uv_size": [1, -1]}
							}
						},
						{
							"origin": [1.49718, 29.15598, -1.55383],
							"size": [0.5474, 0.16422, 0.138],
							"pivot": [1.63403, 29.23809, -1.48483],
							"rotation": [-13.0955, 2.0565, -170.679],
							"uv": {
								"north": {"uv": [79, 16], "uv_size": [1, 1]},
								"east": {"uv": [79, 17], "uv_size": [1, 1]},
								"south": {"uv": [79, 18], "uv_size": [1, 1]},
								"west": {"uv": [79, 19], "uv_size": [1, 1]},
								"up": {"uv": [79, 20], "uv_size": [1, 1]},
								"down": {"uv": [26, 80], "uv_size": [1, -1]}
							}
						},
						{
							"origin": [1.57608, 28.93109, -1.5655],
							"size": [0.2737, 0.43792, 0.138],
							"pivot": [1.71293, 29.2869, -1.4965],
							"rotation": [-3.4896, -12.7935, 105.9484],
							"uv": {
								"north": {"uv": [27, 79], "uv_size": [1, 1]},
								"east": {"uv": [31, 79], "uv_size": [1, 1]},
								"south": {"uv": [42, 79], "uv_size": [1, 1]},
								"west": {"uv": [79, 76], "uv_size": [1, 1]},
								"up": {"uv": [79, 77], "uv_size": [1, 1]},
								"down": {"uv": [13, 81], "uv_size": [1, -1]}
							}
						},
						{
							"origin": [1.52197, 29.34533, -1.59197],
							"size": [0.2737, 0.16422, 0.138],
							"pivot": [1.63145, 29.40007, -1.52297],
							"rotation": [10.9194, -7.557, 34.8337],
							"uv": {
								"north": {"uv": [80, 22], "uv_size": [1, 1]},
								"east": {"uv": [42, 80], "uv_size": [1, 1]},
								"south": {"uv": [80, 55], "uv_size": [1, 1]},
								"west": {"uv": [80, 56], "uv_size": [1, 1]},
								"up": {"uv": [80, 76], "uv_size": [1, 1]},
								"down": {"uv": [80, 78], "uv_size": [1, -1]}
							}
						}
					]
				},
				{
					"name": "LeftForeArm",
					"parent": "LeftArm",
					"pivot": [1.80113, 25.51239, 1.1],
					"cubes": [
						{"origin": [0.55892, 19.7, -0.42476], "size": [2.7, 6, 3], "uv": [61, 5]}
					]
				},
				{
					"name": "cute_lefthand",
					"parent": "LeftForeArm",
					"pivot": [2.25892, 18.2, 1.10024],
					"cubes": [
						{
							"origin": [0.55892, 16.9, -0.39976],
							"size": [2.7, 2.8, 3],
							"uv": {
								"north": {"uv": [0, 81], "uv_size": [3, 3]},
								"east": {"uv": [3, 81], "uv_size": [3, 3]},
								"south": {"uv": [6, 81], "uv_size": [3, 3]},
								"west": {"uv": [9, 81], "uv_size": [3, 3]},
								"up": {"uv": [32, 81], "uv_size": [3, 3]},
								"down": {"uv": [81, 52], "uv_size": [3, -3]}
							}
						}
					]
				},
				{
					"name": "LeftHand",
					"parent": "LeftForeArm",
					"pivot": [2.25892, 18.2, 1.10024],
					"cubes": [
						{"origin": [0.85892, 17.7, 0.60024], "size": [1, 1, 1], "uv": [26, 45]}
					]
				},
				{
					"name": "LeftHandLocator",
					"parent": "LeftHand",
					"pivot": [2.25892, 18.2, 1.10024]
				},
				{
					"name": "BladeLocator2",
					"parent": "LeftHand",
					"pivot": [2.25892, 18.2, 1.10024]
				},
				{
					"name": "LeftForeArm_Default",
					"parent": "LeftForeArm",
					"pivot": [1.90892, 22.7, 1.07524],
					"cubes": [
						{
							"origin": [0.53192, 20.34, -0.45476],
							"size": [2.754, 5.42, 3.06],
							"uv": {
								"north": {"uv": [40, 53], "uv_size": [3, 5]},
								"east": {"uv": [43, 53], "uv_size": [3, 5]},
								"south": {"uv": [46, 53], "uv_size": [3, 5]},
								"west": {"uv": [49, 53], "uv_size": [3, 5]},
								"up": {"uv": [81, 52], "uv_size": [3, 3]},
								"down": {"uv": [55, 84], "uv_size": [3, -3]}
							}
						}
					]
				},
				{
					"name": "LeftForeArm_Default_Coat",
					"parent": "LeftForeArm_Default",
					"pivot": [1.90892, 22.7, 1.07524],
					"cubes": [
						{
							"origin": [2.81346, 19.4678, -0.58536],
							"size": [0.6, 1.025, 0.6],
							"pivot": [3.11346, 19.9803, -0.28536],
							"rotation": [0, 3, 0],
							"uv": {
								"north": {"uv": [85, 69], "uv_size": [1, 1]},
								"east": {"uv": [85, 70], "uv_size": [1, 1]},
								"south": {"uv": [85, 71], "uv_size": [1, 1]},
								"west": {"uv": [85, 72], "uv_size": [1, 1]},
								"up": {"uv": [73, 85], "uv_size": [1, 1]},
								"down": {"uv": [85, 74], "uv_size": [1, -1]}
							}
						},
						{
							"origin": [2.21346, 19.4678, -0.58536],
							"size": [0.6, 1.025, 0.6],
							"pivot": [2.51346, 19.9803, -0.28536],
							"rotation": [0, 3, 0],
							"uv": {
								"north": {"uv": [74, 85], "uv_size": [1, 1]},
								"east": {"uv": [85, 74], "uv_size": [1, 1]},
								"south": {"uv": [75, 85], "uv_size": [1, 1]},
								"west": {"uv": [85, 75], "uv_size": [1, 1]},
								"up": {"uv": [76, 85], "uv_size": [1, 1]},
								"down": {"uv": [85, 77], "uv_size": [1, -1]}
							}
						},
						{
							"origin": [1.61346, 19.4678, -0.58536],
							"size": [0.6, 1.025, 0.6],
							"pivot": [1.91346, 19.9803, -0.28536],
							"rotation": [0, 3, 0],
							"uv": {
								"north": {"uv": [77, 85], "uv_size": [1, 1]},
								"east": {"uv": [85, 77], "uv_size": [1, 1]},
								"south": {"uv": [78, 85], "uv_size": [1, 1]},
								"west": {"uv": [83, 85], "uv_size": [1, 1]},
								"up": {"uv": [84, 85], "uv_size": [1, 1]},
								"down": {"uv": [85, 85], "uv_size": [1, -1]}
							}
						},
						{
							"origin": [1.01346, 19.4678, -0.58536],
							"size": [0.6, 1.025, 0.6],
							"pivot": [1.31346, 19.9803, -0.28536],
							"rotation": [0, 3, 0],
							"uv": {
								"north": {"uv": [85, 85], "uv_size": [1, 1]},
								"east": {"uv": [86, 6], "uv_size": [1, 1]},
								"south": {"uv": [86, 7], "uv_size": [1, 1]},
								"west": {"uv": [86, 8], "uv_size": [1, 1]},
								"up": {"uv": [9, 86], "uv_size": [1, 1]},
								"down": {"uv": [86, 10], "uv_size": [1, -1]}
							}
						},
						{
							"origin": [0.40438, 19.4678, -0.58536],
							"size": [0.60908, 1.025, 0.6],
							"pivot": [0.70892, 19.9803, -0.28536],
							"rotation": [0, 3, 0],
							"uv": {
								"north": {"uv": [10, 86], "uv_size": [1, 1]},
								"east": {"uv": [86, 10], "uv_size": [1, 1]},
								"south": {"uv": [11, 86], "uv_size": [1, 1]},
								"west": {"uv": [86, 11], "uv_size": [1, 1]},
								"up": {"uv": [12, 86], "uv_size": [1, 1]},
								"down": {"uv": [86, 13], "uv_size": [1, -1]}
							}
						},
						{
							"origin": [2.81346, 19.4678, 0.01464],
							"size": [0.6, 1.025, 0.5],
							"pivot": [3.11346, 19.9803, 0.26464],
							"rotation": [0, 3, 0],
							"uv": {
								"north": {"uv": [13, 86], "uv_size": [1, 1]},
								"east": {"uv": [86, 13], "uv_size": [1, 1]},
								"south": {"uv": [14, 86], "uv_size": [1, 1]},
								"west": {"uv": [86, 14], "uv_size": [1, 1]},
								"up": {"uv": [15, 86], "uv_size": [1, 1]},
								"down": {"uv": [86, 16], "uv_size": [1, -1]}
							}
						},
						{
							"origin": [0.40438, 19.4678, 0.01464],
							"size": [0.60908, 1.025, 0.5],
							"pivot": [0.70892, 19.9803, 0.26464],
							"rotation": [0, 3, 0],
							"uv": {
								"north": {"uv": [16, 86], "uv_size": [1, 1]},
								"east": {"uv": [86, 16], "uv_size": [1, 1]},
								"south": {"uv": [17, 86], "uv_size": [1, 1]},
								"west": {"uv": [86, 17], "uv_size": [1, 1]},
								"up": {"uv": [18, 86], "uv_size": [1, 1]},
								"down": {"uv": [86, 19], "uv_size": [1, -1]}
							}
						},
						{
							"origin": [0.40438, 19.4678, 0.51464],
							"size": [0.60908, 1.025, 0.5],
							"pivot": [0.70892, 19.9803, 0.76464],
							"rotation": [0, 3, 0],
							"uv": {
								"north": {"uv": [19, 86], "uv_size": [1, 1]},
								"east": {"uv": [86, 19], "uv_size": [1, 1]},
								"south": {"uv": [20, 86], "uv_size": [1, 1]},
								"west": {"uv": [21, 86], "uv_size": [1, 1]},
								"up": {"uv": [22, 86], "uv_size": [1, 1]},
								"down": {"uv": [23, 87], "uv_size": [1, -1]}
							}
						},
						{
							"origin": [0.40438, 19.4678, 1.01464],
							"size": [0.60908, 1.025, 0.6],
							"pivot": [0.70892, 19.9803, 1.31464],
							"rotation": [0, 3, 0],
							"uv": {
								"north": {"uv": [24, 86], "uv_size": [1, 1]},
								"east": {"uv": [25, 86], "uv_size": [1, 1]},
								"south": {"uv": [26, 86], "uv_size": [1, 1]},
								"west": {"uv": [27, 86], "uv_size": [1, 1]},
								"up": {"uv": [28, 86], "uv_size": [1, 1]},
								"down": {"uv": [29, 87], "uv_size": [1, -1]}
							}
						},
						{
							"origin": [0.40438, 19.4678, 1.61464],
							"size": [0.60908, 1.025, 0.5],
							"pivot": [0.70892, 19.9803, 1.86464],
							"rotation": [0, 3, 0],
							"uv": {
								"north": {"uv": [30, 86], "uv_size": [1, 1]},
								"east": {"uv": [31, 86], "uv_size": [1, 1]},
								"south": {"uv": [86, 31], "uv_size": [1, 1]},
								"west": {"uv": [32, 86], "uv_size": [1, 1]},
								"up": {"uv": [33, 86], "uv_size": [1, 1]},
								"down": {"uv": [34, 87], "uv_size": [1, -1]}
							}
						},
						{
							"origin": [2.81346, 19.4678, 2.11464],
							"size": [0.6, 1.025, 0.6212],
							"pivot": [3.11346, 19.9803, 2.42524],
							"rotation": [0, 3, 0],
							"uv": {
								"north": {"uv": [43, 86], "uv_size": [1, 1]},
								"east": {"uv": [44, 86], "uv_size": [1, 1]},
								"south": {"uv": [45, 86], "uv_size": [1, 1]},
								"west": {"uv": [46, 86], "uv_size": [1, 1]},
								"up": {"uv": [47, 86], "uv_size": [1, 1]},
								"down": {"uv": [48, 87], "uv_size": [1, -1]}
							}
						},
						{
							"origin": [2.11346, 19.4678, 2.11464],
							"size": [0.7, 1.025, 0.6212],
							"pivot": [2.46346, 19.9803, 2.42524],
							"rotation": [0, 3, 0],
							"uv": {
								"north": {"uv": [86, 49], "uv_size": [1, 1]},
								"east": {"uv": [86, 50], "uv_size": [1, 1]},
								"south": {"uv": [86, 51], "uv_size": [1, 1]},
								"west": {"uv": [86, 52], "uv_size": [1, 1]},
								"up": {"uv": [86, 53], "uv_size": [1, 1]},
								"down": {"uv": [86, 55], "uv_size": [1, -1]}
							}
						},
						{
							"origin": [1.51346, 19.4678, 2.11464],
							"size": [0.6, 1.025, 0.6212],
							"pivot": [1.81346, 19.9803, 2.42524],
							"rotation": [0, 3, 0],
							"uv": {
								"north": {"uv": [55, 86], "uv_size": [1, 1]},
								"east": {"uv": [86, 55], "uv_size": [1, 1]},
								"south": {"uv": [56, 86], "uv_size": [1, 1]},
								"west": {"uv": [86, 56], "uv_size": [1, 1]},
								"up": {"uv": [57, 86], "uv_size": [1, 1]},
								"down": {"uv": [86, 58], "uv_size": [1, -1]}
							}
						},
						{
							"origin": [1.01346, 19.4678, 2.11464],
							"size": [0.5, 1.025, 0.6212],
							"pivot": [1.26346, 19.9803, 2.42524],
							"rotation": [0, 3, 0],
							"uv": {
								"north": {"uv": [58, 86], "uv_size": [1, 1]},
								"east": {"uv": [86, 58], "uv_size": [1, 1]},
								"south": {"uv": [59, 86], "uv_size": [1, 1]},
								"west": {"uv": [86, 59], "uv_size": [1, 1]},
								"up": {"uv": [60, 86], "uv_size": [1, 1]},
								"down": {"uv": [61, 87], "uv_size": [1, -1]}
							}
						},
						{
							"origin": [0.40438, 19.4678, 2.11464],
							"size": [0.60908, 1.025, 0.6212],
							"pivot": [0.70892, 19.9803, 2.42524],
							"rotation": [0, 3, 0],
							"uv": {
								"north": {"uv": [62, 86], "uv_size": [1, 1]},
								"east": {"uv": [63, 86], "uv_size": [1, 1]},
								"south": {"uv": [64, 86], "uv_size": [1, 1]},
								"west": {"uv": [65, 86], "uv_size": [1, 1]},
								"up": {"uv": [66, 86], "uv_size": [1, 1]},
								"down": {"uv": [86, 67], "uv_size": [1, -1]}
							}
						},
						{
							"origin": [0.50438, 20.4928, -0.48536],
							"size": [2.80908, 5.3284, 3.1212],
							"uv": {
								"north": {"uv": [56, 12], "uv_size": [3, 5]},
								"east": {"uv": [59, 0], "uv_size": [3, 5]},
								"south": {"uv": [62, 46], "uv_size": [3, 5]},
								"west": {"uv": [66, 0], "uv_size": [3, 5]},
								"up": {"uv": [58, 81], "uv_size": [3, 3]},
								"down": {"uv": [61, 84], "uv_size": [3, -3]}
							}
						},
						{
							"origin": [0.50438, 20.40071, 1.23776],
							"size": [2.80908, 1.182, 1.6212],
							"pivot": [1.90892, 21.56491, 2.89836],
							"rotation": [-10.25, 0, 0],
							"uv": {
								"north": {"uv": [30, 42], "uv_size": [3, 1]},
								"east": {"uv": [56, 10], "uv_size": [2, 1]},
								"south": {"uv": [23, 46], "uv_size": [3, 1]},
								"west": {"uv": [6, 60], "uv_size": [2, 1]},
								"up": {"uv": [56, 40], "uv_size": [3, 2]},
								"down": {"uv": [28, 60], "uv_size": [3, -2]}
							}
						},
						{
							"origin": [0.50438, 21.57692, 1.01664],
							"size": [2.80908, 4.2464, 1.6212],
							"pivot": [1.90892, 25.78412, 2.67724],
							"rotation": [3, 0, 0],
							"uv": {
								"north": {"uv": [67, 54], "uv_size": [3, 4]},
								"east": {"uv": [21, 43], "uv_size": [2, 4]},
								"south": {"uv": [72, 48], "uv_size": [3, 4]},
								"west": {"uv": [8, 60], "uv_size": [2, 4]},
								"up": {"uv": [32, 58], "uv_size": [3, 2]},
								"down": {"uv": [52, 65], "uv_size": [3, -2]}
							}
						},
						{
							"origin": [0.50438, 21.5748, -0.48536],
							"size": [2.80908, 4.2464, 1.6212],
							"pivot": [1.90892, 25.782, -0.52476],
							"rotation": [-3, 0, 0],
							"uv": {
								"north": {"uv": [74, 12], "uv_size": [3, 4]},
								"east": {"uv": [70, 54], "uv_size": [2, 4]},
								"south": {"uv": [74, 38], "uv_size": [3, 4]},
								"west": {"uv": [16, 77], "uv_size": [2, 4]},
								"up": {"uv": [55, 63], "uv_size": [3, 2]},
								"down": {"uv": [58, 65], "uv_size": [3, -2]}
							}
						},
						{
							"origin": [0.50438, 20.39859, -0.70648],
							"size": [2.80908, 1.182, 1.6212],
							"pivot": [1.90892, 21.56279, -0.74588],
							"rotation": [10.25, 0, 0],
							"uv": {
								"north": {"uv": [0, 52], "uv_size": [3, 1]},
								"east": {"uv": [35, 62], "uv_size": [2, 1]},
								"south": {"uv": [15, 52], "uv_size": [3, 1]},
								"west": {"uv": [18, 63], "uv_size": [2, 1]},
								"up": {"uv": [46, 64], "uv_size": [3, 2]},
								"down": {"uv": [49, 66], "uv_size": [3, -2]}
							}
						},
						{
							"origin": [2.70438, 21.5928, -0.48536],
							"size": [0.60908, 4.2284, 3.1212],
							"pivot": [3.33392, 25.832, 1.07524],
							"rotation": [0, 0, -2.5],
							"uv": {
								"north": {"uv": [27, 53], "uv_size": [1, 4]},
								"east": {"uv": [75, 47], "uv_size": [3, 4]},
								"south": {"uv": [56, 35], "uv_size": [1, 4]},
								"west": {"uv": [75, 51], "uv_size": [3, 4]},
								"up": {"uv": [34, 47], "uv_size": [1, 3]},
								"down": {"uv": [41, 50], "uv_size": [1, -3]}
							}
						},
						{
							"origin": [2.88654, 20.43452, -0.48536],
							"size": [0.60908, 1.19256, 3.1212],
							"pivot": [3.55986, 21.66084, 1.07524],
							"rotation": [0, 0, 5.25],
							"uv": {
								"north": {"uv": [67, 86], "uv_size": [1, 1]},
								"east": {"uv": [0, 60], "uv_size": [3, 1]},
								"south": {"uv": [86, 67], "uv_size": [1, 1]},
								"west": {"uv": [61, 16], "uv_size": [3, 1]},
								"up": {"uv": [49, 29], "uv_size": [1, 3]},
								"down": {"uv": [51, 48], "uv_size": [1, -3]}
							}
						},
						{
							"origin": [2.81346, 19.4678, 0.51464],
							"size": [0.6, 1.025, 0.5],
							"pivot": [3.11346, 19.9803, 0.76464],
							"rotation": [0, 3, 0],
							"uv": {
								"north": {"uv": [68, 86], "uv_size": [1, 1]},
								"east": {"uv": [86, 68], "uv_size": [1, 1]},
								"south": {"uv": [69, 86], "uv_size": [1, 1]},
								"west": {"uv": [86, 69], "uv_size": [1, 1]},
								"up": {"uv": [70, 86], "uv_size": [1, 1]},
								"down": {"uv": [86, 71], "uv_size": [1, -1]}
							}
						},
						{
							"origin": [2.81346, 19.4678, 1.01464],
							"size": [0.6, 1.025, 0.5],
							"pivot": [3.11346, 19.9803, 1.26464],
							"rotation": [0, 3, 0],
							"uv": {
								"north": {"uv": [71, 86], "uv_size": [1, 1]},
								"east": {"uv": [86, 71], "uv_size": [1, 1]},
								"south": {"uv": [72, 86], "uv_size": [1, 1]},
								"west": {"uv": [86, 72], "uv_size": [1, 1]},
								"up": {"uv": [73, 86], "uv_size": [1, 1]},
								"down": {"uv": [86, 74], "uv_size": [1, -1]}
							}
						},
						{
							"origin": [2.81346, 19.4678, 1.51464],
							"size": [0.6, 1.025, 0.6],
							"pivot": [3.11346, 19.9803, 1.81464],
							"rotation": [0, 3, 0],
							"uv": {
								"north": {"uv": [74, 86], "uv_size": [1, 1]},
								"east": {"uv": [86, 74], "uv_size": [1, 1]},
								"south": {"uv": [75, 86], "uv_size": [1, 1]},
								"west": {"uv": [86, 75], "uv_size": [1, 1]},
								"up": {"uv": [76, 86], "uv_size": [1, 1]},
								"down": {"uv": [86, 77], "uv_size": [1, -1]}
							}
						},
						{
							"origin": [0.63438, 22.024, -0.48536],
							"size": [0.60908, 4.2284, 3.1212],
							"pivot": [-9.31147, 29.01576, 1.07524],
							"rotation": [0, 0, 2.5],
							"uv": {
								"north": {"uv": [59, 17], "uv_size": [1, 4]},
								"east": {"uv": [10, 77], "uv_size": [3, 4]},
								"south": {"uv": [60, 5], "uv_size": [1, 4]},
								"west": {"uv": [77, 12], "uv_size": [3, 4]},
								"up": {"uv": [0, 62], "uv_size": [1, 3]},
								"down": {"uv": [67, 25], "uv_size": [1, -3]}
							}
						},
						{
							"origin": [-0.00962, 19.55242, -0.48536],
							"size": [0.60908, 1.19256, 3.1212],
							"pivot": [-9.53741, 24.8446, 1.07524],
							"rotation": [0, 0, -5.25],
							"uv": {
								"north": {"uv": [77, 86], "uv_size": [1, 1]},
								"east": {"uv": [62, 34], "uv_size": [3, 1]},
								"south": {"uv": [86, 77], "uv_size": [1, 1]},
								"west": {"uv": [62, 51], "uv_size": [3, 1]},
								"up": {"uv": [68, 21], "uv_size": [1, 3]},
								"down": {"uv": [68, 65], "uv_size": [1, -3]}
							}
						}
					]
				},
				{
					"name": "RightArm",
					"parent": "Arm",
					"pivot": [-1.99788, 31.025, 1.05],
					"cubes": [
						{"origin": [-3.24788, 25.175, -0.45], "size": [2.75, 7.2, 3], "uv": [52, 48], "mirror": true}
					]
				},
				{
					"name": "RightArm_Default",
					"parent": "RightArm",
					"pivot": [-1.87288, 28.775, 1.05],
					"cubes": [
						{
							"origin": [-3.27538, 25.103, -0.48],
							"size": [2.805, 7.344, 3.06],
							"uv": {
								"north": {"uv": [23, 53], "uv_size": [-3, 7]},
								"east": {"uv": [9, 65], "uv_size": [-3, 7]},
								"south": {"uv": [65, 58], "uv_size": [-3, 7]},
								"west": {"uv": [57, 27], "uv_size": [-3, 7]},
								"up": {"uv": [69, 14], "uv_size": [-3, 3]},
								"down": {"uv": [70, 35], "uv_size": [-3, -3]}
							}
						}
					]
				},
				{
					"name": "RightArm_Default_Coat",
					"parent": "RightArm_Default",
					"pivot": [-1.87288, 28.775, 1.05],
					"cubes": [
						{
							"origin": [-3.30343, 25.02956, -0.5106],
							"size": [2.8611, 2.89088, 3.1212],
							"uv": {
								"north": {"uv": [71, 71], "uv_size": [-3, 3]},
								"east": {"uv": [52, 79], "uv_size": [-3, 3]},
								"south": {"uv": [16, 77], "uv_size": [-3, 3]},
								"west": {"uv": [77, 5], "uv_size": [-3, 3]},
								"up": {"uv": [29, 80], "uv_size": [-3, 3]},
								"down": {"uv": [32, 83], "uv_size": [-3, -3]}
							}
						}
					]
				},
				{
					"name": "UpBody_Down_Default_Coat_Right",
					"parent": "RightArm_Default_Coat",
					"pivot": [0.92777, 28.48112, -0.63277],
					"rotation": [-8.9836, -0.31344, -14.99184],
					"cubes": [
						{
							"origin": [-3.86752, 28.14368, -1.35046],
							"size": [3.62834, 2.0033, 4.97637],
							"inflate": -0.005,
							"pivot": [-2.05335, 29.09533, 0.88772],
							"rotation": [12, 0, 24],
							"uv": {
								"north": {"uv": [18, 49], "uv_size": [-4, 2]},
								"east": {"uv": [62, 32], "uv_size": [-5, 2]},
								"south": {"uv": [62, 46], "uv_size": [-4, 2]},
								"west": {"uv": [59, 4], "uv_size": [-5, 2]},
								"up": {"uv": [4, 53], "uv_size": [-4, 5]},
								"down": {"uv": [8, 58], "uv_size": [-4, -5]}
							}
						},
						{
							"origin": [-2.27639, 29.09299, -1.52865],
							"size": [0.92225, 0.119, 0.1],
							"pivot": [-1.62189, 29.21199, -1.47865],
							"rotation": [3.2029, 12.8671, -76.4458],
							"uv": {
								"north": {"uv": [76, 43], "uv_size": [-1, 1]},
								"east": {"uv": [76, 46], "uv_size": [-1, 1]},
								"south": {"uv": [76, 45], "uv_size": [-1, 1]},
								"west": {"uv": [76, 44], "uv_size": [-1, 1]},
								"up": {"uv": [76, 58], "uv_size": [-1, 1]},
								"down": {"uv": [71, 76], "uv_size": [-1, -1]}
							}
						},
						{
							"origin": [-2.95567, 28.49977, -1.41854],
							"size": [0.62475, 0.119, 0.1],
							"pivot": [-2.31605, 28.73777, -1.36854],
							"rotation": [-10.9532, 7.5075, -146.5279],
							"uv": {
								"north": {"uv": [28, 76], "uv_size": [-1, 1]},
								"east": {"uv": [78, 5], "uv_size": [-1, 1]},
								"south": {"uv": [71, 76], "uv_size": [-1, 1]},
								"west": {"uv": [77, 58], "uv_size": [-1, 1]},
								"up": {"uv": [78, 6], "uv_size": [-1, 1]},
								"down": {"uv": [78, 8], "uv_size": [-1, -1]}
							}
						},
						{
							"origin": [-2.27639, 29.15249, -1.52865],
							"size": [0.92225, 0.119, 0.1],
							"pivot": [-1.62189, 29.21199, -1.47865],
							"rotation": [10.9841, 7.4621, -34.3386],
							"uv": {
								"north": {"uv": [78, 16], "uv_size": [-1, 1]},
								"east": {"uv": [78, 41], "uv_size": [-1, 1]},
								"south": {"uv": [32, 77], "uv_size": [-1, 1]},
								"west": {"uv": [28, 77], "uv_size": [-1, 1]},
								"up": {"uv": [78, 58], "uv_size": [-1, 1]},
								"down": {"uv": [71, 78], "uv_size": [-1, -1]}
							}
						},
						{
							"origin": [-1.61064, 29.35193, -1.65118],
							"size": [0.2737, 0.38318, 0.138],
							"pivot": [-1.47379, 29.653, -1.58218],
							"rotation": [13.0955, 2.0565, -9.321],
							"uv": {
								"north": {"uv": [79, 5], "uv_size": [-1, 1]},
								"east": {"uv": [79, 8], "uv_size": [-1, 1]},
								"south": {"uv": [79, 7], "uv_size": [-1, 1]},
								"west": {"uv": [79, 6], "uv_size": [-1, 1]},
								"up": {"uv": [79, 9], "uv_size": [-1, 1]},
								"down": {"uv": [79, 11], "uv_size": [-1, -1]}
							}
						},
						{
							"origin": [-1.65398, 29.47843, -1.62312],
							"size": [0.2737, 0.16422, 0.138],
							"pivot": [-1.5445, 29.53317, -1.55412],
							"rotation": [2.5719, 13.0056, -79.2638],
							"uv": {
								"north": {"uv": [79, 11], "uv_size": [-1, 1]},
								"east": {"uv": [22, 78], "uv_size": [-1, 1]},
								"south": {"uv": [21, 78], "uv_size": [-1, 1]},
								"west": {"uv": [79, 16], "uv_size": [-1, 1]},
								"up": {"uv": [27, 78], "uv_size": [-1, 1]},
								"down": {"uv": [28, 79], "uv_size": [-1, -1]}
							}
						},
						{
							"origin": [-1.33137, 29.77872, -1.70012],
							"size": [0.52003, 0.16422, 0.138],
							"pivot": [-1.46822, 29.86083, -1.63112],
							"rotation": [3.4896, -12.7935, 74.0516],
							"uv": {
								"north": {"uv": [32, 78], "uv_size": [-1, 1]},
								"east": {"uv": [46, 78], "uv_size": [-1, 1]},
								"south": {"uv": [79, 42], "uv_size": [-1, 1]},
								"west": {"uv": [79, 41], "uv_size": [-1, 1]},
								"up": {"uv": [47, 78], "uv_size": [-1, 1]},
								"down": {"uv": [67, 79], "uv_size": [-1, -1]}
							}
						},
						{
							"origin": [-2.04458, 29.15598, -1.55383],
							"size": [0.5474, 0.16422, 0.138],
							"pivot": [-1.63403, 29.23809, -1.48483],
							"rotation": [-13.0955, -2.0565, 170.679],
							"uv": {
								"north": {"uv": [80, 16], "uv_size": [-1, 1]},
								"east": {"uv": [80, 19], "uv_size": [-1, 1]},
								"south": {"uv": [80, 18], "uv_size": [-1, 1]},
								"west": {"uv": [80, 17], "uv_size": [-1, 1]},
								"up": {"uv": [80, 20], "uv_size": [-1, 1]},
								"down": {"uv": [27, 80], "uv_size": [-1, -1]}
							}
						},
						{
							"origin": [-1.84978, 28.93109, -1.5655],
							"size": [0.2737, 0.43792, 0.138],
							"pivot": [-1.71293, 29.2869, -1.4965],
							"rotation": [-3.4896, 12.7935, -105.9484],
							"uv": {
								"north": {"uv": [28, 79], "uv_size": [-1, 1]},
								"east": {"uv": [80, 76], "uv_size": [-1, 1]},
								"south": {"uv": [43, 79], "uv_size": [-1, 1]},
								"west": {"uv": [32, 79], "uv_size": [-1, 1]},
								"up": {"uv": [80, 77], "uv_size": [-1, 1]},
								"down": {"uv": [14, 81], "uv_size": [-1, -1]}
							}
						},
						{
							"origin": [-1.79567, 29.34533, -1.59197],
							"size": [0.2737, 0.16422, 0.138],
							"pivot": [-1.63145, 29.40007, -1.52297],
							"rotation": [10.9194, 7.557, -34.8337],
							"uv": {
								"north": {"uv": [81, 22], "uv_size": [-1, 1]},
								"east": {"uv": [81, 56], "uv_size": [-1, 1]},
								"south": {"uv": [81, 55], "uv_size": [-1, 1]},
								"west": {"uv": [43, 80], "uv_size": [-1, 1]},
								"up": {"uv": [81, 76], "uv_size": [-1, 1]},
								"down": {"uv": [81, 78], "uv_size": [-1, -1]}
							}
						}
					]
				},
				{
					"name": "RightForeArm",
					"parent": "RightArm",
					"pivot": [-1.80113, 25.51239, 1.1],
					"cubes": [
						{"origin": [-3.25892, 19.7, -0.42476], "size": [2.7, 6, 3], "uv": [61, 5], "mirror": true}
					]
				},
				{
					"name": "cute_righthand",
					"parent": "RightForeArm",
					"pivot": [-2.25892, 18.2, 1.10024],
					"cubes": [
						{
							"origin": [-3.25892, 16.9, -0.39976],
							"size": [2.7, 2.8, 3],
							"uv": {
								"north": {"uv": [3, 81], "uv_size": [-3, 3]},
								"east": {"uv": [12, 81], "uv_size": [-3, 3]},
								"south": {"uv": [9, 81], "uv_size": [-3, 3]},
								"west": {"uv": [6, 81], "uv_size": [-3, 3]},
								"up": {"uv": [35, 81], "uv_size": [-3, 3]},
								"down": {"uv": [84, 52], "uv_size": [-3, -3]}
							}
						}
					]
				},
				{
					"name": "RightHand",
					"parent": "RightForeArm",
					"pivot": [-2.25892, 18.2, 1.10024],
					"cubes": [
						{"origin": [-1.85892, 17.7, 0.60024], "size": [1, 1, 1], "uv": [26, 45], "mirror": true}
					]
				},
				{
					"name": "RightHandLocator",
					"parent": "RightHand",
					"pivot": [-2.25892, 18.2, 1.10024]
				},
				{
					"name": "BladeLocator3",
					"parent": "RightHand",
					"pivot": [-2.25892, 18.2, 1.10024]
				},
				{
					"name": "RightForeArm_Default",
					"parent": "RightForeArm",
					"pivot": [-1.90892, 22.7, 1.07524],
					"cubes": [
						{
							"origin": [-3.28592, 20.34, -0.45476],
							"size": [2.754, 5.42, 3.06],
							"uv": {
								"north": {"uv": [43, 53], "uv_size": [-3, 5]},
								"east": {"uv": [52, 53], "uv_size": [-3, 5]},
								"south": {"uv": [49, 53], "uv_size": [-3, 5]},
								"west": {"uv": [46, 53], "uv_size": [-3, 5]},
								"up": {"uv": [84, 52], "uv_size": [-3, 3]},
								"down": {"uv": [58, 84], "uv_size": [-3, -3]}
							}
						}
					]
				},
				{
					"name": "RightForeArm_Default_Coat",
					"parent": "RightForeArm_Default",
					"pivot": [-1.90892, 22.7, 1.07524],
					"cubes": [
						{
							"origin": [-3.41346, 19.4678, -0.58536],
							"size": [0.6, 1.025, 0.6],
							"pivot": [-3.11346, 19.9803, -0.28536],
							"rotation": [0, -3, 0],
							"uv": {
								"north": {"uv": [86, 69], "uv_size": [-1, 1]},
								"east": {"uv": [86, 72], "uv_size": [-1, 1]},
								"south": {"uv": [86, 71], "uv_size": [-1, 1]},
								"west": {"uv": [86, 70], "uv_size": [-1, 1]},
								"up": {"uv": [74, 85], "uv_size": [-1, 1]},
								"down": {"uv": [86, 74], "uv_size": [-1, -1]}
							}
						},
						{
							"origin": [-2.81346, 19.4678, -0.58536],
							"size": [0.6, 1.025, 0.6],
							"pivot": [-2.51346, 19.9803, -0.28536],
							"rotation": [0, -3, 0],
							"uv": {
								"north": {"uv": [75, 85], "uv_size": [-1, 1]},
								"east": {"uv": [86, 75], "uv_size": [-1, 1]},
								"south": {"uv": [76, 85], "uv_size": [-1, 1]},
								"west": {"uv": [86, 74], "uv_size": [-1, 1]},
								"up": {"uv": [77, 85], "uv_size": [-1, 1]},
								"down": {"uv": [86, 77], "uv_size": [-1, -1]}
							}
						},
						{
							"origin": [-2.21346, 19.4678, -0.58536],
							"size": [0.6, 1.025, 0.6],
							"pivot": [-1.91346, 19.9803, -0.28536],
							"rotation": [0, -3, 0],
							"uv": {
								"north": {"uv": [78, 85], "uv_size": [-1, 1]},
								"east": {"uv": [84, 85], "uv_size": [-1, 1]},
								"south": {"uv": [79, 85], "uv_size": [-1, 1]},
								"west": {"uv": [86, 77], "uv_size": [-1, 1]},
								"up": {"uv": [85, 85], "uv_size": [-1, 1]},
								"down": {"uv": [86, 85], "uv_size": [-1, -1]}
							}
						},
						{
							"origin": [-1.61346, 19.4678, -0.58536],
							"size": [0.6, 1.025, 0.6],
							"pivot": [-1.31346, 19.9803, -0.28536],
							"rotation": [0, -3, 0],
							"uv": {
								"north": {"uv": [86, 85], "uv_size": [-1, 1]},
								"east": {"uv": [87, 8], "uv_size": [-1, 1]},
								"south": {"uv": [87, 7], "uv_size": [-1, 1]},
								"west": {"uv": [87, 6], "uv_size": [-1, 1]},
								"up": {"uv": [10, 86], "uv_size": [-1, 1]},
								"down": {"uv": [87, 10], "uv_size": [-1, -1]}
							}
						},
						{
							"origin": [-1.01346, 19.4678, -0.58536],
							"size": [0.60908, 1.025, 0.6],
							"pivot": [-0.70892, 19.9803, -0.28536],
							"rotation": [0, -3, 0],
							"uv": {
								"north": {"uv": [11, 86], "uv_size": [-1, 1]},
								"east": {"uv": [87, 11], "uv_size": [-1, 1]},
								"south": {"uv": [12, 86], "uv_size": [-1, 1]},
								"west": {"uv": [87, 10], "uv_size": [-1, 1]},
								"up": {"uv": [13, 86], "uv_size": [-1, 1]},
								"down": {"uv": [87, 13], "uv_size": [-1, -1]}
							}
						},
						{
							"origin": [-3.41346, 19.4678, 0.01464],
							"size": [0.6, 1.025, 0.5],
							"pivot": [-3.11346, 19.9803, 0.26464],
							"rotation": [0, -3, 0],
							"uv": {
								"north": {"uv": [14, 86], "uv_size": [-1, 1]},
								"east": {"uv": [87, 14], "uv_size": [-1, 1]},
								"south": {"uv": [15, 86], "uv_size": [-1, 1]},
								"west": {"uv": [87, 13], "uv_size": [-1, 1]},
								"up": {"uv": [16, 86], "uv_size": [-1, 1]},
								"down": {"uv": [87, 16], "uv_size": [-1, -1]}
							}
						},
						{
							"origin": [-1.01346, 19.4678, 0.01464],
							"size": [0.60908, 1.025, 0.5],
							"pivot": [-0.70892, 19.9803, 0.26464],
							"rotation": [0, -3, 0],
							"uv": {
								"north": {"uv": [17, 86], "uv_size": [-1, 1]},
								"east": {"uv": [87, 17], "uv_size": [-1, 1]},
								"south": {"uv": [18, 86], "uv_size": [-1, 1]},
								"west": {"uv": [87, 16], "uv_size": [-1, 1]},
								"up": {"uv": [19, 86], "uv_size": [-1, 1]},
								"down": {"uv": [87, 19], "uv_size": [-1, -1]}
							}
						},
						{
							"origin": [-1.01346, 19.4678, 0.51464],
							"size": [0.60908, 1.025, 0.5],
							"pivot": [-0.70892, 19.9803, 0.76464],
							"rotation": [0, -3, 0],
							"uv": {
								"north": {"uv": [20, 86], "uv_size": [-1, 1]},
								"east": {"uv": [22, 86], "uv_size": [-1, 1]},
								"south": {"uv": [21, 86], "uv_size": [-1, 1]},
								"west": {"uv": [87, 19], "uv_size": [-1, 1]},
								"up": {"uv": [23, 86], "uv_size": [-1, 1]},
								"down": {"uv": [24, 87], "uv_size": [-1, -1]}
							}
						},
						{
							"origin": [-1.01346, 19.4678, 1.01464],
							"size": [0.60908, 1.025, 0.6],
							"pivot": [-0.70892, 19.9803, 1.31464],
							"rotation": [0, -3, 0],
							"uv": {
								"north": {"uv": [25, 86], "uv_size": [-1, 1]},
								"east": {"uv": [28, 86], "uv_size": [-1, 1]},
								"south": {"uv": [27, 86], "uv_size": [-1, 1]},
								"west": {"uv": [26, 86], "uv_size": [-1, 1]},
								"up": {"uv": [29, 86], "uv_size": [-1, 1]},
								"down": {"uv": [30, 87], "uv_size": [-1, -1]}
							}
						},
						{
							"origin": [-1.01346, 19.4678, 1.61464],
							"size": [0.60908, 1.025, 0.5],
							"pivot": [-0.70892, 19.9803, 1.86464],
							"rotation": [0, -3, 0],
							"uv": {
								"north": {"uv": [31, 86], "uv_size": [-1, 1]},
								"east": {"uv": [33, 86], "uv_size": [-1, 1]},
								"south": {"uv": [87, 31], "uv_size": [-1, 1]},
								"west": {"uv": [32, 86], "uv_size": [-1, 1]},
								"up": {"uv": [34, 86], "uv_size": [-1, 1]},
								"down": {"uv": [35, 87], "uv_size": [-1, -1]}
							}
						},
						{
							"origin": [-3.41346, 19.4678, 2.11464],
							"size": [0.6, 1.025, 0.6212],
							"pivot": [-3.11346, 19.9803, 2.42524],
							"rotation": [0, -3, 0],
							"uv": {
								"north": {"uv": [44, 86], "uv_size": [-1, 1]},
								"east": {"uv": [47, 86], "uv_size": [-1, 1]},
								"south": {"uv": [46, 86], "uv_size": [-1, 1]},
								"west": {"uv": [45, 86], "uv_size": [-1, 1]},
								"up": {"uv": [48, 86], "uv_size": [-1, 1]},
								"down": {"uv": [49, 87], "uv_size": [-1, -1]}
							}
						},
						{
							"origin": [-2.81346, 19.4678, 2.11464],
							"size": [0.7, 1.025, 0.6212],
							"pivot": [-2.46346, 19.9803, 2.42524],
							"rotation": [0, -3, 0],
							"uv": {
								"north": {"uv": [87, 49], "uv_size": [-1, 1]},
								"east": {"uv": [87, 52], "uv_size": [-1, 1]},
								"south": {"uv": [87, 51], "uv_size": [-1, 1]},
								"west": {"uv": [87, 50], "uv_size": [-1, 1]},
								"up": {"uv": [87, 53], "uv_size": [-1, 1]},
								"down": {"uv": [87, 55], "uv_size": [-1, -1]}
							}
						},
						{
							"origin": [-2.11346, 19.4678, 2.11464],
							"size": [0.6, 1.025, 0.6212],
							"pivot": [-1.81346, 19.9803, 2.42524],
							"rotation": [0, -3, 0],
							"uv": {
								"north": {"uv": [56, 86], "uv_size": [-1, 1]},
								"east": {"uv": [87, 56], "uv_size": [-1, 1]},
								"south": {"uv": [57, 86], "uv_size": [-1, 1]},
								"west": {"uv": [87, 55], "uv_size": [-1, 1]},
								"up": {"uv": [58, 86], "uv_size": [-1, 1]},
								"down": {"uv": [87, 58], "uv_size": [-1, -1]}
							}
						},
						{
							"origin": [-1.51346, 19.4678, 2.11464],
							"size": [0.5, 1.025, 0.6212],
							"pivot": [-1.26346, 19.9803, 2.42524],
							"rotation": [0, -3, 0],
							"uv": {
								"north": {"uv": [59, 86], "uv_size": [-1, 1]},
								"east": {"uv": [87, 59], "uv_size": [-1, 1]},
								"south": {"uv": [60, 86], "uv_size": [-1, 1]},
								"west": {"uv": [87, 58], "uv_size": [-1, 1]},
								"up": {"uv": [61, 86], "uv_size": [-1, 1]},
								"down": {"uv": [62, 87], "uv_size": [-1, -1]}
							}
						},
						{
							"origin": [-1.01346, 19.4678, 2.11464],
							"size": [0.60908, 1.025, 0.6212],
							"pivot": [-0.70892, 19.9803, 2.42524],
							"rotation": [0, -3, 0],
							"uv": {
								"north": {"uv": [63, 86], "uv_size": [-1, 1]},
								"east": {"uv": [66, 86], "uv_size": [-1, 1]},
								"south": {"uv": [65, 86], "uv_size": [-1, 1]},
								"west": {"uv": [64, 86], "uv_size": [-1, 1]},
								"up": {"uv": [67, 86], "uv_size": [-1, 1]},
								"down": {"uv": [87, 67], "uv_size": [-1, -1]}
							}
						},
						{
							"origin": [-3.31346, 20.4928, -0.48536],
							"size": [2.80908, 5.3284, 3.1212],
							"uv": {
								"north": {"uv": [59, 12], "uv_size": [-3, 5]},
								"east": {"uv": [69, 0], "uv_size": [-3, 5]},
								"south": {"uv": [65, 46], "uv_size": [-3, 5]},
								"west": {"uv": [62, 0], "uv_size": [-3, 5]},
								"up": {"uv": [61, 81], "uv_size": [-3, 3]},
								"down": {"uv": [64, 84], "uv_size": [-3, -3]}
							}
						},
						{
							"origin": [-3.31346, 20.40071, 1.23776],
							"size": [2.80908, 1.182, 1.6212],
							"pivot": [-1.90892, 21.56491, 2.89836],
							"rotation": [-10.25, 0, 0],
							"uv": {
								"north": {"uv": [33, 42], "uv_size": [-3, 1]},
								"east": {"uv": [8, 60], "uv_size": [-2, 1]},
								"south": {"uv": [26, 46], "uv_size": [-3, 1]},
								"west": {"uv": [58, 10], "uv_size": [-2, 1]},
								"up": {"uv": [59, 40], "uv_size": [-3, 2]},
								"down": {"uv": [31, 60], "uv_size": [-3, -2]}
							}
						},
						{
							"origin": [-3.31346, 21.57692, 1.01664],
							"size": [2.80908, 4.2464, 1.6212],
							"pivot": [-1.90892, 25.78412, 2.67724],
							"rotation": [3, 0, 0],
							"uv": {
								"north": {"uv": [70, 54], "uv_size": [-3, 4]},
								"east": {"uv": [10, 60], "uv_size": [-2, 4]},
								"south": {"uv": [75, 48], "uv_size": [-3, 4]},
								"west": {"uv": [23, 43], "uv_size": [-2, 4]},
								"up": {"uv": [35, 58], "uv_size": [-3, 2]},
								"down": {"uv": [55, 65], "uv_size": [-3, -2]}
							}
						},
						{
							"origin": [-3.31346, 21.5748, -0.48536],
							"size": [2.80908, 4.2464, 1.6212],
							"pivot": [-1.90892, 25.782, -0.52476],
							"rotation": [-3, 0, 0],
							"uv": {
								"north": {"uv": [77, 12], "uv_size": [-3, 4]},
								"east": {"uv": [18, 77], "uv_size": [-2, 4]},
								"south": {"uv": [77, 38], "uv_size": [-3, 4]},
								"west": {"uv": [72, 54], "uv_size": [-2, 4]},
								"up": {"uv": [58, 63], "uv_size": [-3, 2]},
								"down": {"uv": [61, 65], "uv_size": [-3, -2]}
							}
						},
						{
							"origin": [-3.31346, 20.39859, -0.70648],
							"size": [2.80908, 1.182, 1.6212],
							"pivot": [-1.90892, 21.56279, -0.74588],
							"rotation": [10.25, 0, 0],
							"uv": {
								"north": {"uv": [3, 52], "uv_size": [-3, 1]},
								"east": {"uv": [20, 63], "uv_size": [-2, 1]},
								"south": {"uv": [18, 52], "uv_size": [-3, 1]},
								"west": {"uv": [37, 62], "uv_size": [-2, 1]},
								"up": {"uv": [49, 64], "uv_size": [-3, 2]},
								"down": {"uv": [52, 66], "uv_size": [-3, -2]}
							}
						},
						{
							"origin": [-3.31346, 21.5928, -0.48536],
							"size": [0.60908, 4.2284, 3.1212],
							"pivot": [-3.33392, 25.832, 1.07524],
							"rotation": [0, 0, 2.5],
							"uv": {
								"north": {"uv": [28, 53], "uv_size": [-1, 4]},
								"east": {"uv": [78, 51], "uv_size": [-3, 4]},
								"south": {"uv": [57, 35], "uv_size": [-1, 4]},
								"west": {"uv": [78, 47], "uv_size": [-3, 4]},
								"up": {"uv": [35, 47], "uv_size": [-1, 3]},
								"down": {"uv": [42, 50], "uv_size": [-1, -3]}
							}
						},
						{
							"origin": [-3.49562, 20.43452, -0.48536],
							"size": [0.60908, 1.19256, 3.1212],
							"pivot": [-3.55986, 21.66084, 1.07524],
							"rotation": [0, 0, -5.25],
							"uv": {
								"north": {"uv": [68, 86], "uv_size": [-1, 1]},
								"east": {"uv": [64, 16], "uv_size": [-3, 1]},
								"south": {"uv": [87, 67], "uv_size": [-1, 1]},
								"west": {"uv": [3, 60], "uv_size": [-3, 1]},
								"up": {"uv": [50, 29], "uv_size": [-1, 3]},
								"down": {"uv": [52, 48], "uv_size": [-1, -3]}
							}
						},
						{
							"origin": [-3.41346, 19.4678, 0.51464],
							"size": [0.6, 1.025, 0.5],
							"pivot": [-3.11346, 19.9803, 0.76464],
							"rotation": [0, -3, 0],
							"uv": {
								"north": {"uv": [69, 86], "uv_size": [-1, 1]},
								"east": {"uv": [87, 69], "uv_size": [-1, 1]},
								"south": {"uv": [70, 86], "uv_size": [-1, 1]},
								"west": {"uv": [87, 68], "uv_size": [-1, 1]},
								"up": {"uv": [71, 86], "uv_size": [-1, 1]},
								"down": {"uv": [87, 71], "uv_size": [-1, -1]}
							}
						},
						{
							"origin": [-3.41346, 19.4678, 1.01464],
							"size": [0.6, 1.025, 0.5],
							"pivot": [-3.11346, 19.9803, 1.26464],
							"rotation": [0, -3, 0],
							"uv": {
								"north": {"uv": [72, 86], "uv_size": [-1, 1]},
								"east": {"uv": [87, 72], "uv_size": [-1, 1]},
								"south": {"uv": [73, 86], "uv_size": [-1, 1]},
								"west": {"uv": [87, 71], "uv_size": [-1, 1]},
								"up": {"uv": [74, 86], "uv_size": [-1, 1]},
								"down": {"uv": [87, 74], "uv_size": [-1, -1]}
							}
						},
						{
							"origin": [-3.41346, 19.4678, 1.51464],
							"size": [0.6, 1.025, 0.6],
							"pivot": [-3.11346, 19.9803, 1.81464],
							"rotation": [0, -3, 0],
							"uv": {
								"north": {"uv": [75, 86], "uv_size": [-1, 1]},
								"east": {"uv": [87, 75], "uv_size": [-1, 1]},
								"south": {"uv": [76, 86], "uv_size": [-1, 1]},
								"west": {"uv": [87, 74], "uv_size": [-1, 1]},
								"up": {"uv": [77, 86], "uv_size": [-1, 1]},
								"down": {"uv": [87, 77], "uv_size": [-1, -1]}
							}
						},
						{
							"origin": [-1.24346, 22.024, -0.48536],
							"size": [0.60908, 4.2284, 3.1212],
							"pivot": [9.31147, 29.01576, 1.07524],
							"rotation": [0, 0, -2.5],
							"uv": {
								"north": {"uv": [60, 17], "uv_size": [-1, 4]},
								"east": {"uv": [80, 12], "uv_size": [-3, 4]},
								"south": {"uv": [61, 5], "uv_size": [-1, 4]},
								"west": {"uv": [13, 77], "uv_size": [-3, 4]},
								"up": {"uv": [1, 62], "uv_size": [-1, 3]},
								"down": {"uv": [68, 25], "uv_size": [-1, -3]}
							}
						},
						{
							"origin": [-0.59946, 19.55242, -0.48536],
							"size": [0.60908, 1.19256, 3.1212],
							"pivot": [9.53741, 24.8446, 1.07524],
							"rotation": [0, 0, 5.25],
							"uv": {
								"north": {"uv": [78, 86], "uv_size": [-1, 1]},
								"east": {"uv": [65, 51], "uv_size": [-3, 1]},
								"south": {"uv": [87, 77], "uv_size": [-1, 1]},
								"west": {"uv": [65, 34], "uv_size": [-3, 1]},
								"up": {"uv": [69, 21], "uv_size": [-1, 3]},
								"down": {"uv": [69, 65], "uv_size": [-1, -3]}
							}
						}
					]
				}
			]
		}
	]
}