{
	"format_version": "1.12.0",
	"minecraft:geometry": [
		{
			"description": {
				"identifier": "geometry.unknown",
				"texture_width": 256,
				"texture_height": 256,
				"visible_bounds_width": 3,
				"visible_bounds_height": 4.5,
				"visible_bounds_offset": [0, 1.75, 0]
			},
			"bones": [
				{
					"name": "LeftArm",
					"pivot": [5.8, 29.6, -0.2],
					"cubes": [
						{
							"origin": [4.85, 23.475, -1.8],
							"size": [3.025, 7.3, 3.2],
							"uv": {
								"north": {"uv": [62, 34], "uv_size": [3, 7.25]},
								"east": {"uv": [38, 59], "uv_size": [3.25, 7.25]},
								"south": {"uv": [62, 42], "uv_size": [3, 7.25]},
								"west": {"uv": [59, 58], "uv_size": [3.25, 7.25]},
								"up": {"uv": [89, 45], "uv_size": [3, 3.25]},
								"down": {"uv": [89, 67.25], "uv_size": [3, -3.25]}
							}
						},
						{
							"origin": [4.6, 27.725, -2.15],
							"size": [3.75, 0.7, 3.9],
							"uv": {
								"north": {"uv": [111, 102], "uv_size": [3.75, 0.75]},
								"east": {"uv": [110, 84], "uv_size": [3.875, 0.75]},
								"south": {"uv": [110, 111], "uv_size": [3.75, 0.75]},
								"west": {"uv": [111, 37], "uv_size": [3.875, 0.75]},
								"up": {"uv": [74, 70], "uv_size": [3.75, 3.875]},
								"down": {"uv": [73, 77.875], "uv_size": [3.75, -3.875]}
							}
						},
						{
							"origin": [4.5, 27.125, -2.25],
							"size": [3.95, 0.6, 4.1],
							"uv": {
								"north": {"uv": [112, 72], "uv_size": [4, 0.625]},
								"east": {"uv": [112, 55], "uv_size": [4.125, 0.625]},
								"south": {"uv": [112, 73], "uv_size": [4, 0.625]},
								"west": {"uv": [112, 56], "uv_size": [4.125, 0.625]},
								"up": {"uv": [72, 0], "uv_size": [4, 4.125]},
								"down": {"uv": [14, 76.125], "uv_size": [4, -4.125]}
							}
						},
						{
							"origin": [7.7, 23.425, -1.85],
							"size": [0.75, 3.7, 3.3],
							"pivot": [8.125, 25.275, -0.2],
							"rotation": [0, 0, -10],
							"uv": {
								"north": {"uv": [106, 111], "uv_size": [0.75, 3.75]},
								"east": {"uv": [82, 69], "uv_size": [3.25, 3.75]},
								"south": {"uv": [107, 111], "uv_size": [0.75, 3.75]},
								"west": {"uv": [12, 83], "uv_size": [3.25, 3.75]},
								"up": {"uv": [56, 112], "uv_size": [0.75, 3.25]},
								"down": {"uv": [63, 115.25], "uv_size": [0.75, -3.25]}
							}
						},
						{
							"origin": [6, 23.425, -0.15],
							"size": [0.75, 3.7, 3.3],
							"pivot": [6.425, 25.275, 1.5],
							"rotation": [90, -80, -90],
							"uv": {
								"north": {"uv": [112, 0], "uv_size": [0.75, 3.75]},
								"east": {"uv": [83, 17], "uv_size": [3.25, 3.75]},
								"south": {"uv": [112, 7], "uv_size": [0.75, 3.75]},
								"west": {"uv": [83, 21], "uv_size": [3.25, 3.75]},
								"up": {"uv": [79, 112], "uv_size": [0.75, 3.25]},
								"down": {"uv": [112, 82.25], "uv_size": [0.75, -3.25]}
							}
						},
						{
							"origin": [6, 23.425, -3.45],
							"size": [0.75, 3.7, 3.3],
							"pivot": [6.425, 25.275, -1.8],
							"rotation": [-90, -80, 90],
							"uv": {
								"north": {"uv": [9, 112], "uv_size": [0.75, 3.75]},
								"east": {"uv": [83, 33], "uv_size": [3.25, 3.75]},
								"south": {"uv": [112, 17], "uv_size": [0.75, 3.75]},
								"west": {"uv": [83, 37], "uv_size": [3.25, 3.75]},
								"up": {"uv": [80, 112], "uv_size": [0.75, 3.25]},
								"down": {"uv": [83, 115.25], "uv_size": [0.75, -3.25]}
							}
						},
						{
							"origin": [4.45, 23.425, -1.85],
							"size": [0.75, 3.7, 3.3],
							"pivot": [4.775, 25.275, -0.2],
							"rotation": [0, 0, 10],
							"uv": {
								"north": {"uv": [20, 112], "uv_size": [0.75, 3.75]},
								"east": {"uv": [83, 41], "uv_size": [3.25, 3.75]},
								"south": {"uv": [21, 112], "uv_size": [0.75, 3.75]},
								"west": {"uv": [83, 45], "uv_size": [3.25, 3.75]},
								"up": {"uv": [84, 112], "uv_size": [0.75, 3.25]},
								"down": {"uv": [87, 115.25], "uv_size": [0.75, -3.25]}
							}
						},
						{
							"origin": [5, 23.65, -1.7],
							"size": [2.85, 7, 3],
							"uv": {
								"north": {"uv": [55, 66], "uv_size": [2.875, 7]},
								"east": {"uv": [31, 64], "uv_size": [3, 7]},
								"south": {"uv": [58, 66], "uv_size": [2.875, 7]},
								"west": {"uv": [34, 64], "uv_size": [3, 7]},
								"up": {"uv": [93, 3], "uv_size": [2.875, 3]},
								"down": {"uv": [93, 18], "uv_size": [2.875, -3]}
							}
						},
						{
							"origin": [5.3, 22.75, -1.3],
							"size": [2.55, 2, 2.2],
							"uv": {
								"north": {"uv": [106, 0], "uv_size": [2.5, 2]},
								"east": {"uv": [106, 50], "uv_size": [2.25, 2]},
								"south": {"uv": [106, 7], "uv_size": [2.5, 2]},
								"west": {"uv": [106, 89], "uv_size": [2.25, 2]},
								"up": {"uv": [105, 41], "uv_size": [2.5, 2.25]},
								"down": {"uv": [49, 107.25], "uv_size": [2.5, -2.25]}
							}
						},
						{
							"origin": [5.2, 22.7, -1.325],
							"size": [2.7, 2.05, 2.3],
							"uv": {
								"north": {"uv": [104, 15], "uv_size": [2.75, 2]},
								"east": {"uv": [106, 91], "uv_size": [2.25, 2]},
								"south": {"uv": [104, 48], "uv_size": [2.75, 2]},
								"west": {"uv": [107, 3], "uv_size": [2.25, 2]},
								"up": {"uv": [102, 41], "uv_size": [2.75, 2.25]},
								"down": {"uv": [102, 82.25], "uv_size": [2.75, -2.25]}
							}
						}
					]
				},
				{
					"name": "LeftForeArm",
					"parent": "LeftArm",
					"pivot": [6.525, 23.65, -0.175],
					"cubes": [
						{
							"origin": [5.025, 16.65, -1.675],
							"size": [3, 7, 3],
							"uv": {
								"north": {"uv": [65, 0], "uv_size": [3, 7]},
								"east": {"uv": [14, 65], "uv_size": [3, 7]},
								"south": {"uv": [17, 65], "uv_size": [3, 7]},
								"west": {"uv": [20, 65], "uv_size": [3, 7]},
								"up": {"uv": [92, 32], "uv_size": [3, 3]},
								"down": {"uv": [92, 38], "uv_size": [3, -3]}
							}
						},
						{
							"origin": [5.025, 18.95, -1.675],
							"size": [3, 5, 3],
							"uv": {
								"north": {"uv": [74, 16], "uv_size": [3, 5]},
								"east": {"uv": [74, 36], "uv_size": [3, 5]},
								"south": {"uv": [74, 41], "uv_size": [3, 5]},
								"west": {"uv": [45, 74], "uv_size": [3, 5]},
								"up": {"uv": [92, 44], "uv_size": [3, 3]},
								"down": {"uv": [53, 95], "uv_size": [3, -3]}
							}
						},
						{
							"origin": [4.575, 19.45, -2.125],
							"size": [3.9, 0.4, 3.9],
							"uv": {
								"north": {"uv": [117, 81], "uv_size": [3.875, 0.375]},
								"east": {"uv": [117, 96], "uv_size": [3.875, 0.375]},
								"south": {"uv": [117, 100], "uv_size": [3.875, 0.375]},
								"west": {"uv": [117, 101], "uv_size": [3.875, 0.375]},
								"up": {"uv": [57, 73], "uv_size": [3.875, 3.875]},
								"down": {"uv": [61, 76.875], "uv_size": [3.875, -3.875]}
							}
						},
						{
							"origin": [6.7, 19.825, -1.85],
							"size": [1.75, 4.1, 3.3],
							"pivot": [8.125, 25.275, -0.2],
							"rotation": [0, 0, -10],
							"uv": {
								"north": {"uv": [89, 100], "uv_size": [1.75, 4.125]},
								"east": {"uv": [79, 8], "uv_size": [3.25, 4.125]},
								"south": {"uv": [91, 100], "uv_size": [1.75, 4.125]},
								"west": {"uv": [79, 34], "uv_size": [3.25, 4.125]},
								"up": {"uv": [103, 75], "uv_size": [1.75, 3.25]},
								"down": {"uv": [26, 107.25], "uv_size": [1.75, -3.25]}
							}
						},
						{
							"origin": [7.67739, 17.31344, -0.75],
							"size": [1, 2.35, 1.05],
							"pivot": [8.23195, 18.49671, -0.75],
							"rotation": [0, 0, -17.5],
							"uv": {
								"north": {"uv": [113, 21], "uv_size": [1, 2.375]},
								"east": {"uv": [23, 113], "uv_size": [1, 2.375]},
								"south": {"uv": [24, 113], "uv_size": [1, 2.375]},
								"west": {"uv": [25, 113], "uv_size": [1, 2.375]},
								"up": {"uv": [120, 77], "uv_size": [1, 1]},
								"down": {"uv": [120, 79], "uv_size": [1, -1]}
							}
						},
						{
							"origin": [7.86212, 17.32279, -1.8],
							"size": [1, 2.35, 1.05],
							"pivot": [8.30695, 18.49671, -0.75],
							"rotation": [0, 0, -30],
							"uv": {
								"north": {"uv": [28, 113], "uv_size": [1, 2.375]},
								"east": {"uv": [29, 113], "uv_size": [1, 2.375]},
								"south": {"uv": [32, 113], "uv_size": [1, 2.375]},
								"west": {"uv": [33, 113], "uv_size": [1, 2.375]},
								"up": {"uv": [120, 79], "uv_size": [1, 1]},
								"down": {"uv": [120, 83], "uv_size": [1, -1]}
							}
						},
						{
							"origin": [6.81665, 16.35291, 0.39281],
							"size": [1, 2.35, 1.05],
							"pivot": [6.10797, 18.50318, -0.62221],
							"rotation": [-90, 50, -90],
							"uv": {
								"north": {"uv": [43, 113], "uv_size": [1, 2.375]},
								"east": {"uv": [44, 113], "uv_size": [1, 2.375]},
								"south": {"uv": [45, 113], "uv_size": [1, 2.375]},
								"west": {"uv": [46, 113], "uv_size": [1, 2.375]},
								"up": {"uv": [120, 83], "uv_size": [1, 1]},
								"down": {"uv": [120, 85], "uv_size": [1, -1]}
							}
						},
						{
							"origin": [6.82437, 16.651, -0.65719],
							"size": [1, 2.35, 1.05],
							"pivot": [6.10797, 18.50318, -0.62221],
							"rotation": [-90, 62.5, -90],
							"uv": {
								"north": {"uv": [51, 113], "uv_size": [1, 2.375]},
								"east": {"uv": [52, 113], "uv_size": [1, 2.375]},
								"south": {"uv": [53, 113], "uv_size": [1, 2.375]},
								"west": {"uv": [55, 113], "uv_size": [1, 2.375]},
								"up": {"uv": [120, 85], "uv_size": [1, 1]},
								"down": {"uv": [120, 88], "uv_size": [1, -1]}
							}
						},
						{
							"origin": [6.81665, 16.35291, -1.70719],
							"size": [1, 2.35, 1.05],
							"pivot": [6.10797, 18.50318, -0.62221],
							"rotation": [-90, 50, -90],
							"uv": {
								"north": {"uv": [59, 113], "uv_size": [1, 2.375]},
								"east": {"uv": [60, 113], "uv_size": [1, 2.375]},
								"south": {"uv": [61, 113], "uv_size": [1, 2.375]},
								"west": {"uv": [62, 113], "uv_size": [1, 2.375]},
								"up": {"uv": [120, 88], "uv_size": [1, 1]},
								"down": {"uv": [89, 121], "uv_size": [1, -1]}
							}
						},
						{
							"origin": [6.90727, 16.66078, -0.7],
							"size": [1, 2.35, 1.05],
							"pivot": [6.20797, 18.80318, -0.72221],
							"rotation": [180, 0, -152.5],
							"uv": {
								"north": {"uv": [66, 113], "uv_size": [1, 2.375]},
								"east": {"uv": [67, 113], "uv_size": [1, 2.375]},
								"south": {"uv": [68, 113], "uv_size": [1, 2.375]},
								"west": {"uv": [69, 113], "uv_size": [1, 2.375]},
								"up": {"uv": [120, 89], "uv_size": [1, 1]},
								"down": {"uv": [90, 121], "uv_size": [1, -1]}
							}
						},
						{
							"origin": [6.91351, 16.95665, -1.75],
							"size": [1, 2.35, 1.05],
							"pivot": [6.20797, 18.80318, -0.72221],
							"rotation": [-180, 0, -165],
							"uv": {
								"north": {"uv": [70, 113], "uv_size": [1, 2.375]},
								"east": {"uv": [71, 113], "uv_size": [1, 2.375]},
								"south": {"uv": [72, 113], "uv_size": [1, 2.375]},
								"west": {"uv": [75, 113], "uv_size": [1, 2.375]},
								"up": {"uv": [120, 90], "uv_size": [1, 1]},
								"down": {"uv": [120, 92], "uv_size": [1, -1]}
							}
						},
						{
							"origin": [6.90727, 16.66078, -2.8],
							"size": [1, 2.35, 1.05],
							"pivot": [6.20797, 18.80318, -0.72221],
							"rotation": [180, 0, -152.5],
							"uv": {
								"north": {"uv": [76, 113], "uv_size": [1, 2.375]},
								"east": {"uv": [77, 113], "uv_size": [1, 2.375]},
								"south": {"uv": [78, 113], "uv_size": [1, 2.375]},
								"west": {"uv": [113, 79], "uv_size": [1, 2.375]},
								"up": {"uv": [120, 92], "uv_size": [1, 1]},
								"down": {"uv": [120, 94], "uv_size": [1, -1]}
							}
						},
						{
							"origin": [7.86212, 17.32279, 0.3],
							"size": [1, 2.35, 1.05],
							"pivot": [8.30695, 18.49671, 1.35],
							"rotation": [0, 0, -30],
							"uv": {
								"north": {"uv": [113, 87], "uv_size": [1, 2.375]},
								"east": {"uv": [113, 90], "uv_size": [1, 2.375]},
								"south": {"uv": [91, 113], "uv_size": [1, 2.375]},
								"west": {"uv": [92, 113], "uv_size": [1, 2.375]},
								"up": {"uv": [95, 120], "uv_size": [1, 1]},
								"down": {"uv": [96, 121], "uv_size": [1, -1]}
							}
						},
						{
							"origin": [6.10179, 17.29816, 0.175],
							"size": [1, 2.35, 1.05],
							"pivot": [6.51795, 18.49859, 1.75],
							"rotation": [90, -50, -90],
							"uv": {
								"north": {"uv": [113, 94], "uv_size": [1, 2.375]},
								"east": {"uv": [98, 113], "uv_size": [1, 2.375]},
								"south": {"uv": [99, 113], "uv_size": [1, 2.375]},
								"west": {"uv": [100, 113], "uv_size": [1, 2.375]},
								"up": {"uv": [97, 120], "uv_size": [1, 1]},
								"down": {"uv": [98, 121], "uv_size": [1, -1]}
							}
						},
						{
							"origin": [5.93059, 17.33028, 1.225],
							"size": [1, 2.35, 1.05],
							"pivot": [6.51795, 18.49859, 1.75],
							"rotation": [90, -62.5, -90],
							"uv": {
								"north": {"uv": [101, 113], "uv_size": [1, 2.375]},
								"east": {"uv": [102, 113], "uv_size": [1, 2.375]},
								"south": {"uv": [103, 113], "uv_size": [1, 2.375]},
								"west": {"uv": [108, 113], "uv_size": [1, 2.375]},
								"up": {"uv": [120, 98], "uv_size": [1, 1]},
								"down": {"uv": [120, 100], "uv_size": [1, -1]}
							}
						},
						{
							"origin": [6.10179, 17.29816, 2.275],
							"size": [1, 2.35, 1.05],
							"pivot": [6.51795, 18.49859, 1.75],
							"rotation": [90, -50, -90],
							"uv": {
								"north": {"uv": [109, 113], "uv_size": [1, 2.375]},
								"east": {"uv": [110, 113], "uv_size": [1, 2.375]},
								"south": {"uv": [111, 113], "uv_size": [1, 2.375]},
								"west": {"uv": [112, 113], "uv_size": [1, 2.375]},
								"up": {"uv": [120, 103], "uv_size": [1, 1]},
								"down": {"uv": [120, 105], "uv_size": [1, -1]}
							}
						},
						{
							"origin": [6, 19.825, -3.45],
							"size": [1.75, 4.1, 3.3],
							"pivot": [6.425, 25.275, -1.8],
							"rotation": [-90, -80, 90],
							"uv": {
								"north": {"uv": [100, 91], "uv_size": [1.75, 4.125]},
								"east": {"uv": [79, 39], "uv_size": [3.25, 4.125]},
								"south": {"uv": [93, 100], "uv_size": [1.75, 4.125]},
								"west": {"uv": [41, 79], "uv_size": [3.25, 4.125]},
								"up": {"uv": [38, 104], "uv_size": [1.75, 3.25]},
								"down": {"uv": [40, 107.25], "uv_size": [1.75, -3.25]}
							}
						},
						{
							"origin": [5, 19.875, -0.15],
							"size": [1.75, 4.05, 3.3],
							"pivot": [6.425, 25.275, 1.5],
							"rotation": [90, -80, -90],
							"uv": {
								"north": {"uv": [59, 18], "uv_size": [1.75, 4]},
								"east": {"uv": [80, 0], "uv_size": [3.25, 4]},
								"south": {"uv": [60, 34], "uv_size": [1.75, 4]},
								"west": {"uv": [80, 13], "uv_size": [3.25, 4]},
								"up": {"uv": [104, 44], "uv_size": [1.75, 3.25]},
								"down": {"uv": [104, 58.25], "uv_size": [1.75, -3.25]}
							}
						},
						{
							"origin": [4.45, 19.825, -1.85],
							"size": [1.75, 4.1, 3.3],
							"pivot": [4.775, 25.275, -0.2],
							"rotation": [0, 0, 10],
							"uv": {
								"north": {"uv": [0, 101], "uv_size": [1.75, 4.125]},
								"east": {"uv": [79, 44], "uv_size": [3.25, 4.125]},
								"south": {"uv": [2, 101], "uv_size": [1.75, 4.125]},
								"west": {"uv": [79, 49], "uv_size": [3.25, 4.125]},
								"up": {"uv": [104, 59], "uv_size": [1.75, 3.25]},
								"down": {"uv": [104, 66.25], "uv_size": [1.75, -3.25]}
							}
						},
						{
							"origin": [7.525, 19.95, -2.325],
							"size": [1, 3.9, 1.25],
							"pivot": [8.025, 22.45, -2.05],
							"rotation": [-9.85108, -1.72794, -9.85108],
							"uv": {
								"north": {"uv": [144.125, 70], "uv_size": [3, 5]},
								"east": {"uv": [143.625, 70.375], "uv_size": [3, 5]},
								"south": {"uv": [144.25, 70.75], "uv_size": [3, 5]},
								"west": {"uv": [143.125, 70.5], "uv_size": [3, 5]},
								"up": {"uv": [143.875, 70.875], "uv_size": [3, 3]},
								"down": {"uv": [144.5, 74], "uv_size": [3, -3]}
							}
						},
						{
							"origin": [4.275, 19.95, -2.325],
							"size": [1, 3.9, 1.25],
							"pivot": [4.775, 22.45, -2.05],
							"rotation": [-9.85108, 1.72794, 9.85108],
							"uv": {
								"north": {"uv": [144.125, 70], "uv_size": [3, 5]},
								"east": {"uv": [143.625, 70.375], "uv_size": [3, 5]},
								"south": {"uv": [144.25, 70.75], "uv_size": [3, 5]},
								"west": {"uv": [143.125, 70.5], "uv_size": [3, 5]},
								"up": {"uv": [143.875, 70.875], "uv_size": [3, 3]},
								"down": {"uv": [144.5, 74], "uv_size": [3, -3]}
							}
						},
						{
							"origin": [7.525, 19.95, 0.575],
							"size": [1, 3.9, 1.25],
							"pivot": [8.025, 22.45, 0.85],
							"rotation": [10.14892, -1.72794, -9.85108],
							"uv": {
								"north": {"uv": [144.125, 70], "uv_size": [3, 5]},
								"east": {"uv": [143.625, 70.375], "uv_size": [3, 5]},
								"south": {"uv": [144.25, 70.75], "uv_size": [3, 5]},
								"west": {"uv": [143.125, 70.5], "uv_size": [3, 5]},
								"up": {"uv": [143.875, 70.875], "uv_size": [3, 3]},
								"down": {"uv": [144.5, 74], "uv_size": [3, -3]}
							}
						},
						{
							"origin": [4.425, 19.95, 0.675],
							"size": [1, 3.9, 1.25],
							"pivot": [4.925, 22.45, 0.95],
							"rotation": [8.96346, -5.08159, 9.90381],
							"uv": {
								"north": {"uv": [144.125, 70], "uv_size": [3, 5]},
								"east": {"uv": [143.625, 70.375], "uv_size": [3, 5]},
								"south": {"uv": [144.25, 70.75], "uv_size": [3, 5]},
								"west": {"uv": [143.125, 70.5], "uv_size": [3, 5]},
								"up": {"uv": [143.875, 70.875], "uv_size": [3, 3]},
								"down": {"uv": [144.5, 74], "uv_size": [3, -3]}
							}
						}
					]
				},
				{
					"name": "LeftHand",
					"parent": "LeftForeArm",
					"pivot": [42.4, -1.425, -0.2]
				},
				{
					"name": "LeftHandLocator",
					"parent": "LeftHand",
					"pivot": [-10.475, 35.15, -0.175]
				},
				{
					"name": "SheathLocator",
					"parent": "LeftHand",
					"pivot": [-10.475, 35.15, -0.175]
				},
				{
					"name": "LeftWaistLocator",
					"parent": "LeftHand",
					"pivot": [-10.475, 35.15, -0.175]
				},
				{
					"name": "bone100",
					"parent": "LeftHand",
					"pivot": [6.4, 17.49167, -0.95],
					"rotation": [90, 0, 0],
					"cubes": [
						{
							"origin": [5.4, 20.075, -1.95],
							"size": [2, 2, 2],
							"uv": {
								"north": {"uv": [198, 9.5], "uv_size": [2, 2]},
								"east": {"uv": [204, 14.5], "uv_size": [2, 2]},
								"south": {"uv": [203, 11], "uv_size": [2, 2]},
								"west": {"uv": [204.25, 11.625], "uv_size": [2, 2]},
								"up": {"uv": [202.125, 10.625], "uv_size": [-2, -2]},
								"down": {"uv": [200.5, 11], "uv_size": [-2, -2]}
							}
						},
						{
							"origin": [5.85, 14.325, -1.5],
							"size": [1.1, 5.75, 1.1],
							"uv": {
								"north": {"uv": [239.75, 45.375], "uv_size": [2, 2]},
								"east": {"uv": [233.75, 43.875], "uv_size": [2, 2]},
								"south": {"uv": [238.875, 47.75], "uv_size": [2, 2]},
								"west": {"uv": [239.875, 45], "uv_size": [2, 2]},
								"up": {"uv": [238.375, 44.375], "uv_size": [-2, -2]},
								"down": {"uv": [235.75, 44], "uv_size": [-2, -2]}
							}
						},
						{
							"origin": [6.1, 14.075, -1.25],
							"size": [0.6, 0.25, 0.6],
							"uv": {
								"north": {"uv": [168.375, 10.5], "uv_size": [-2, 1.125]},
								"east": {"uv": [167.875, 13.625], "uv_size": [2, 2]},
								"south": {"uv": [166.875, 10.625], "uv_size": [2, 2]},
								"west": {"uv": [167.875, 11.25], "uv_size": [2, 2]},
								"up": {"uv": [169.375, 14.75], "uv_size": [-2, -2]},
								"down": {"uv": [170.5, 13.375], "uv_size": [-2, -2]}
							}
						}
					]
				},
				{
					"name": "RightArm",
					"pivot": [-1, 29.6, -0.2],
					"cubes": [
						{
							"origin": [-3.05, 23.65, -1.7],
							"size": [2.85, 7, 3],
							"uv": {
								"north": {"uv": [61, 66], "uv_size": [2.875, 7]},
								"east": {"uv": [23, 65], "uv_size": [3, 7]},
								"south": {"uv": [64, 66], "uv_size": [2.875, 7]},
								"west": {"uv": [65, 29], "uv_size": [3, 7]},
								"up": {"uv": [94, 6], "uv_size": [2.875, 3]},
								"down": {"uv": [12, 97], "uv_size": [2.875, -3]}
							}
						},
						{
							"origin": [-3.1, 23.475, -1.8],
							"size": [3.05, 7.3, 3.2],
							"uv": {
								"north": {"uv": [62, 50], "uv_size": [3, 7.25]},
								"east": {"uv": [60, 26], "uv_size": [3.25, 7.25]},
								"south": {"uv": [0, 63], "uv_size": [3, 7.25]},
								"west": {"uv": [47, 60], "uv_size": [3.25, 7.25]},
								"up": {"uv": [18, 91], "uv_size": [3, 3.25]},
								"down": {"uv": [21, 94.25], "uv_size": [3, -3.25]}
							}
						},
						{
							"origin": [-3.05, 22.75, -1.3],
							"size": [2.55, 2, 2.2],
							"uv": {
								"north": {"uv": [106, 17], "uv_size": [2.5, 2]},
								"east": {"uv": [107, 5], "uv_size": [2.25, 2]},
								"south": {"uv": [20, 106], "uv_size": [2.5, 2]},
								"west": {"uv": [107, 9], "uv_size": [2.25, 2]},
								"up": {"uv": [52, 105], "uv_size": [2.5, 2.25]},
								"down": {"uv": [69, 107.25], "uv_size": [2.5, -2.25]}
							}
						},
						{
							"origin": [-3.1, 22.7, -1.325],
							"size": [2.7, 2.05, 2.3],
							"uv": {
								"north": {"uv": [105, 75], "uv_size": [2.75, 2]},
								"east": {"uv": [107, 11], "uv_size": [2.25, 2]},
								"south": {"uv": [105, 77], "uv_size": [2.75, 2]},
								"west": {"uv": [107, 15], "uv_size": [2.25, 2]},
								"up": {"uv": [102, 83], "uv_size": [2.75, 2.25]},
								"down": {"uv": [102, 88.25], "uv_size": [2.75, -2.25]}
							}
						},
						{
							"origin": [-3.65, 23.425, -1.85],
							"size": [0.75, 3.7, 3.3],
							"pivot": [-3.325, 25.275, -0.2],
							"rotation": [0, 0, 10],
							"uv": {
								"north": {"uv": [112, 21], "uv_size": [0.75, 3.75]},
								"east": {"uv": [83, 49], "uv_size": [3.25, 3.75]},
								"south": {"uv": [22, 112], "uv_size": [0.75, 3.75]},
								"west": {"uv": [83, 53], "uv_size": [3.25, 3.75]},
								"up": {"uv": [88, 112], "uv_size": [0.75, 3.25]},
								"down": {"uv": [89, 115.25], "uv_size": [0.75, -3.25]}
							}
						},
						{
							"origin": [-2.1, 23.425, -0.15],
							"size": [0.75, 3.7, 3.3],
							"pivot": [-1.675, 25.275, 1.5],
							"rotation": [90, -80, -90],
							"uv": {
								"north": {"uv": [26, 112], "uv_size": [0.75, 3.75]},
								"east": {"uv": [83, 57], "uv_size": [3.25, 3.75]},
								"south": {"uv": [27, 112], "uv_size": [0.75, 3.75]},
								"west": {"uv": [83, 61], "uv_size": [3.25, 3.75]},
								"up": {"uv": [112, 89], "uv_size": [0.75, 3.25]},
								"down": {"uv": [90, 115.25], "uv_size": [0.75, -3.25]}
							}
						},
						{
							"origin": [-0.4, 23.425, -1.85],
							"size": [0.75, 3.7, 3.3],
							"pivot": [0.025, 25.275, -0.2],
							"rotation": [0, 0, -10],
							"uv": {
								"north": {"uv": [38, 112], "uv_size": [0.75, 3.75]},
								"east": {"uv": [83, 65], "uv_size": [3.25, 3.75]},
								"south": {"uv": [39, 112], "uv_size": [0.75, 3.75]},
								"west": {"uv": [83, 73], "uv_size": [3.25, 3.75]},
								"up": {"uv": [93, 112], "uv_size": [0.75, 3.25]},
								"down": {"uv": [94, 115.25], "uv_size": [0.75, -3.25]}
							}
						},
						{
							"origin": [-2.1, 23.425, -3.45],
							"size": [0.75, 3.7, 3.3],
							"pivot": [-1.675, 25.275, -1.8],
							"rotation": [-90, -80, 90],
							"uv": {
								"north": {"uv": [40, 112], "uv_size": [0.75, 3.75]},
								"east": {"uv": [83, 77], "uv_size": [3.25, 3.75]},
								"south": {"uv": [41, 112], "uv_size": [0.75, 3.75]},
								"west": {"uv": [83, 81], "uv_size": [3.25, 3.75]},
								"up": {"uv": [95, 112], "uv_size": [0.75, 3.25]},
								"down": {"uv": [112, 98.25], "uv_size": [0.75, -3.25]}
							}
						},
						{
							"origin": [-3.6, 27.125, -2.25],
							"size": [3.95, 0.6, 4.1],
							"uv": {
								"north": {"uv": [112, 74], "uv_size": [4, 0.625]},
								"east": {"uv": [112, 57], "uv_size": [4.125, 0.625]},
								"south": {"uv": [75, 112], "uv_size": [4, 0.625]},
								"west": {"uv": [112, 58], "uv_size": [4.125, 0.625]},
								"up": {"uv": [18, 72], "uv_size": [4, 4.125]},
								"down": {"uv": [22, 76.125], "uv_size": [4, -4.125]}
							}
						},
						{
							"origin": [-3.5, 27.725, -2.15],
							"size": [3.75, 0.7, 3.9],
							"uv": {
								"north": {"uv": [112, 4], "uv_size": [3.75, 0.75]},
								"east": {"uv": [111, 39], "uv_size": [3.875, 0.75]},
								"south": {"uv": [112, 5], "uv_size": [3.75, 0.75]},
								"west": {"uv": [111, 59], "uv_size": [3.875, 0.75]},
								"up": {"uv": [75, 9], "uv_size": [3.75, 3.875]},
								"down": {"uv": [41, 78.875], "uv_size": [3.75, -3.875]}
							}
						}
					]
				},
				{
					"name": "RightForeArm",
					"parent": "RightArm",
					"pivot": [-1.725, 23.65, -0.175],
					"cubes": [
						{
							"origin": [-3.225, 18.95, -1.675],
							"size": [3, 5, 3],
							"uv": {
								"north": {"uv": [74, 55], "uv_size": [3, 5]},
								"east": {"uv": [74, 60], "uv_size": [3, 5]},
								"south": {"uv": [74, 65], "uv_size": [3, 5]},
								"west": {"uv": [70, 74], "uv_size": [3, 5]},
								"up": {"uv": [92, 64], "uv_size": [3, 3]},
								"down": {"uv": [92, 76], "uv_size": [3, -3]}
							}
						},
						{
							"origin": [-3.725, 19.95, -2.325],
							"size": [1, 3.9, 1.25],
							"pivot": [-3.225, 22.45, -2.05],
							"rotation": [-9.85108, 1.72794, 9.85108],
							"uv": {
								"north": {"uv": [144.125, 70], "uv_size": [3, 5]},
								"east": {"uv": [143.625, 70.375], "uv_size": [3, 5]},
								"south": {"uv": [144.25, 70.75], "uv_size": [3, 5]},
								"west": {"uv": [143.125, 70.5], "uv_size": [3, 5]},
								"up": {"uv": [143.875, 70.875], "uv_size": [3, 3]},
								"down": {"uv": [144.5, 74], "uv_size": [3, -3]}
							}
						},
						{
							"origin": [-0.575, 19.95, -2.325],
							"size": [1, 3.9, 1.25],
							"pivot": [-0.075, 22.45, -2.05],
							"rotation": [-9.85108, -1.72794, -9.85108],
							"uv": {
								"north": {"uv": [144.125, 70], "uv_size": [3, 5]},
								"east": {"uv": [143.625, 70.375], "uv_size": [3, 5]},
								"south": {"uv": [144.25, 70.75], "uv_size": [3, 5]},
								"west": {"uv": [143.125, 70.5], "uv_size": [3, 5]},
								"up": {"uv": [143.875, 70.875], "uv_size": [3, 3]},
								"down": {"uv": [144.5, 74], "uv_size": [3, -3]}
							}
						},
						{
							"origin": [-0.575, 19.95, 0.675],
							"size": [1, 3.9, 1.25],
							"pivot": [-0.075, 22.45, 0.95],
							"rotation": [10.14892, -1.72794, -9.85108],
							"uv": {
								"north": {"uv": [144.125, 70], "uv_size": [3, 5]},
								"east": {"uv": [143.625, 70.375], "uv_size": [3, 5]},
								"south": {"uv": [144.25, 70.75], "uv_size": [3, 5]},
								"west": {"uv": [143.125, 70.5], "uv_size": [3, 5]},
								"up": {"uv": [143.875, 70.875], "uv_size": [3, 3]},
								"down": {"uv": [144.5, 74], "uv_size": [3, -3]}
							}
						},
						{
							"origin": [-3.775, 19.95, 0.625],
							"size": [1, 3.9, 1.25],
							"pivot": [-3.275, 22.45, 0.9],
							"rotation": [10.14892, 1.72794, 9.85108],
							"uv": {
								"north": {"uv": [144.125, 70], "uv_size": [3, 5]},
								"east": {"uv": [143.625, 70.375], "uv_size": [3, 5]},
								"south": {"uv": [144.25, 70.75], "uv_size": [3, 5]},
								"west": {"uv": [143.125, 70.5], "uv_size": [3, 5]},
								"up": {"uv": [143.875, 70.875], "uv_size": [3, 3]},
								"down": {"uv": [144.5, 74], "uv_size": [3, -3]}
							}
						},
						{
							"origin": [-3.225, 16.65, -1.675],
							"size": [3, 7, 3],
							"uv": {
								"north": {"uv": [65, 36], "uv_size": [3, 7]},
								"east": {"uv": [65, 43], "uv_size": [3, 7]},
								"south": {"uv": [65, 50], "uv_size": [3, 7]},
								"west": {"uv": [66, 7], "uv_size": [3, 7]},
								"up": {"uv": [92, 76], "uv_size": [3, 3]},
								"down": {"uv": [92, 82], "uv_size": [3, -3]}
							}
						},
						{
							"origin": [-0.23788, 17.32279, -1.8],
							"size": [1, 2.35, 1.05],
							"pivot": [0.20695, 18.49671, -0.75],
							"rotation": [0, 0, -30],
							"uv": {
								"north": {"uv": [113, 113], "uv_size": [1, 2.375]},
								"east": {"uv": [0, 114], "uv_size": [1, 2.375]},
								"south": {"uv": [114, 0], "uv_size": [1, 2.375]},
								"west": {"uv": [4, 114], "uv_size": [1, 2.375]},
								"up": {"uv": [120, 105], "uv_size": [1, 1]},
								"down": {"uv": [120, 107], "uv_size": [1, -1]}
							}
						},
						{
							"origin": [-0.42261, 17.31344, -0.75],
							"size": [1, 2.35, 1.05],
							"pivot": [0.13195, 18.49671, -0.75],
							"rotation": [0, 0, -17.5],
							"uv": {
								"north": {"uv": [5, 114], "uv_size": [1, 2.375]},
								"east": {"uv": [6, 114], "uv_size": [1, 2.375]},
								"south": {"uv": [114, 6], "uv_size": [1, 2.375]},
								"west": {"uv": [7, 114], "uv_size": [1, 2.375]},
								"up": {"uv": [120, 107], "uv_size": [1, 1]},
								"down": {"uv": [120, 109], "uv_size": [1, -1]}
							}
						},
						{
							"origin": [-0.23788, 17.32279, 0.3],
							"size": [1, 2.35, 1.05],
							"pivot": [0.20695, 18.49671, 1.35],
							"rotation": [0, 0, -30],
							"uv": {
								"north": {"uv": [12, 114], "uv_size": [1, 2.375]},
								"east": {"uv": [13, 114], "uv_size": [1, 2.375]},
								"south": {"uv": [114, 15], "uv_size": [1, 2.375]},
								"west": {"uv": [114, 18], "uv_size": [1, 2.375]},
								"up": {"uv": [120, 109], "uv_size": [1, 1]},
								"down": {"uv": [120, 111], "uv_size": [1, -1]}
							}
						},
						{
							"origin": [-1.28335, 16.35291, 0.39281],
							"size": [1, 2.35, 1.05],
							"pivot": [-1.99203, 18.50318, -0.62221],
							"rotation": [-90, 50, -90],
							"uv": {
								"north": {"uv": [114, 21], "uv_size": [1, 2.375]},
								"east": {"uv": [114, 24], "uv_size": [1, 2.375]},
								"south": {"uv": [114, 27], "uv_size": [1, 2.375]},
								"west": {"uv": [30, 114], "uv_size": [1, 2.375]},
								"up": {"uv": [120, 111], "uv_size": [1, 1]},
								"down": {"uv": [120, 113], "uv_size": [1, -1]}
							}
						},
						{
							"origin": [-1.27563, 16.651, -0.65719],
							"size": [1, 2.35, 1.05],
							"pivot": [-1.99203, 18.50318, -0.62221],
							"rotation": [-90, 62.5, -90],
							"uv": {
								"north": {"uv": [31, 114], "uv_size": [1, 2.375]},
								"east": {"uv": [114, 32], "uv_size": [1, 2.375]},
								"south": {"uv": [34, 114], "uv_size": [1, 2.375]},
								"west": {"uv": [35, 114], "uv_size": [1, 2.375]},
								"up": {"uv": [120, 113], "uv_size": [1, 1]},
								"down": {"uv": [120, 115], "uv_size": [1, -1]}
							}
						},
						{
							"origin": [-1.28335, 16.35291, -1.70719],
							"size": [1, 2.35, 1.05],
							"pivot": [-1.99203, 18.50318, -0.62221],
							"rotation": [-90, 50, -90],
							"uv": {
								"north": {"uv": [36, 114], "uv_size": [1, 2.375]},
								"east": {"uv": [37, 114], "uv_size": [1, 2.375]},
								"south": {"uv": [114, 40], "uv_size": [1, 2.375]},
								"west": {"uv": [114, 43], "uv_size": [1, 2.375]},
								"up": {"uv": [120, 115], "uv_size": [1, 1]},
								"down": {"uv": [120, 117], "uv_size": [1, -1]}
							}
						},
						{
							"origin": [-1.19273, 16.66078, -2.8],
							"size": [1, 2.35, 1.05],
							"pivot": [-1.89203, 18.80318, -0.72221],
							"rotation": [180, 0, -152.5],
							"uv": {
								"north": {"uv": [114, 46], "uv_size": [1, 2.375]},
								"east": {"uv": [47, 114], "uv_size": [1, 2.375]},
								"south": {"uv": [48, 114], "uv_size": [1, 2.375]},
								"west": {"uv": [49, 114], "uv_size": [1, 2.375]},
								"up": {"uv": [120, 117], "uv_size": [1, 1]},
								"down": {"uv": [120, 119], "uv_size": [1, -1]}
							}
						},
						{
							"origin": [-1.18649, 16.95665, -1.75],
							"size": [1, 2.35, 1.05],
							"pivot": [-1.89203, 18.80318, -0.72221],
							"rotation": [-180, 0, -165],
							"uv": {
								"north": {"uv": [50, 114], "uv_size": [1, 2.375]},
								"east": {"uv": [114, 60], "uv_size": [1, 2.375]},
								"south": {"uv": [114, 63], "uv_size": [1, 2.375]},
								"west": {"uv": [65, 114], "uv_size": [1, 2.375]},
								"up": {"uv": [120, 119], "uv_size": [1, 1]},
								"down": {"uv": [120, 121], "uv_size": [1, -1]}
							}
						},
						{
							"origin": [-1.19273, 16.66078, -0.7],
							"size": [1, 2.35, 1.05],
							"pivot": [-1.89203, 18.80318, -0.72221],
							"rotation": [180, 0, -152.5],
							"uv": {
								"north": {"uv": [114, 66], "uv_size": [1, 2.375]},
								"east": {"uv": [114, 69], "uv_size": [1, 2.375]},
								"south": {"uv": [73, 114], "uv_size": [1, 2.375]},
								"west": {"uv": [74, 114], "uv_size": [1, 2.375]},
								"up": {"uv": [121, 0], "uv_size": [1, 1]},
								"down": {"uv": [121, 2], "uv_size": [1, -1]}
							}
						},
						{
							"origin": [-1.99821, 17.29816, 0.175],
							"size": [1, 2.35, 1.05],
							"pivot": [-1.58205, 18.49859, 1.75],
							"rotation": [90, -50, -90],
							"uv": {
								"north": {"uv": [114, 79], "uv_size": [1, 2.375]},
								"east": {"uv": [114, 87], "uv_size": [1, 2.375]},
								"south": {"uv": [114, 90], "uv_size": [1, 2.375]},
								"west": {"uv": [114, 94], "uv_size": [1, 2.375]},
								"up": {"uv": [121, 2], "uv_size": [1, 1]},
								"down": {"uv": [121, 4], "uv_size": [1, -1]}
							}
						},
						{
							"origin": [-2.16941, 17.33028, 1.225],
							"size": [1, 2.35, 1.05],
							"pivot": [-1.58205, 18.49859, 1.75],
							"rotation": [90, -62.5, -90],
							"uv": {
								"north": {"uv": [114, 105], "uv_size": [1, 2.375]},
								"east": {"uv": [114, 108], "uv_size": [1, 2.375]},
								"south": {"uv": [114, 111], "uv_size": [1, 2.375]},
								"west": {"uv": [114, 114], "uv_size": [1, 2.375]},
								"up": {"uv": [121, 4], "uv_size": [1, 1]},
								"down": {"uv": [121, 6], "uv_size": [1, -1]}
							}
						},
						{
							"origin": [-1.99821, 17.29816, 2.275],
							"size": [1, 2.35, 1.05],
							"pivot": [-1.58205, 18.49859, 1.75],
							"rotation": [90, -50, -90],
							"uv": {
								"north": {"uv": [115, 0], "uv_size": [1, 2.375]},
								"east": {"uv": [1, 115], "uv_size": [1, 2.375]},
								"south": {"uv": [2, 115], "uv_size": [1, 2.375]},
								"west": {"uv": [3, 115], "uv_size": [1, 2.375]},
								"up": {"uv": [121, 9], "uv_size": [1, 1]},
								"down": {"uv": [121, 11], "uv_size": [1, -1]}
							}
						},
						{
							"origin": [-3.525, 19.45, -2.125],
							"size": [3.9, 0.4, 3.9],
							"uv": {
								"north": {"uv": [117, 102], "uv_size": [3.875, 0.375]},
								"east": {"uv": [16, 118], "uv_size": [3.875, 0.375]},
								"south": {"uv": [20, 118], "uv_size": [3.875, 0.375]},
								"west": {"uv": [24, 118], "uv_size": [3.875, 0.375]},
								"up": {"uv": [2, 74], "uv_size": [3.875, 3.875]},
								"down": {"uv": [74, 8.875], "uv_size": [3.875, -3.875]}
							}
						},
						{
							"origin": [-3.65, 19.825, -1.85],
							"size": [1.75, 4.1, 3.3],
							"pivot": [-3.325, 25.275, -0.2],
							"rotation": [0, 0, 10],
							"uv": {
								"north": {"uv": [10, 101], "uv_size": [1.75, 4.125]},
								"east": {"uv": [79, 54], "uv_size": [3.25, 4.125]},
								"south": {"uv": [101, 20], "uv_size": [1.75, 4.125]},
								"west": {"uv": [79, 59], "uv_size": [3.25, 4.125]},
								"up": {"uv": [104, 67], "uv_size": [1.75, 3.25]},
								"down": {"uv": [104, 74.25], "uv_size": [1.75, -3.25]}
							}
						},
						{
							"origin": [-3.1, 19.875, -0.15],
							"size": [1.75, 4.05, 3.3],
							"pivot": [-1.675, 25.275, 1.5],
							"rotation": [90, -80, -90],
							"uv": {
								"north": {"uv": [69, 101], "uv_size": [1.75, 4]},
								"east": {"uv": [80, 25], "uv_size": [3.25, 4]},
								"south": {"uv": [71, 101], "uv_size": [1.75, 4]},
								"west": {"uv": [80, 29], "uv_size": [3.25, 4]},
								"up": {"uv": [104, 89], "uv_size": [1.75, 3.25]},
								"down": {"uv": [104, 106.25], "uv_size": [1.75, -3.25]}
							}
						},
						{
							"origin": [-1.4, 19.825, -1.85],
							"size": [1.75, 4.1, 3.3],
							"pivot": [0.025, 25.275, -0.2],
							"rotation": [0, 0, -10],
							"uv": {
								"north": {"uv": [101, 25], "uv_size": [1.75, 4.125]},
								"east": {"uv": [79, 64], "uv_size": [3.25, 4.125]},
								"south": {"uv": [36, 101], "uv_size": [1.75, 4.125]},
								"west": {"uv": [69, 79], "uv_size": [3.25, 4.125]},
								"up": {"uv": [4, 105], "uv_size": [1.75, 3.25]},
								"down": {"uv": [6, 108.25], "uv_size": [1.75, -3.25]}
							}
						},
						{
							"origin": [-2.1, 19.825, -3.45],
							"size": [1.75, 4.1, 3.3],
							"pivot": [-1.675, 25.275, -1.8],
							"rotation": [-90, -80, 90],
							"uv": {
								"north": {"uv": [43, 101], "uv_size": [1.75, 4.125]},
								"east": {"uv": [79, 74], "uv_size": [3.25, 4.125]},
								"south": {"uv": [101, 45], "uv_size": [1.75, 4.125]},
								"west": {"uv": [79, 79], "uv_size": [3.25, 4.125]},
								"up": {"uv": [105, 9], "uv_size": [1.75, 3.25]},
								"down": {"uv": [12, 108.25], "uv_size": [1.75, -3.25]}
							}
						}
					]
				},
				{
					"name": "RightHand",
					"parent": "RightForeArm",
					"pivot": [-1.725, 18.15, -0.175]
				},
				{
					"name": "RightHandLocator",
					"parent": "RightHand",
					"pivot": [-1.725, 18.15, -0.175]
				},
				{
					"name": "BladeLocator",
					"parent": "RightHand",
					"pivot": [-1.725, 18.15, -0.175]
				}
			]
		}
	]
}