{
	"format_version": "1.12.0",
	"minecraft:geometry": [
		{
			"description": {
				"identifier": "geometry.unknown",
				"texture_width": 32,
				"texture_height": 32,
				"visible_bounds_width": 2,
				"visible_bounds_height": 1.5,
				"visible_bounds_offset": [0, 0.25, 0]
			},
			"bones": [
				{
					"name": "bow",
					"pivot": [8, 0, 0],
					"rotation": [0, 90, 0],
					"cubes": [
						{
							"origin": [7.75, -0.25, -14.5],
							"size": [0.5, 0.5, 25.75],
							"uv": {
								"north": {"uv": [19, 20], "uv_size": [1, 1]},
								"east": {"uv": [0, 0], "uv_size": [26, 1]},
								"south": {"uv": [20, 20], "uv_size": [1, 1]},
								"west": {"uv": [0, 1], "uv_size": [26, 1]},
								"up": {"uv": [0, 2], "uv_size": [1, 26]},
								"down": {"uv": [1, 28], "uv_size": [1, -26]}
							}
						},
						{
							"origin": [7.75, 0.8125, -14.625],
							"size": [0.5, 0.5, 3],
							"pivot": [8, 1.0625, -9.125],
							"rotation": [11, 0, 0],
							"uv": {
								"north": {"uv": [4, 21], "uv_size": [1, 1]},
								"east": {"uv": [12, 4], "uv_size": [3, 1]},
								"south": {"uv": [21, 4], "uv_size": [1, 1]},
								"west": {"uv": [12, 5], "uv_size": [3, 1]},
								"up": {"uv": [6, 12], "uv_size": [1, 3]},
								"down": {"uv": [7, 15], "uv_size": [1, -3]}
							}
						},
						{
							"origin": [7.75, -1.3125, -14.625],
							"size": [0.5, 0.5, 3],
							"pivot": [8, -1.0625, -9.125],
							"rotation": [-11, 0, 0],
							"uv": {
								"north": {"uv": [5, 21], "uv_size": [1, 1]},
								"east": {"uv": [8, 12], "uv_size": [3, 1]},
								"south": {"uv": [21, 5], "uv_size": [1, 1]},
								"west": {"uv": [12, 8], "uv_size": [3, 1]},
								"up": {"uv": [12, 9], "uv_size": [1, 3]},
								"down": {"uv": [11, 15], "uv_size": [1, -3]}
							}
						},
						{
							"origin": [7.75, 0.04377, -14.49441],
							"size": [0.5, 0.5, 3],
							"pivot": [8, 0, -13.05151],
							"rotation": [11, 0, -90],
							"uv": {
								"north": {"uv": [6, 21], "uv_size": [1, 1]},
								"east": {"uv": [12, 12], "uv_size": [3, 1]},
								"south": {"uv": [21, 6], "uv_size": [1, 1]},
								"west": {"uv": [8, 13], "uv_size": [3, 1]},
								"up": {"uv": [13, 9], "uv_size": [1, 3]},
								"down": {"uv": [12, 16], "uv_size": [1, -3]}
							}
						},
						{
							"origin": [7.75, -0.54377, -14.49441],
							"size": [0.5, 0.5, 3],
							"pivot": [8, 0, -13.05151],
							"rotation": [-11, 0, -90],
							"uv": {
								"north": {"uv": [7, 21], "uv_size": [1, 1]},
								"east": {"uv": [13, 13], "uv_size": [3, 1]},
								"south": {"uv": [21, 7], "uv_size": [1, 1]},
								"west": {"uv": [14, 6], "uv_size": [3, 1]},
								"up": {"uv": [4, 14], "uv_size": [1, 3]},
								"down": {"uv": [5, 17], "uv_size": [1, -3]}
							}
						},
						{
							"origin": [7.8125, 0.18118, 3.95093],
							"size": [0.375, 1.25, 4],
							"pivot": [8, 0.87692, 7.61562],
							"rotation": [6, 0, 0],
							"uv": {
								"north": {"uv": [9, 21], "uv_size": [1, 1]},
								"east": {"uv": [4, 4], "uv_size": [4, 1]},
								"south": {"uv": [10, 21], "uv_size": [1, 1]},
								"west": {"uv": [4, 5], "uv_size": [4, 1]},
								"up": {"uv": [4, 6], "uv_size": [1, 4]},
								"down": {"uv": [5, 10], "uv_size": [1, -4]}
							}
						},
						{
							"origin": [7.8125, 0.25636, 7.76874],
							"size": [0.375, 1.25, 1.5],
							"inflate": 0.01,
							"pivot": [8, 0.87692, 7.61562],
							"rotation": [-11.5, 0, 0],
							"uv": {
								"north": {"uv": [21, 10], "uv_size": [1, 1]},
								"east": {"uv": [18, 11], "uv_size": [2, 1]},
								"south": {"uv": [11, 21], "uv_size": [1, 1]},
								"west": {"uv": [18, 12], "uv_size": [2, 1]},
								"up": {"uv": [14, 18], "uv_size": [1, 2]},
								"down": {"uv": [15, 20], "uv_size": [1, -2]}
							}
						},
						{
							"origin": [7.8125, -1.43118, 3.95093],
							"size": [0.375, 1.25, 4],
							"pivot": [8, -0.87692, 7.61562],
							"rotation": [-6, 0, 0],
							"uv": {
								"north": {"uv": [21, 11], "uv_size": [1, 1]},
								"east": {"uv": [6, 6], "uv_size": [4, 1]},
								"south": {"uv": [12, 21], "uv_size": [1, 1]},
								"west": {"uv": [6, 7], "uv_size": [4, 1]},
								"up": {"uv": [6, 8], "uv_size": [1, 4]},
								"down": {"uv": [7, 12], "uv_size": [1, -4]}
							}
						},
						{
							"origin": [7.8125, -1.50636, 7.76874],
							"size": [0.375, 1.25, 1.5],
							"inflate": 0.01,
							"pivot": [8, -0.87692, 7.61562],
							"rotation": [11.5, 0, 0],
							"uv": {
								"north": {"uv": [21, 12], "uv_size": [1, 1]},
								"east": {"uv": [18, 17], "uv_size": [2, 1]},
								"south": {"uv": [21, 13], "uv_size": [1, 1]},
								"west": {"uv": [18, 18], "uv_size": [2, 1]},
								"up": {"uv": [16, 18], "uv_size": [1, 2]},
								"down": {"uv": [19, 10], "uv_size": [1, -2]}
							}
						},
						{
							"origin": [8.3125, -0.43776, 7.71238],
							"size": [0.375, 1.25, 1.5],
							"inflate": 0.01,
							"pivot": [8.5, 0, 8.55134],
							"rotation": [-11.5, 0, 90],
							"uv": {
								"north": {"uv": [21, 14], "uv_size": [1, 1]},
								"east": {"uv": [19, 10], "uv_size": [2, 1]},
								"south": {"uv": [21, 15], "uv_size": [1, 1]},
								"west": {"uv": [19, 13], "uv_size": [2, 1]},
								"up": {"uv": [12, 19], "uv_size": [1, 2]},
								"down": {"uv": [18, 21], "uv_size": [1, -2]}
							}
						},
						{
							"origin": [8.3125, -0.34649, 3.98899],
							"size": [0.375, 1.25, 4],
							"pivot": [8.5, 0, 7.37064],
							"rotation": [6, 0, 90],
							"uv": {
								"north": {"uv": [21, 17], "uv_size": [1, 1]},
								"east": {"uv": [8, 4], "uv_size": [4, 1]},
								"south": {"uv": [18, 21], "uv_size": [1, 1]},
								"west": {"uv": [8, 5], "uv_size": [4, 1]},
								"up": {"uv": [8, 8], "uv_size": [1, 4]},
								"down": {"uv": [9, 12], "uv_size": [1, -4]}
							}
						},
						{
							"origin": [7.3125, -0.43776, 7.71238],
							"size": [0.375, 1.25, 1.5],
							"inflate": 0.01,
							"pivot": [7.5, 0, 8.55134],
							"rotation": [-11.5, 0, -90],
							"uv": {
								"north": {"uv": [21, 18], "uv_size": [1, 1]},
								"east": {"uv": [19, 19], "uv_size": [2, 1]},
								"south": {"uv": [19, 21], "uv_size": [1, 1]},
								"west": {"uv": [4, 20], "uv_size": [2, 1]},
								"up": {"uv": [20, 6], "uv_size": [1, 2]},
								"down": {"uv": [8, 22], "uv_size": [1, -2]}
							}
						},
						{
							"origin": [7.3125, -0.34649, 3.98899],
							"size": [0.375, 1.25, 4],
							"pivot": [7.5, 0, 7.37064],
							"rotation": [6, 0, -90],
							"uv": {
								"north": {"uv": [21, 19], "uv_size": [1, 1]},
								"east": {"uv": [10, 6], "uv_size": [4, 1]},
								"south": {"uv": [20, 21], "uv_size": [1, 1]},
								"west": {"uv": [10, 7], "uv_size": [4, 1]},
								"up": {"uv": [4, 10], "uv_size": [1, 4]},
								"down": {"uv": [5, 14], "uv_size": [1, -4]}
							}
						}
					]
				},
				{
					"name": "crossbow",
					"pivot": [8, 0, 0],
					"rotation": [0, 90, 0],
					"cubes": [
						{
							"origin": [7.75, -0.25, -14.5],
							"size": [0.5, 0.5, 21.75],
							"uv": {
								"north": {"uv": [21, 20], "uv_size": [1, 1]},
								"east": {"uv": [2, 2], "uv_size": [22, 1]},
								"south": {"uv": [21, 21], "uv_size": [1, 1]},
								"west": {"uv": [2, 3], "uv_size": [22, 1]},
								"up": {"uv": [2, 4], "uv_size": [1, 22]},
								"down": {"uv": [3, 26], "uv_size": [1, -22]}
							}
						},
						{
							"origin": [7.75391, 0.8125, -14.625],
							"size": [0.49219, 0.5, 2.5],
							"pivot": [8, 1.0625, -9.125],
							"rotation": [11, 0, 0],
							"uv": {
								"north": {"uv": [4, 22], "uv_size": [1, 1]},
								"east": {"uv": [14, 7], "uv_size": [3, 1]},
								"south": {"uv": [22, 4], "uv_size": [1, 1]},
								"west": {"uv": [8, 14], "uv_size": [3, 1]},
								"up": {"uv": [14, 9], "uv_size": [1, 3]},
								"down": {"uv": [13, 17], "uv_size": [1, -3]}
							}
						},
						{
							"origin": [7.75, -0.54377, -12.25913],
							"size": [0.5, 0.5, 2.5],
							"pivot": [8, 0, -11.20203],
							"rotation": [11, 0, -90],
							"uv": {
								"north": {"uv": [5, 22], "uv_size": [1, 1]},
								"east": {"uv": [14, 14], "uv_size": [3, 1]},
								"south": {"uv": [22, 5], "uv_size": [1, 1]},
								"west": {"uv": [15, 4], "uv_size": [3, 1]},
								"up": {"uv": [6, 15], "uv_size": [1, 3]},
								"down": {"uv": [7, 18], "uv_size": [1, -3]}
							}
						},
						{
							"origin": [7.75, -1.3125, -12.12854],
							"size": [0.5, 0.5, 2.5],
							"pivot": [8, -1.0625, -15.12854],
							"rotation": [11, 0, 0],
							"uv": {
								"north": {"uv": [6, 22], "uv_size": [1, 1]},
								"east": {"uv": [15, 5], "uv_size": [3, 1]},
								"south": {"uv": [22, 6], "uv_size": [1, 1]},
								"west": {"uv": [8, 15], "uv_size": [3, 1]},
								"up": {"uv": [15, 8], "uv_size": [1, 3]},
								"down": {"uv": [11, 18], "uv_size": [1, -3]}
							}
						},
						{
							"origin": [7.75, 0.04377, -12.25913],
							"size": [0.5, 0.5, 2.5],
							"pivot": [8, 0, -11.20203],
							"rotation": [-11, 0, -90],
							"uv": {
								"north": {"uv": [7, 22], "uv_size": [1, 1]},
								"east": {"uv": [15, 11], "uv_size": [3, 1]},
								"south": {"uv": [22, 7], "uv_size": [1, 1]},
								"west": {"uv": [15, 12], "uv_size": [3, 1]},
								"up": {"uv": [14, 15], "uv_size": [1, 3]},
								"down": {"uv": [15, 18], "uv_size": [1, -3]}
							}
						},
						{
							"origin": [7.75, 0.8125, -12.12854],
							"size": [0.5, 0.5, 2.5],
							"pivot": [8, 1.0625, -15.12854],
							"rotation": [-11, 0, 0],
							"uv": {
								"north": {"uv": [8, 22], "uv_size": [1, 1]},
								"east": {"uv": [8, 16], "uv_size": [3, 1]},
								"south": {"uv": [22, 8], "uv_size": [1, 1]},
								"west": {"uv": [16, 8], "uv_size": [3, 1]},
								"up": {"uv": [12, 16], "uv_size": [1, 3]},
								"down": {"uv": [16, 18], "uv_size": [1, -3]}
							}
						},
						{
							"origin": [7.75391, -1.3125, -14.625],
							"size": [0.49219, 0.5, 2.5],
							"pivot": [8, -1.0625, -9.125],
							"rotation": [-11, 0, 0],
							"uv": {
								"north": {"uv": [9, 22], "uv_size": [1, 1]},
								"east": {"uv": [16, 9], "uv_size": [3, 1]},
								"south": {"uv": [22, 9], "uv_size": [1, 1]},
								"west": {"uv": [16, 10], "uv_size": [3, 1]},
								"up": {"uv": [4, 17], "uv_size": [1, 3]},
								"down": {"uv": [5, 20], "uv_size": [1, -3]}
							}
						},
						{
							"origin": [7.75, 0.04377, -14.49441],
							"size": [0.5, 0.5, 2.5],
							"pivot": [8, 0, -13.05151],
							"rotation": [11, 0, -90],
							"uv": {
								"north": {"uv": [10, 22], "uv_size": [1, 1]},
								"east": {"uv": [16, 13], "uv_size": [3, 1]},
								"south": {"uv": [22, 10], "uv_size": [1, 1]},
								"west": {"uv": [17, 6], "uv_size": [3, 1]},
								"up": {"uv": [8, 17], "uv_size": [1, 3]},
								"down": {"uv": [9, 20], "uv_size": [1, -3]}
							}
						},
						{
							"origin": [7.75, -0.54377, -14.49441],
							"size": [0.5, 0.5, 2.5],
							"pivot": [8, 0, -13.05151],
							"rotation": [-11, 0, -90],
							"uv": {
								"north": {"uv": [11, 22], "uv_size": [1, 1]},
								"east": {"uv": [17, 7], "uv_size": [3, 1]},
								"south": {"uv": [22, 11], "uv_size": [1, 1]},
								"west": {"uv": [17, 14], "uv_size": [3, 1]},
								"up": {"uv": [10, 17], "uv_size": [1, 3]},
								"down": {"uv": [13, 20], "uv_size": [1, -3]}
							}
						},
						{
							"origin": [8.49259, -0.44776, 3.37707],
							"size": [0.37891, 1.25, 1.5],
							"inflate": 0.01,
							"pivot": [8.68399, -0.01, 4.21603],
							"rotation": [-11.5, 0, 90],
							"uv": {
								"north": {"uv": [12, 22], "uv_size": [1, 1]},
								"east": {"uv": [20, 8], "uv_size": [2, 1]},
								"south": {"uv": [22, 12], "uv_size": [1, 1]},
								"west": {"uv": [9, 20], "uv_size": [2, 1]},
								"up": {"uv": [20, 11], "uv_size": [1, 2]},
								"down": {"uv": [13, 22], "uv_size": [1, -2]}
							}
						},
						{
							"origin": [8.5004, -1.55635, 2.11822],
							"size": [0.33984, 1.73516, 2.0375],
							"inflate": 0.01,
							"pivot": [8.68399, -0.01, 4.24468],
							"rotation": [0, 0, 90],
							"uv": {
								"north": {"uv": [14, 20], "uv_size": [1, 2]},
								"east": {"uv": [10, 8], "uv_size": [2, 2]},
								"south": {"uv": [20, 14], "uv_size": [1, 2]},
								"west": {"uv": [10, 10], "uv_size": [2, 2]},
								"up": {"uv": [15, 20], "uv_size": [1, 2]},
								"down": {"uv": [16, 22], "uv_size": [1, -2]}
							}
						},
						{
							"origin": [7.17994, -0.025, 0.96745],
							"size": [0.375, 0.65, 3],
							"pivot": [7.36744, 0, 2.96745],
							"rotation": [28.5, 0, -90],
							"uv": {
								"north": {"uv": [13, 22], "uv_size": [1, 1]},
								"east": {"uv": [17, 15], "uv_size": [3, 1]},
								"south": {"uv": [22, 13], "uv_size": [1, 1]},
								"west": {"uv": [17, 16], "uv_size": [3, 1]},
								"up": {"uv": [17, 17], "uv_size": [1, 3]},
								"down": {"uv": [6, 21], "uv_size": [1, -3]}
							}
						},
						{
							"origin": [7.12851, -0.44776, 3.37707],
							"size": [0.37891, 1.25, 1.5],
							"inflate": 0.01,
							"pivot": [7.31601, -0.01, 4.21603],
							"rotation": [-11.5, 0, -90],
							"uv": {
								"north": {"uv": [14, 22], "uv_size": [1, 1]},
								"east": {"uv": [20, 9], "uv_size": [2, 1]},
								"south": {"uv": [22, 14], "uv_size": [1, 1]},
								"west": {"uv": [20, 16], "uv_size": [2, 1]},
								"up": {"uv": [17, 20], "uv_size": [1, 2]},
								"down": {"uv": [20, 19], "uv_size": [1, -2]}
							}
						},
						{
							"origin": [8.44506, -0.025, 0.96745],
							"size": [0.375, 0.65, 3],
							"pivot": [8.63256, 0, 2.96745],
							"rotation": [28.5, 0, 90],
							"uv": {
								"north": {"uv": [15, 22], "uv_size": [1, 1]},
								"east": {"uv": [18, 4], "uv_size": [3, 1]},
								"south": {"uv": [22, 15], "uv_size": [1, 1]},
								"west": {"uv": [18, 5], "uv_size": [3, 1]},
								"up": {"uv": [7, 18], "uv_size": [1, 3]},
								"down": {"uv": [11, 21], "uv_size": [1, -3]}
							}
						}
					]
				}
			]
		}
	]
}