{
	"format_version": "1.8.0",
	"animations": {
		"extra1": {
			"loop": "hold_on_last_frame",
			"animation_length": 1.5,
			"bones": {
				"UpBody": {
					"rotation": {
						"0.0": [0, 0, 0],
						"0.0417": [-0.03391, 3.91064, -1.87489],
						"0.0833": [-0.29512, 7.08127, -2.52866],
						"0.125": [-0.32902, 7.49282, -2.52154],
						"0.1667": [-0.33767, 3.76654, -1.19755],
						"0.2083": [-0.38233, 1.33125, -0.18026],
						"0.25": [-0.42699, -0.72404, 0.21291],
						"0.2917": [-0.43564, -2.49039, 0.03797],
						"0.3333": [-0.43584, -2.30684, -0.33087],
						"0.375": [-0.43644, -1.05446, -0.56932],
						"0.4167": [-0.43731, 0.59451, -0.66808],
						"0.4583": [-0.43819, 2.51866, -0.61805],
						"0.5": [-0.43879, 4.72129, -0.41069],
						"0.5417": [-0.43899, 7.50932, -0.03833],
						"0.5833": [-0.43876, 7.10977, 0.3623],
						"0.625": [-0.43793, 4.56106, 0.59003],
						"0.6667": [-0.43669, 1.6062, 0.58293],
						"0.7083": [-0.43587, -1.15831, 0.37153],
						"0.75": [-0.43564, -2.49039, 0.03797],
						"0.7917": [-0.43564, -1.89885, -0.23253],
						"0.8333": [-0.43564, -1.72209, -0.31122],
						"0.875": [-0.43564, -1.73311, -0.24534],
						"0.9167": [-0.43564, -1.87491, -0.11664],
						"0.9583": [-0.43564, -2.12803, -0.00519],
						"1.0": [-0.43564, -2.49039, 0.03797]
					}
				},
				"UpperBody": {
					"rotation": {
						"0.0": {
							"post": [0, 0, 0],
							"lerp_mode": "catmullrom"
						},
						"0.125": {
							"post": [0, -1.5, 0],
							"lerp_mode": "catmullrom"
						},
						"0.2917": {
							"post": [-0.02399, -1.0001, -0.49901],
							"lerp_mode": "catmullrom"
						},
						"0.5417": {
							"post": [0.04807, 3.49958, 1.00178],
							"lerp_mode": "catmullrom"
						},
						"0.75": [-0.02399, -1.0001, -0.49901],
						"0.7917": [-0.02399, 1.14339, -0.4991],
						"0.8333": [-0.024, 1.97059, -0.49938],
						"0.875": [-0.024, 2.43844, -0.49979],
						"0.9167": [-0.02401, 2.69725, -0.5002],
						"0.9583": [-0.02401, 2.79841, -0.50048],
						"1.5": {
							"pre": [-0.02402, 2.7499, -0.50058],
							"post": [-0.02402, 2.7499, -0.50058],
							"lerp_mode": "catmullrom"
						}
					}
				},
				"LeftArm": {
					"rotation": {
						"0.0": {
							"post": [0, 0, 0],
							"lerp_mode": "catmullrom"
						},
						"0.125": [-12.25091, -6.71887, 17.58623],
						"0.1667": [-11.39908, -7.02448, 10.19771],
						"0.2083": [-6.9991, -8.60309, 5.08116],
						"0.25": [-2.59912, -10.1817, 0.82901],
						"0.2917": [-1.74729, -10.48732, -2.28514],
						"0.5417": {
							"pre": [-2.66406, -10.29476, 2.79451],
							"post": [-2.66406, -10.29476, 2.79451],
							"lerp_mode": "catmullrom"
						},
						"0.75": [-1.74729, -10.48732, -2.28514],
						"0.7917": [-1.74729, -10.48732, -3.10806],
						"0.8333": [-1.74729, -10.48732, -3.61181],
						"0.875": [-1.74729, -10.48732, -3.69984],
						"0.9167": [-1.74729, -10.48732, -3.44376],
						"0.9583": [-1.74729, -10.48732, -2.94657],
						"1.0": [-1.74729, -10.48732, -2.28514]
					}
				},
				"RightArm": {
					"rotation": {
						"0.0": {
							"post": [0, 0, 0],
							"lerp_mode": "catmullrom"
						},
						"0.0833": {
							"post": [-59.42106, -21.71022, 37.05593],
							"lerp_mode": "catmullrom"
						},
						"0.125": {
							"post": [-73.41928, -8.49163, 94.20785],
							"lerp_mode": "catmullrom"
						},
						"0.2917": {
							"post": [62.34569, 75.04635, 168.42398],
							"lerp_mode": "catmullrom"
						},
						"0.5417": {
							"post": [-71.5683, 83.00411, 75.42083],
							"lerp_mode": "catmullrom"
						},
						"0.75": {
							"post": [40.00135, 81.00522, 145.62559],
							"lerp_mode": "catmullrom"
						}
					}
				},
				"RightForeArm": {
					"rotation": {
						"0.0": [0, 0, 0],
						"0.0417": [-4.072, 0.1226, -0.29885],
						"0.0833": [-20.06372, 1.06713, -2.60116],
						"0.125": [-78.92621, 1.18974, -2.9],
						"0.1667": [-51.36971, 1.18974, -2.9],
						"0.2083": [-21.51789, 1.18974, -2.9],
						"0.25": [-1.51698, 1.18974, -2.9],
						"0.2917": [0.52379, 1.18974, -2.9],
						"0.3333": [-5.3035, 1.18974, -2.9],
						"0.375": [-5.06397, 1.18974, -2.9],
						"0.4167": [-3.18571, 1.18974, -2.9],
						"0.4583": [-2.19363, 1.18974, -2.9],
						"0.5": [-5.23463, 1.18974, -2.9],
						"0.5417": [-21.42621, 1.18974, -2.9],
						"0.5833": [-35.93479, 1.18974, -2.9],
						"0.625": [-34.04018, 1.18974, -2.9],
						"0.6667": [-25.65621, 1.18974, -2.9],
						"0.7083": [-14.30415, 1.18974, -2.9],
						"0.75": [-3.92621, 1.18974, -2.9],
						"0.7917": [2.299, 1.18974, -2.9],
						"0.8333": [5.57495, 1.18974, -2.9],
						"0.875": [5.7414, 1.18974, -2.9],
						"0.9167": [3.81863, 1.18974, -2.9],
						"0.9583": [0.46448, 1.18974, -2.9],
						"1.0": [-3.92621, 1.18974, -2.9]
					}
				},
				"Head": {
					"rotation": {
						"0.0": {
							"post": [0, 0, 0],
							"lerp_mode": "catmullrom"
						},
						"0.125": {
							"post": [-0.10912, -7.49286, 2.49762],
							"lerp_mode": "catmullrom"
						},
						"0.2917": {
							"post": [0.54552, 5.02574, -2.42624],
							"lerp_mode": "catmullrom"
						},
						"0.5417": {
							"post": [0.98265, -5.03951, 2.4211],
							"lerp_mode": "catmullrom"
						},
						"0.75": {
							"post": [0.54552, 5.02574, -2.42624],
							"lerp_mode": "catmullrom"
						}
					}
				},
				"upbody2": {
					"rotation": {
						"0.0": [0, 0, 0],
						"0.25": [0, 0, 12.5],
						"0.5833": [0, 0, 7.5],
						"0.7917": [0, 0, 15]
					}
				},
				"head2": {
					"rotation": {
						"0.0": [0, 0, 0],
						"0.25": [0, 0, 12.5]
					}
				},
				"leftarm2": {
					"rotation": {
						"0.0": [0, 0, 0],
						"0.25": [0, 0, -20],
						"0.5833": [0, 0, -10],
						"0.7917": [0, 0, -22.5]
					}
				},
				"leftarm3": {
					"rotation": {
						"0.0": [0, 0, 0],
						"0.25": [0, 0, 125],
						"0.5833": [0, 0, 80],
						"0.7917": [0, 0, 122.5]
					}
				}
			}
		},
		"extra2": {
			"loop": "hold_on_last_frame",
			"animation_length": 1.5,
			"bones": {
				"Root": {
					"scale": 1
				},
				"UpBody": {
					"rotation": {
						"0.0": [0, 0, 0],
						"0.0833": [0.30154, 8.79463, 1.72251],
						"0.125": [0.55404, 12.48791, 2.56062],
						"0.2083": [0.3047, 12.71256, 2.60542],
						"0.2917": [0.3879, 12.49408, 1.79246],
						"0.3333": [0.54852, 12.26934, 1.88488],
						"0.4167": [0.55404, 12.48791, 2.56062],
						"0.5": [0.3047, 12.71256, 2.60542],
						"0.5833": [0.3879, 12.49408, 1.79246],
						"0.625": [0.54852, 12.26934, 1.88488],
						"0.7083": [0.55404, 12.48791, 2.56062],
						"0.7917": [0.3047, 12.71256, 2.60542],
						"0.8333": [0.3879, 12.49408, 1.79246],
						"0.9167": [0.54852, 12.26934, 1.88488],
						"1.0": [0.55404, 12.48791, 2.56062]
					}
				},
				"UpperBody": {
					"rotation": {
						"0.0": {
							"post": [0, 0, 0],
							"lerp_mode": "catmullrom"
						},
						"0.2917": {
							"post": [-0.03935, 4.49983, -0.50155],
							"lerp_mode": "catmullrom"
						},
						"0.4167": {
							"post": [0, 0.5, 0],
							"lerp_mode": "catmullrom"
						},
						"0.5833": {
							"post": [-0.03935, 4.49983, -0.50155],
							"lerp_mode": "catmullrom"
						},
						"0.7083": {
							"post": [0, 0.5, 0],
							"lerp_mode": "catmullrom"
						},
						"0.8333": {
							"post": [0, 2.5, 0],
							"lerp_mode": "catmullrom"
						},
						"1.0": {
							"post": [0, 0.5, 0],
							"lerp_mode": "catmullrom"
						}
					}
				},
				"LeftArm": {
					"rotation": {
						"0.0": {
							"post": [0, 0, 0],
							"lerp_mode": "catmullrom"
						},
						"0.125": {
							"post": [-59.37411, 31.46067, -44.33946],
							"lerp_mode": "catmullrom"
						},
						"0.2917": {
							"post": [-60.01498, 34.88013, -45.41058],
							"lerp_mode": "catmullrom"
						},
						"0.4167": {
							"post": [-67.89729, 33.23008, -48.58633],
							"lerp_mode": "catmullrom"
						},
						"0.5833": {
							"post": [-59.37411, 31.46067, -44.33946],
							"lerp_mode": "catmullrom"
						},
						"0.625": {
							"post": [-60.01498, 34.88013, -45.41058],
							"lerp_mode": "catmullrom"
						},
						"0.7083": {
							"post": [-67.89729, 33.23008, -48.58633],
							"lerp_mode": "catmullrom"
						},
						"0.8333": {
							"post": [-59.37411, 31.46067, -44.33946],
							"lerp_mode": "catmullrom"
						},
						"0.9167": {
							"post": [-60.01498, 34.88013, -45.41058],
							"lerp_mode": "catmullrom"
						},
						"1.0": {
							"post": [-67.89729, 33.23008, -48.58633],
							"lerp_mode": "catmullrom"
						}
					}
				},
				"LeftForeArm": {
					"rotation": {
						"0.0": {
							"post": [0, 0, 0],
							"lerp_mode": "catmullrom"
						},
						"0.125": {
							"post": [-57.5, 0, 0],
							"lerp_mode": "catmullrom"
						},
						"0.2917": {
							"post": [-52.5, 0, 0],
							"lerp_mode": "catmullrom"
						},
						"0.4167": {
							"post": [-57.5, 0, 0],
							"lerp_mode": "catmullrom"
						},
						"0.5833": {
							"post": [-57.5, 0, 0],
							"lerp_mode": "catmullrom"
						},
						"0.625": {
							"post": [-52.5, 0, 0],
							"lerp_mode": "catmullrom"
						},
						"0.7083": {
							"post": [-57.5, 0, 0],
							"lerp_mode": "catmullrom"
						},
						"0.8333": {
							"post": [-57.5, 0, 0],
							"lerp_mode": "catmullrom"
						},
						"0.9167": {
							"post": [-52.5, 0, 0],
							"lerp_mode": "catmullrom"
						},
						"1.0": {
							"post": [-57.5, 0, 0],
							"lerp_mode": "catmullrom"
						}
					}
				},
				"RightArm": {
					"rotation": {
						"0.0": {
							"post": [0, 0, 0],
							"lerp_mode": "catmullrom"
						},
						"0.125": {
							"post": [-65.61482, -1.0823, 78.81763],
							"lerp_mode": "catmullrom"
						},
						"0.2917": {
							"post": [-67.81604, 1.71605, 47.4038],
							"lerp_mode": "catmullrom"
						},
						"0.4167": {
							"post": [-74.59409, -20.31435, 65.81328],
							"lerp_mode": "catmullrom"
						},
						"0.5833": {
							"post": [-65.61482, -1.0823, 78.81763],
							"lerp_mode": "catmullrom"
						},
						"0.625": {
							"post": [-67.81604, 1.71605, 47.4038],
							"lerp_mode": "catmullrom"
						},
						"0.7083": {
							"post": [-74.59409, -20.31435, 65.81328],
							"lerp_mode": "catmullrom"
						},
						"0.8333": {
							"post": [-65.61482, -1.0823, 78.81763],
							"lerp_mode": "catmullrom"
						},
						"0.9167": {
							"post": [-67.81604, 1.71605, 47.4038],
							"lerp_mode": "catmullrom"
						},
						"1.0": {
							"post": [-74.59409, -20.31435, 65.81328],
							"lerp_mode": "catmullrom"
						}
					}
				},
				"RightForeArm": {
					"rotation": {
						"0.0": {
							"post": [0, 0, 0],
							"lerp_mode": "catmullrom"
						},
						"0.125": {
							"post": [-75, 0, 0],
							"lerp_mode": "catmullrom"
						},
						"0.2917": {
							"post": [-74.77926, 9.65594, 2.61298],
							"lerp_mode": "catmullrom"
						},
						"0.4167": {
							"post": [-62.5, 0, 0],
							"lerp_mode": "catmullrom"
						},
						"0.5833": {
							"post": [-75, 0, 0],
							"lerp_mode": "catmullrom"
						},
						"0.625": {
							"post": [-74.77926, 9.65594, 2.61298],
							"lerp_mode": "catmullrom"
						},
						"0.7083": {
							"post": [-62.5, 0, 0],
							"lerp_mode": "catmullrom"
						},
						"0.8333": {
							"post": [-75, 0, 0],
							"lerp_mode": "catmullrom"
						},
						"0.9167": {
							"post": [-74.77926, 9.65594, 2.61298],
							"lerp_mode": "catmullrom"
						},
						"1.0": {
							"post": [-62.5, 0, 0],
							"lerp_mode": "catmullrom"
						}
					}
				},
				"AllBody": {
					"scale": 1
				},
				"Head": {
					"rotation": {
						"0.0": [0, 0, 0],
						"0.125": [0.39753, -13.49938, -1.03041]
					}
				},
				"leftarm2": {
					"rotation": {
						"0.0": [0, 0, 0],
						"0.2917": [-82.14048, -17.34551, 15.14334],
						"0.4583": [-83.55854, 17.62665, 15.13969],
						"0.625": [-82.14048, -17.34551, 15.14334],
						"0.75": [-83.78134, 22.62227, 15.06296],
						"0.9167": [-82.03122, -19.84337, 15.10849],
						"1.0": [-83.78134, 22.62227, 15.06296]
					}
				},
				"leftarm3": {
					"rotation": {
						"0.0": [0, 0, 0],
						"0.2917": [79.52521, -17.22575, -14.36612],
						"0.4583": [82.02779, 27.70886, -14.11868],
						"0.625": [79.94004, -9.73659, -14.46304],
						"0.75": [82.02779, 27.70886, -14.11868],
						"0.9167": [79.23031, -22.21805, -14.26652],
						"1.0": [81.55771, 20.22114, -14.31003]
					}
				}
			}
		},
		"extra3": {
			"loop": "hold_on_last_frame",
			"animation_length": 1.5,
			"bones": {
				"Root": {
					"position": {
						"0.0": {
							"post": [0, 0, 0],
							"lerp_mode": "catmullrom"
						},
						"0.25": {
							"post": [0, -0.25, 0],
							"lerp_mode": "catmullrom"
						}
					},
					"scale": {
						"0.0": {
							"post": [1, 1, 1],
							"lerp_mode": "catmullrom"
						}
					}
				},
				"UpBody": {
					"rotation": {
						"0.0": {
							"post": [0, 0, 0],
							"lerp_mode": "catmullrom"
						},
						"0.1667": {
							"post": [-2.5, 0, 0],
							"lerp_mode": "catmullrom"
						},
						"0.3333": {
							"post": [-4, 0, 0],
							"lerp_mode": "catmullrom"
						},
						"0.4167": {
							"post": [-3, 0, 0],
							"lerp_mode": "catmullrom"
						},
						"0.6667": {
							"post": [-3.5, 0, 0],
							"lerp_mode": "catmullrom"
						},
						"0.8333": {
							"post": [-4, 0, 0],
							"lerp_mode": "catmullrom"
						}
					}
				},
				"UpperBody": {
					"rotation": {
						"0.0": {
							"post": [0, 0, 0],
							"lerp_mode": "catmullrom"
						},
						"0.25": {
							"post": [-5, 0, 0],
							"lerp_mode": "catmullrom"
						},
						"0.4167": {
							"post": [5, 0, 0],
							"lerp_mode": "catmullrom"
						},
						"0.6667": {
							"post": [4.25, 0, 0],
							"lerp_mode": "catmullrom"
						},
						"0.8333": {
							"post": [5, 0, 0],
							"lerp_mode": "catmullrom"
						}
					}
				},
				"LeftArm": {
					"rotation": {
						"0.0": {
							"post": [0, 0, 0],
							"lerp_mode": "catmullrom"
						},
						"0.25": {
							"post": [-87.85882, 4.61451, -80.51949],
							"lerp_mode": "catmullrom"
						},
						"0.4167": {
							"post": [-98.55733, 36.48777, -85.68129],
							"lerp_mode": "catmullrom"
						}
					}
				},
				"LeftForeArm": {
					"rotation": {
						"0.0": {
							"post": [0, 0, 0],
							"lerp_mode": "catmullrom"
						},
						"0.25": {
							"post": [-105, 0, 0],
							"lerp_mode": "catmullrom"
						}
					}
				},
				"RightArm": {
					"rotation": {
						"0.0": {
							"post": [0, 0, 0],
							"lerp_mode": "catmullrom"
						},
						"0.25": {
							"post": [-84.83476, -27.0478, 78.75686],
							"lerp_mode": "catmullrom"
						},
						"0.4167": {
							"post": [-95.77005, -45.85387, 82.64597],
							"lerp_mode": "catmullrom"
						}
					}
				},
				"RightForeArm": {
					"rotation": {
						"0.0": {
							"post": [0, 0, 0],
							"lerp_mode": "catmullrom"
						},
						"0.25": {
							"post": [-105, 0, 0],
							"lerp_mode": "catmullrom"
						},
						"0.4167": {
							"post": [-100, 0, 0],
							"lerp_mode": "catmullrom"
						}
					}
				},
				"LeftLeg": {
					"rotation": {
						"0.0": {
							"post": [0, 0, 0],
							"lerp_mode": "catmullrom"
						},
						"0.25": {
							"post": [0, -5, -5],
							"lerp_mode": "catmullrom"
						}
					}
				},
				"LeftFoot": {
					"rotation": {
						"0.0": {
							"post": [0, 0, 0],
							"lerp_mode": "catmullrom"
						},
						"0.25": {
							"post": [0, -5, 5],
							"lerp_mode": "catmullrom"
						}
					}
				},
				"RightLeg": {
					"rotation": {
						"0.0": {
							"post": [0, 0, 0],
							"lerp_mode": "catmullrom"
						},
						"0.25": {
							"post": [0, 5, 5],
							"lerp_mode": "catmullrom"
						}
					}
				},
				"RightFoot": {
					"rotation": {
						"0.0": {
							"post": [0, 0, 0],
							"lerp_mode": "catmullrom"
						},
						"0.25": {
							"post": [0, 5, -5],
							"lerp_mode": "catmullrom"
						}
					}
				},
				"AllBody": {
					"scale": 1
				},
				"Head": {
					"rotation": {
						"0.0": [0, 0, 0],
						"0.0833": [1.77084, 0, 0],
						"0.1667": [4.01873, 0, 0],
						"0.25": [-4.7, 0, 0],
						"0.3333": [-4.92143, 0, 0],
						"0.4167": [17.5, 0, 0],
						"0.5": [20.09526, 0, 0],
						"0.5833": [11.799, 0, 0],
						"0.6667": [-4.7, 0, 0],
						"0.75": [-3.67156, 0, 0],
						"0.8333": [17.5, 0, 0],
						"0.9167": [21.79995, 0, 0],
						"1.0": [5, 0, 0]
					}
				}
			}
		},
		"extra4": {
			"loop": "hold_on_last_frame",
			"animation_length": 1.5,
			"bones": {
				"Root": {
					"position": {
						"0.0": {
							"post": [0, 0, 0],
							"lerp_mode": "catmullrom"
						},
						"0.25": {
							"post": [0, -0.25, 0],
							"lerp_mode": "catmullrom"
						}
					},
					"scale": {
						"0.0": {
							"post": [1, 1, 1],
							"lerp_mode": "catmullrom"
						}
					}
				},
				"UpBody": {
					"rotation": {
						"0.0": {
							"post": [0, 0, 0],
							"lerp_mode": "catmullrom"
						},
						"0.1667": {
							"post": [-2.5, 0, 0],
							"lerp_mode": "catmullrom"
						},
						"0.3333": {
							"post": [-3, 0, 0],
							"lerp_mode": "catmullrom"
						},
						"0.4167": {
							"post": [-2, 0, 0],
							"lerp_mode": "catmullrom"
						},
						"0.6667": {
							"post": [-2.5, 0, 0],
							"lerp_mode": "catmullrom"
						},
						"0.8333": {
							"post": [-3, 0, 0],
							"lerp_mode": "catmullrom"
						}
					}
				},
				"UpperBody": {
					"rotation": {
						"0.0": {
							"post": [0, 0, 0],
							"lerp_mode": "catmullrom"
						},
						"0.25": {
							"post": [-5.01372, 2.9838, -0.37109],
							"lerp_mode": "catmullrom"
						},
						"0.4167": {
							"post": [5.01215, -2.33475, -0.34919],
							"lerp_mode": "catmullrom"
						},
						"0.6667": {
							"post": [4.25682, 1.21605, 0.24111],
							"lerp_mode": "catmullrom"
						},
						"0.8333": {
							"post": [5.00384, -2.24143, -0.1962],
							"lerp_mode": "catmullrom"
						}
					}
				},
				"LeftArm": {
					"rotation": {
						"0.0": {
							"post": [0, 0, 0],
							"lerp_mode": "catmullrom"
						},
						"0.25": {
							"post": [-87.85882, 4.61451, -80.51949],
							"lerp_mode": "catmullrom"
						},
						"0.4167": {
							"post": [-98.55733, 36.48777, -85.68129],
							"lerp_mode": "catmullrom"
						}
					}
				},
				"LeftForeArm": {
					"rotation": {
						"0.0": {
							"post": [0, 0, 0],
							"lerp_mode": "catmullrom"
						},
						"0.25": {
							"post": [-105, 0, 0],
							"lerp_mode": "catmullrom"
						}
					}
				},
				"RightArm": {
					"rotation": {
						"0.0": {
							"post": [0, 0, 0],
							"lerp_mode": "catmullrom"
						},
						"0.25": {
							"post": [-84.83476, -27.0478, 78.75686],
							"lerp_mode": "catmullrom"
						},
						"0.4167": {
							"post": [-95.77005, -45.85387, 82.64597],
							"lerp_mode": "catmullrom"
						}
					}
				},
				"RightForeArm": {
					"rotation": {
						"0.0": {
							"post": [0, 0, 0],
							"lerp_mode": "catmullrom"
						},
						"0.25": {
							"post": [-105, 0, 0],
							"lerp_mode": "catmullrom"
						},
						"0.4167": {
							"post": [-100, 0, 0],
							"lerp_mode": "catmullrom"
						}
					}
				},
				"LeftLeg": {
					"rotation": {
						"0.0": {
							"post": [0, 0, 0],
							"lerp_mode": "catmullrom"
						},
						"0.25": {
							"post": [0, -5, -5],
							"lerp_mode": "catmullrom"
						}
					}
				},
				"LeftFoot": {
					"rotation": {
						"0.0": {
							"post": [0, 0, 0],
							"lerp_mode": "catmullrom"
						},
						"0.25": {
							"post": [0, -5, 5],
							"lerp_mode": "catmullrom"
						}
					}
				},
				"RightLeg": {
					"rotation": {
						"0.0": {
							"post": [0, 0, 0],
							"lerp_mode": "catmullrom"
						},
						"0.25": {
							"post": [0, 5, 5],
							"lerp_mode": "catmullrom"
						}
					}
				},
				"RightFoot": {
					"rotation": {
						"0.0": {
							"post": [0, 0, 0],
							"lerp_mode": "catmullrom"
						},
						"0.25": {
							"post": [0, 5, -5],
							"lerp_mode": "catmullrom"
						}
					}
				},
				"AllBody": {
					"scale": 1
				},
				"Head": {
					"rotation": {
						"0.0": [0, 0, 0],
						"0.0833": [12.5, 0, 0],
						"0.1667": [12.7931, 13.51805, 3.54067],
						"0.25": [13.08619, 20.37228, 3.90399],
						"0.3333": [13.02579, -0.16859, 1.84312],
						"0.4167": [12.56041, -10.02382, -0.08408],
						"0.5": [12.5, 0, 0],
						"0.5833": [12.7931, 24.77059, 3.54067],
						"0.6667": [13.08619, 17.07228, 3.90399],
						"0.75": [12.85958, 4.71206, 0.5573],
						"0.8333": [12.60443, -7.32123, -1.63219],
						"0.9167": [12.60443, -10.01867, -1.9225],
						"1.0": [12.60443, -7.32123, -1.63219]
					}
				}
			}
		},
		"extra5": {
			"loop": "hold_on_last_frame",
			"animation_length": 7,
			"bones": {
				"UpperBody": {
					"rotation": {
						"4.625": [0, 0, 0],
						"4.7917": [0, 0, -5],
						"6.5": [0, 0, -5],
						"7.0": [0, 0, 0]
					}
				},
				"LeftArm": {
					"rotation": {
						"0.5": [0, 0, 0],
						"1.0": [-55.26344, -29.17209, 36.25333],
						"1.7917": [-55.26344, -29.17209, 36.25333],
						"2.0": [-49.59009, -29.98535, 33.45105],
						"3.9167": [-49.59, -29.99, 33.45],
						"4.125": [-34.53872, -48.00212, 21.89624],
						"4.625": [-34.54, -48, 21.9],
						"4.7917": [-45.40709, -26.25157, 31.63695],
						"6.5": [-45.41, -26.25, 31.64],
						"7.0": [0, 0, 0]
					},
					"scale": 1
				},
				"LeftForeArm": {
					"rotation": {
						"0.5": [0, 0, 0],
						"1.0": [0, 0, 105],
						"3.9167": [0, 0, 105],
						"4.125": [0, 0, 90],
						"4.625": [0, 0, 90],
						"4.7917": [0, 0, 107.5],
						"6.5": [0, 0, 107.5],
						"7.0": [0, 0, 0]
					}
				},
				"RightArm": {
					"rotation": {
						"0.5": [0, 0, 0],
						"1.0": [-54.98507, 24.53567, -36.99005],
						"1.7917": [-54.98507, 24.53567, -36.99005],
						"2.0": [-49.55819, 25.43412, -34.69637],
						"3.9167": [-49.56, 25.43, -34.7],
						"4.125": [-98.60091, 52.97219, -93.04538],
						"4.375": [-95.44, 18.21, -87.86],
						"4.625": [-95.44, 18.21, -87.86],
						"4.7917": [-100.80108, 12.39884, -95.79523],
						"6.5": [-100.8, 12.4, -95.8],
						"7.0": [0, 0, 0]
					}
				},
				"RightForeArm": {
					"rotation": {
						"0.5": [0, 0, 0],
						"1.0": [0, 0, -102.5],
						"3.9167": [0, 0, -102.5],
						"4.125": [0, 0, -125],
						"4.375": [0, 0, -102.5],
						"4.625": [0, 0, -102.5],
						"4.7917": [0, 0, 0],
						"6.5": [0, 0, 0],
						"7.0": [0, 0, 0]
					}
				},
				"LeftLeg": {
					"rotation": {
						"4.625": [0, 0, 0],
						"4.7917": [2.5, 0, -2.5],
						"6.5": [2.5, 0, -2.5],
						"7.0": [0, 0, 0]
					}
				},
				"LeftLowerLeg": {
					"rotation": {
						"0.0": [0, 0, 0],
						"4.625": [0, 0, 0],
						"4.7917": [92.5, 0, 0],
						"6.5": [92.5, 0, 0],
						"7.0": [0, 0, 0]
					}
				},
				"RightLeg": {
					"rotation": [0, 0, 0]
				},
				"Head": {
					"rotation": {
						"0.5": [0, 0, 0],
						"1.0": [12.5, 0, 0],
						"1.7917": [12.5, 0, 0],
						"2.0": [0, 0, 0],
						"3.9167": [0, 0, 0],
						"4.125": [7.5, 0, 0],
						"4.625": [7.5, 0, 0],
						"4.7917": [0, 0, -5],
						"6.5": [0, 0, -5],
						"7.0": [0, 0, 0]
					}
				},
				"LongHair": {
					"rotation": {
						"0.5": [0, 0, 0],
						"1.0": [-10, 0, 0],
						"1.7917": [-10, 0, 0],
						"2.0": [-2.5, 0, 0]
					}
				},
				"RightEyebrow2": {
					"position": {
						"0.0": [0, 0, 0],
						"1.0": [0, -0.5, 0],
						"1.7917": [0, -0.5, 0],
						"2.0": [0, 0, 0]
					}
				},
				"LeftEyebrow": {
					"rotation": [0, 0, 0],
					"position": {
						"0.5": [0, 0, 0],
						"1.0": [0, -0.75, 0],
						"1.7917": [0, -0.75, 0],
						"2.0": [0, 0, 0]
					}
				},
				"Eyelid": {
					"scale": {
						"0.5": [1, 1, 1],
						"1.0": [1, 0, 1],
						"1.7917": [1, 0, 1],
						"2.0": [1, 1, 1]
					}
				},
				"bone109": {
					"scale": {
						"1.7917": [0, 0, 0],
						"2.0": [1, 1, 1],
						"3.9167": [1, 1, 1],
						"4.125": [0, 0, 0],
						"4.625": [0, 0, 0],
						"4.6667": [1, 1, 1],
						"6.5": [1, 1, 1],
						"6.5417": [0, 0, 0]
					}
				},
				"bone100": {
					"rotation": {
						"0.0": [0, 0, 0],
						"0.5": [0, 0, 0],
						"1.0": [40.81914, 38.44868, 30.38564]
					},
					"position": {
						"0.0": [0, 0, 0],
						"0.5": [0, 0, 0],
						"1.0": [0.28078, -0.09539, 0.34362]
					},
					"scale": {
						"0.0": [0, 0, 0],
						"0.0417": [1, 1, 1],
						"6.5": [1, 1, 1],
						"6.5417": [0, 0, 0]
					}
				},
				"LeftEyebrow2": {
					"rotation": [0, 0, 0],
					"position": {
						"0.0": [0, 0, 0],
						"1.0": [0, -0.5, 0],
						"1.7917": [0, -0.5, 0],
						"2.0": [0, 0, 0]
					}
				},
				"RightEyebrow": {
					"rotation": [0, 0, 0],
					"position": {
						"0.5": [0, 0, 0],
						"1.0": [0, -0.75, 0],
						"1.7917": [0, -0.75, 0],
						"2.0": [0, 0, 0]
					}
				},
				"bone115": {
					"scale": {
						"0.5": [1, 1, 1],
						"0.625": [0, 0, 0],
						"6.5": [0, 0, 0],
						"6.5417": [1, 1, 1]
					}
				}
			},
			"sound_effects": {
				"1.875": {
					"effect": "8291.mp3"
				}
			}
		},
		"extra6": {
			"loop": true,
			"animation_length": 1.25,
			"bones": {
				"Root": {
					"position": {
						"0.0": {
							"post": [-1.7, -0.3, 0],
							"lerp_mode": "catmullrom"
						},
						"0.2083": {
							"post": [0, -0.176, 0.8],
							"lerp_mode": "catmullrom"
						},
						"0.4167": {
							"post": [-1.752, -0.176, 1.504],
							"lerp_mode": "catmullrom"
						},
						"0.625": {
							"post": [0, -0.2, 0],
							"lerp_mode": "catmullrom"
						},
						"0.8333": {
							"post": [-1.7, -0.176, 0.8],
							"lerp_mode": "catmullrom"
						},
						"1.0417": {
							"post": [-0.048, -0.176, 1.504],
							"lerp_mode": "catmullrom"
						},
						"1.25": {
							"post": [-1.7, -0.3, 0],
							"lerp_mode": "catmullrom"
						}
					}
				},
				"UpBody": {
					"rotation": {
						"0.0": {
							"post": [-7.47178, 0.65182, 9.95744],
							"lerp_mode": "catmullrom"
						},
						"0.2083": {
							"post": [-2.49762, -0.10901, -7.49762],
							"lerp_mode": "catmullrom"
						},
						"0.4167": {
							"post": [2.4905, -0.21782, 9.99527],
							"lerp_mode": "catmullrom"
						},
						"0.625": {
							"post": [-7.49294, -0.32621, -7.47864],
							"lerp_mode": "catmullrom"
						},
						"0.8333": {
							"post": [-2.49762, 0.10901, 7.49762],
							"lerp_mode": "catmullrom"
						},
						"0.875": [-2.15657, 0.10361, 6.30408],
						"0.9167": [-1.05505, 0.08867, 2.32902],
						"0.9583": [0.65059, 0.07147, -3.52053],
						"1.0": [2.1201, 0.07062, -7.43381],
						"1.0417": [2.49762, 0.10901, -7.49762],
						"1.0833": [1.49434, 0.20935, -4.82006],
						"1.125": [-0.6908, 0.34825, -0.33976],
						"1.1667": [-3.43871, 0.49299, 4.93636],
						"1.2083": [-6.00153, 0.6152, 9.14401],
						"1.25": [-7.47178, 0.65182, 9.95744]
					}
				},
				"LeftArm": {
					"rotation": {
						"0.0": [213.63016, 81.9239, 154.71755],
						"0.0417": [98.30781, 85.84142, 54.64277],
						"0.0833": [-35.41273, 79.83706, -61.01702],
						"0.125": [-96.88683, 67.06939, -82.22516],
						"0.1667": [-117.19656, 61.84987, -80.61467],
						"0.2083": {
							"pre": [-128.95404, 60.66211, -92.25305],
							"post": [-128.95404, 60.66211, -92.25305],
							"lerp_mode": "catmullrom"
						},
						"0.4167": {
							"post": [-23.63548, 72.78401, -81.7068],
							"lerp_mode": "catmullrom"
						},
						"0.625": {
							"post": [76.15192, 45.53235, 118.71093],
							"lerp_mode": "catmullrom"
						},
						"0.8333": {
							"post": [173.11378, 84.45061, 116.21757],
							"lerp_mode": "catmullrom"
						},
						"0.875": [192.77875, 85.57985, 131.33869],
						"0.9167": [211.14928, 83.32201, 161.11809],
						"0.9583": [227.78222, 77.21663, 207.65911],
						"1.0": [242.6076, 68.94957, 260.70635],
						"1.0417": [256.46978, 62.86388, 296.75573],
						"1.0833": [267.47949, 60.40571, 308.02464],
						"1.125": [272.84786, 60.61236, 298.36106],
						"1.1667": [271.09068, 63.71674, 269.70254],
						"1.2083": [257.74937, 70.36549, 222.29988],
						"1.25": [213.63016, 81.9239, 154.71755]
					}
				},
				"LeftForeArm": {
					"rotation": {
						"0.0": {
							"post": [-2.73862, 0, 0],
							"lerp_mode": "catmullrom"
						},
						"0.2083": {
							"post": [-60, 0, 0],
							"lerp_mode": "catmullrom"
						},
						"0.4167": {
							"post": [0, 0, 0],
							"lerp_mode": "catmullrom"
						},
						"0.625": {
							"post": [-60, 0, 0],
							"lerp_mode": "catmullrom"
						},
						"0.8333": {
							"post": [-2.73862, 0, 0],
							"lerp_mode": "catmullrom"
						},
						"1.0417": {
							"post": [-75.24, 0, 0],
							"lerp_mode": "catmullrom"
						},
						"1.25": {
							"post": [-2.73862, 0, 0],
							"lerp_mode": "catmullrom"
						}
					}
				},
				"RightArm": {
					"rotation": {
						"0.0": {
							"post": [74.28685, -57.55856, -113.16916],
							"lerp_mode": "catmullrom"
						},
						"0.2083": {
							"post": [153.19345, -83.55392, -93.67766],
							"lerp_mode": "catmullrom"
						},
						"0.4167": {
							"post": [243.96978, -62.86388, -296.75573],
							"lerp_mode": "catmullrom"
						},
						"0.625": {
							"post": [118.27589, -79.84891, -56.56154],
							"lerp_mode": "catmullrom"
						},
						"0.8333": {
							"post": [-85.80954, -67.80217, 38.2136],
							"lerp_mode": "catmullrom"
						},
						"0.875": [-84.15605, -68.3035, 40.87834],
						"0.9167": [-77.59779, -69.98122, 49.24661],
						"0.9583": [-63.73257, -72.25703, 62.50658],
						"1.0": [-44.06724, -73.33023, 75.93769],
						"1.0417": [-23.63548, -72.78401, 81.7068],
						"1.0833": [-2.00721, -70.54481, 58.80458],
						"1.125": [22.40489, -65.99125, 6.50079],
						"1.1667": [44.96607, -60.61564, -51.10382],
						"1.2083": [62.03894, -57.58969, -94.95772],
						"1.25": [74.28685, -57.55856, -113.16916]
					}
				},
				"RightForeArm": {
					"rotation": {
						"0.0": {
							"post": [-60, 0, 0],
							"lerp_mode": "catmullrom"
						},
						"0.2083": {
							"post": [-2.73862, 0, 0],
							"lerp_mode": "catmullrom"
						},
						"0.4167": {
							"post": [-75.24, 0, 0],
							"lerp_mode": "catmullrom"
						},
						"0.625": {
							"post": [-2.73862, 0, 0],
							"lerp_mode": "catmullrom"
						},
						"0.8333": {
							"post": [-60, 0, 0],
							"lerp_mode": "catmullrom"
						},
						"1.0417": {
							"post": [0, 0, 0],
							"lerp_mode": "catmullrom"
						},
						"1.25": {
							"post": [-60, 0, 0],
							"lerp_mode": "catmullrom"
						}
					}
				},
				"LeftLeg": {
					"rotation": {
						"0.0": {
							"post": [2.50238, -0.10901, -7.49762],
							"lerp_mode": "catmullrom"
						},
						"0.2083": {
							"post": [0, 0, 2.5],
							"lerp_mode": "catmullrom"
						},
						"0.4167": {
							"post": [-4.24806, -0.0905, -7.24831],
							"lerp_mode": "catmullrom"
						},
						"0.625": {
							"post": [5, 0, 2.5],
							"lerp_mode": "catmullrom"
						},
						"0.8333": {
							"post": [-3.74762, -0.10901, -7.49762],
							"lerp_mode": "catmullrom"
						},
						"1.0417": {
							"post": [-1, 0, 2.5],
							"lerp_mode": "catmullrom"
						},
						"1.25": {
							"post": [2.50238, -0.10901, -7.49762],
							"lerp_mode": "catmullrom"
						}
					}
				},
				"LeftLowerLeg": {
					"rotation": {
						"0.2083": {
							"pre": [5, 0, 0],
							"post": [5, 0, 0],
							"lerp_mode": "catmullrom"
						},
						"0.4167": {
							"post": [9.5, 0, 0],
							"lerp_mode": "catmullrom"
						},
						"0.625": {
							"post": [0, 0, 0],
							"lerp_mode": "catmullrom"
						},
						"0.8333": {
							"post": [12.5, 0, 0],
							"lerp_mode": "catmullrom"
						},
						"1.0417": {
							"post": [2.5, 0, 0],
							"lerp_mode": "catmullrom"
						},
						"1.25": {
							"post": [5, 0, 0],
							"lerp_mode": "catmullrom"
						}
					}
				},
				"LeftFoot": {
					"rotation": {
						"0.0": {
							"post": [-7.4905, 0.21782, 4.99527],
							"lerp_mode": "catmullrom"
						},
						"0.2083": {
							"post": [-4.5, 0, 0],
							"lerp_mode": "catmullrom"
						},
						"0.4167": {
							"post": [-5.4923, 0.19609, 4.49573],
							"lerp_mode": "catmullrom"
						},
						"0.625": {
							"post": [-5, 0, 0],
							"lerp_mode": "catmullrom"
						},
						"0.8333": {
							"post": [-9.2405, 0.21782, 4.99527],
							"lerp_mode": "catmullrom"
						},
						"1.0417": {
							"post": [-1, 0, 0],
							"lerp_mode": "catmullrom"
						},
						"1.25": {
							"post": [-7.4905, 0.21782, 4.99527],
							"lerp_mode": "catmullrom"
						}
					}
				},
				"RightLeg": {
					"rotation": {
						"0.0": {
							"post": [5, 0, -2.5],
							"lerp_mode": "catmullrom"
						},
						"0.2083": {
							"post": [-3.74762, 0.10901, 7.49762],
							"lerp_mode": "catmullrom"
						},
						"0.4167": {
							"post": [-1, 0, -2.5],
							"lerp_mode": "catmullrom"
						},
						"0.625": {
							"post": [2.50238, 0.10901, 7.49762],
							"lerp_mode": "catmullrom"
						},
						"0.8333": {
							"post": [0, 0, -2.5],
							"lerp_mode": "catmullrom"
						},
						"1.0417": {
							"post": [-4.24806, 0.0905, 7.24831],
							"lerp_mode": "catmullrom"
						},
						"1.25": {
							"post": [5, 0, -2.5],
							"lerp_mode": "catmullrom"
						}
					}
				},
				"RightLowerLeg": {
					"rotation": {
						"0.0": {
							"post": [0, 0, 0],
							"lerp_mode": "catmullrom"
						},
						"0.2083": {
							"post": [12.5, 0, 0],
							"lerp_mode": "catmullrom"
						},
						"0.4167": {
							"post": [2.5, 0, 0],
							"lerp_mode": "catmullrom"
						},
						"0.625": {
							"post": [5, 0, 0],
							"lerp_mode": "catmullrom"
						},
						"0.8333": {
							"post": [5, 0, 0],
							"lerp_mode": "catmullrom"
						},
						"1.0417": {
							"post": [9.5, 0, 0],
							"lerp_mode": "catmullrom"
						},
						"1.25": {
							"post": [0, 0, 0],
							"lerp_mode": "catmullrom"
						}
					}
				},
				"RightFoot": {
					"rotation": {
						"0.0": {
							"post": [-5, 0, 0],
							"lerp_mode": "catmullrom"
						},
						"0.2083": {
							"post": [-9.2405, -0.21782, -4.99527],
							"lerp_mode": "catmullrom"
						},
						"0.4167": {
							"post": [-1, 0, 0],
							"lerp_mode": "catmullrom"
						},
						"0.625": {
							"post": [-7.4905, -0.21782, -4.99527],
							"lerp_mode": "catmullrom"
						},
						"0.8333": {
							"post": [-4.5, 0, 0],
							"lerp_mode": "catmullrom"
						},
						"1.0417": {
							"post": [-5.4923, -0.19609, -4.49573],
							"lerp_mode": "catmullrom"
						},
						"1.25": {
							"post": [-5, 0, 0],
							"lerp_mode": "catmullrom"
						}
					}
				},
				"AllBody": {
					"scale": 1
				},
				"Head": {
					"rotation": {
						"0.0": {
							"post": [7.38733, 1.29876, -9.91615],
							"lerp_mode": "catmullrom"
						},
						"0.2083": {
							"post": [2.5, 0, 10],
							"lerp_mode": "catmullrom"
						},
						"0.4167": {
							"post": [-4.05471, 0.05748, -8.74314],
							"lerp_mode": "catmullrom"
						},
						"0.625": {
							"post": [4.99762, 0.10901, 7.50238],
							"lerp_mode": "catmullrom"
						},
						"0.8333": {
							"post": [2.5, 0, -5],
							"lerp_mode": "catmullrom"
						},
						"1.0417": {
							"post": [0.00238, 0.10901, 10.00238],
							"lerp_mode": "catmullrom"
						},
						"1.25": {
							"post": [7.38733, 1.29876, -9.91615],
							"lerp_mode": "catmullrom"
						}
					}
				},
				"DownBody": {
					"rotation": {
						"0.0": {
							"post": [0, 0, 2.5],
							"lerp_mode": "catmullrom"
						},
						"0.2083": {
							"post": [0, 0, -2.5],
							"lerp_mode": "catmullrom"
						},
						"0.4167": {
							"post": [0, 0, 2.5],
							"lerp_mode": "catmullrom"
						},
						"0.625": {
							"post": [0, 0, -2.5],
							"lerp_mode": "catmullrom"
						},
						"0.8333": {
							"post": [0, 0, 2.5],
							"lerp_mode": "catmullrom"
						},
						"1.0417": {
							"post": [0, 0, -2.5],
							"lerp_mode": "catmullrom"
						},
						"1.25": {
							"post": [0, 0, 2.5],
							"lerp_mode": "catmullrom"
						}
					}
				}
			}
		},
		"extra7": {
			"loop": "hold_on_last_frame",
			"animation_length": 4.9583,
			"bones": {
				"LeftArm": {
					"rotation": {
						"0.0": [0, 0, 0],
						"0.5": [-36.83506, -0.07177, -12.47686],
						"1.625": [-36.84, -0.07, -12.48],
						"1.7917": [-34.85739, 14.65486, -34.57143],
						"2.25": [-34.86, 14.65, -34.57],
						"2.4167": [-19.81659, -10.68467, -41.01444],
						"4.5417": [-19.82, -10.68, -41.01],
						"4.9583": [0, 0, 0]
					}
				},
				"LeftForeArm": {
					"rotation": {
						"0.0": [0, 0, 0],
						"0.5": [-102.5, 0, 0],
						"1.625": [-102.5, 0, 0],
						"2.25": [-102.5, 0, 0],
						"2.4167": [-67.5, 0, 0],
						"2.5": [-55, 0, 0],
						"4.5417": [-55, 0, 0],
						"4.9583": [0, 0, 0]
					}
				},
				"RightArm": {
					"rotation": {
						"0.0": [0, 0, 0],
						"0.5": [-33.80286, -10.54794, 14.04397],
						"1.625": [-33.8, -10.55, 14.04],
						"1.7917": [-40.37762, -22.22875, 46.83654],
						"2.25": [-40.38, -22.23, 46.84],
						"2.4167": [-14.76211, 4.26361, 47.77811],
						"4.5417": [-14.76, 4.26, 47.78],
						"4.9583": [0, 0, 0]
					},
					"scale": 1
				},
				"RightForeArm": {
					"rotation": {
						"0.0": [0, 0, 0],
						"0.5": [-112.5, 0, 0],
						"1.625": [-112.5, 0, 0],
						"1.7917": [-97.5, 0, 0],
						"2.25": [-97.5, 0, 0],
						"2.4167": [-80, 0, 0],
						"2.5": [-67.5, 0, 0],
						"4.5417": [-67.5, 0, 0],
						"4.9583": [0, 0, 0]
					},
					"scale": 1
				},
				"Head": {
					"rotation": {
						"0.0": [0, 0, 0],
						"0.5": [-10, 0, 0],
						"0.9167": [-10, 0, 0],
						"1.1667": [-22.5, 0, 0],
						"1.3333": [-22.5, 0, 0],
						"1.7917": [15, 0, 0],
						"4.5417": [15, 0, 0],
						"4.9583": [0, 0, 0]
					}
				},
				"FLongHair": {
					"rotation": {
						"0.0": [0, 0, 0],
						"0.5": [10, 0, 0]
					}
				},
				"LongHair": {
					"rotation": {
						"0.0": [0, 0, 0],
						"0.9167": [0, 0, 0],
						"1.1667": [5, 0, 0],
						"1.3333": [5, 0, 0],
						"1.7917": [-25, 0, 0],
						"4.5417": [-25, 0, 0],
						"4.9583": [-10, 0, 0]
					}
				},
				"nadouwan3": {
					"position": {
						"0.0": [0, -43, -9],
						"0.9167": [0, -43, -9],
						"1.0417": [0, -41, -9],
						"1.1667": [0, -40, -9],
						"1.3333": [0, -40, -9],
						"1.625": [0, -49, -9],
						"1.7917": [0, -51.5, -9]
					},
					"scale": {
						"0.5": [0, 0, 0],
						"0.9167": [0, 0, 0],
						"0.9583": [0.2, 0.2, 0.2],
						"2.25": [0.2, 0.2, 0.2],
						"2.4167": [0.6, 0.125, 0.125],
						"2.5": [0.7, 0.105, 0.105],
						"3.25": [0.7, 0.105, 0.105],
						"3.3333": [0.05, 0.33, 0.33],
						"3.7917": [0.05, 0.33, 0.33],
						"3.9583": [0.2, 0.2, 0.2],
						"4.25": [0.2, 0.2, 0.2],
						"4.375": [0, 0, 0]
					}
				},
				"bone110": {
					"scale": {
						"2.25": [1, 1, 1],
						"2.2917": [0, 0, 0]
					}
				},
				"bone111": {
					"scale": {
						"2.25": [0, 0, 0],
						"2.2917": [1, 1, 1]
					}
				}
			}
		},
		"extra0": {
			"animation_length": 1.0833,
			"bones": {
				"Root": {
					"position": {
						"0.0": [0, 0, 0],
						"0.5": [19, 0, 0],
						"1.0": [0, 0, 0]
					},
					"scale": {
						"0.0": [1, 1, 1],
						"0.5": [0, 0, 0],
						"1.0": [1, 1, 1]
					}
				}
			},
			"timeline": {
				"0.5": "v.roaming.a=1-v.roaming.b;",
				"0.5417": "v.roaming.b=v.roaming.a;"
			}
		}
	},
	"geckolib_format_version": 2
}