{
	"format_version": "1.12.0",
	"minecraft:geometry": [
		{
			"description": {
				"identifier": "geometry.default",
				"texture_width": 256,
				"texture_height": 256,
				"visible_bounds_width": 5,
				"visible_bounds_height": 6.5,
				"visible_bounds_offset": [0, 2.75, 0]
			},
			"bones": [
				{
					"name": "RightArm",
					"pivot": [-2.51068, 29.62609, 0.0125],
					"cubes": [
						{"origin": [-4.23602, 24.71468, -1.6], "size": [3.25, 1, 3.25], "uv": [164, 24]},
						{"origin": [-4.78602, 27.06468, -1.7], "size": [2.9, 1.85, 3.45], "uv": [164, 24]},
						{"origin": [-0.98602, 26.81468, -1.6], "size": [0.05, 1.25, 1], "uv": [152, 8]},
						{"origin": [-4.23602, 25.81468, -1.6], "size": [3.25, 2.25, 3.25], "uv": [114, 4]},
						{"origin": [-4.43602, 26.06468, -1.8], "size": [3.65, 0.75, 3.65], "uv": [115, 5]},
						{"origin": [-4.13602, 24.11468, -1.5], "size": [3.05, 6.2, 3.05], "uv": [27, 49]},
						{"origin": [-1.91907, 24.17492, 0.87952], "size": [0.2, 2.3, 1.55], "pivot": [-2.33313, 23.37522, 0.91791], "rotation": [-112.98195, -77.43945, 95.71601], "uv": [117, 5]},
						{"origin": [-2.01907, 24.17492, 0.87952], "size": [0.1, 2.3, 1.55], "pivot": [-2.33313, 23.37522, 0.91791], "rotation": [-112.98195, -77.43945, 95.71601], "uv": [168, 37]},
						{"origin": [-4.81102, 24.01468, -1.675], "size": [0.2, 1.9, 3.3], "pivot": [-4.61102, 25.56468, 0.025], "rotation": [0, 0, -15], "uv": [114, 2]},
						{"origin": [-4.61102, 24.01468, -1.575], "size": [0.1, 1.8, 3.2], "pivot": [-4.61102, 25.56468, 0.025], "rotation": [0, 0, -15], "uv": [164, 36]},
						{"origin": [-0.81102, 24.11468, -1.675], "size": [0.2, 1.9, 3.4], "pivot": [-1.11102, 25.56468, 0.025], "rotation": [0, 0, 12.5], "uv": [114, 2]},
						{"origin": [-0.91102, 24.11468, -1.575], "size": [0.1, 1.8, 3.3], "pivot": [-1.11102, 25.56468, 0.025], "rotation": [0, 0, 12.5], "uv": [166, 34]},
						{"origin": [-1.90099, 23.95042, 0.96324], "size": [0.2, 2.2, 1.75], "pivot": [-1.80099, 25.05042, 1.83824], "rotation": [-83.72631, -80.05959, 96.27367], "uv": [116, 4]},
						{"origin": [-1.84675, 23.98243, 0.81675], "size": [0.1, 2.2, 1.75], "pivot": [-1.79675, 25.08243, 1.69175], "rotation": [-83.72631, -80.05959, 96.27367], "uv": [166, 35]},
						{"origin": [-1.86907, 24.56372, 0.49141], "size": [0.2, 0.9, 1.55], "pivot": [-2.33313, 23.37522, 0.91791], "rotation": [-97.98195, -77.43945, 95.71601], "uv": [182, 5]},
						{"origin": [-1.88776, 23.9805, -4.03389], "size": [0.2, 0.3, 3.45], "pivot": [-2.63776, 24.4805, -2.35889], "rotation": [-115.94483, -87.2159, 116.17756], "uv": [163, 4]},
						{"origin": [-3.69011, 28.49542, -0.73546], "size": [1.5, 0.75, 1], "pivot": [-3.73546, 28.97929, -0.23546], "rotation": [90.74702, -30.01152, 92.04126], "uv": [104, 29]},
						{"origin": [-5.08082, 28.49542, -0.73546], "size": [1.3, 0.75, 1], "pivot": [-3.73546, 28.97929, -0.23546], "rotation": [-91.29301, -59.98005, -86.46548], "uv": [104, 29], "mirror": true},
						{"origin": [-3.79179, 28.54952, -0.73546], "size": [1.1, 0.5, 1], "pivot": [-3.73546, 28.97929, -0.23546], "rotation": [-91.20333, -57.48064, -86.57038], "uv": [104, 29], "mirror": true},
						{"origin": [-4.77913, 28.64952, -0.73546], "size": [1.1, 0.5, 1], "pivot": [-3.73546, 28.97929, -0.23546], "rotation": [90.72934, -27.51173, 92.078], "uv": [104, 29]}
					]
				},
				{
					"name": "RightForeArm",
					"parent": "RightArm",
					"pivot": [-2.21102, 23.96468, 0.025],
					"cubes": [
						{"origin": [-4.03602, 23.14054, -0.85842], "size": [2.85, 2.1, 2.1], "pivot": [-2.61102, 24.39054, 0.09158], "rotation": [-45, 0, 0], "uv": [23, 76]},
						{"origin": [-4.11102, 18.21468, -1.475], "size": [3, 6, 3], "uv": [0, 49]},
						{"origin": [-4.31102, 18.41468, -1.575], "size": [3.3, 5.9, 3.2], "uv": [114, 71]},
						{"origin": [-4.55424, 21.99559, -0.76159], "size": [0.6, 1.6, 1.5], "pivot": [-4.47924, 23.19559, -0.06159], "rotation": [0, 0, -25], "uv": [119, 7]},
						{"origin": [-3.30424, 22.17523, -1.92564], "size": [1.35, 1.6, 0.7], "pivot": [-2.52924, 23.27523, -1.22564], "rotation": [27.5, 0, 0], "uv": [122, 10]},
						{"origin": [-1.75424, 21.49559, -0.76159], "size": [1.25, 1.6, 1.5], "pivot": [-0.27924, 23.09559, -0.01159], "rotation": [0, 0, 30], "uv": [119, 7]},
						{"origin": [-3.50424, 21.29559, 0.78841], "size": [1.65, 1.6, 1.3], "pivot": [-2.27924, 23.09559, 2.98841], "rotation": [-27.5, 0, 0], "uv": [121, 9]}
					]
				},
				{
					"name": "RightHand",
					"parent": "RightForeArm",
					"pivot": [-2.46102, 17.23968, 0.275],
					"cubes": [
						{"origin": [-3.78008, 17.75259, -1.19339], "size": [2.6, 2.1, 2], "pivot": [1.89492, 18.25259, -0.49339], "rotation": [-45, 0, 0], "uv": [76, 0]},
						{"origin": [-4.13008, 16.25259, -1.49339], "size": [3, 2, 3], "uv": [0, 53]},
						{"origin": [-4.38008, 17.65259, -1.74339], "size": [3.5, 1.5, 3.5], "uv": [164, 23]},
						{"origin": [-4.18008, 16.90259, -1.54339], "size": [3.1, 1.5, 3.1], "uv": [164, 4]}
					]
				},
				{
					"name": "RightHandLocator",
					"parent": "RightHand",
					"pivot": [-2.48008, 17.52759, 0.10661]
				},
				{
					"name": "LeftArm",
					"pivot": [2.55897, 29.88903, 0.0125],
					"cubes": [
						{"origin": [0.98864, 24.14665, -1.5], "size": [3.05, 6.2, 3.05], "uv": [27, 49]},
						{"origin": [1.98864, 29.54665, -1.6], "size": [1.05, 0.9, 3.25], "uv": [168, 23]},
						{"origin": [1.88864, 28.19665, -1.7], "size": [1.15, 1.35, 3.45], "uv": [168, 23]},
						{"origin": [2.08864, 28.29665, -1.75], "size": [0.85, 1.6, 0.25], "uv": [184, 4]},
						{"origin": [2.08864, 28.29665, 1.55], "size": [0.85, 1.6, 0.25], "uv": [184, 4]},
						{"origin": [0.78864, 28.44665, -1.8], "size": [3.55, 1, 3.65], "pivot": [3.01364, 28.94665, 0.025], "rotation": [0, 0, 7.5], "uv": [148, 58]},
						{"origin": [1.78864, 28.69665, -1.85], "size": [2.65, 0.5, 3.75], "pivot": [3.01364, 28.94665, 0.025], "rotation": [0, 0, 7.5], "uv": [148, 53]},
						{"origin": [0.68262, 28.47209, -1.9], "size": [1.75, 1, 3.85], "pivot": [1.55762, 28.97209, 0.025], "rotation": [0, 0, -5], "uv": [150, 58]},
						{"origin": [0.88864, 27.54665, -1.6], "size": [3.25, 2, 3.25], "uv": [164, 6]},
						{"origin": [0.59671, 27.14219, -1.75], "size": [3.7, 1, 3.55], "pivot": [2.44671, 27.64219, 0.025], "rotation": [0, 0, 10], "uv": [162, 5]},
						{"origin": [0.83864, 27.04665, -1.65], "size": [3.55, 1, 3.35], "pivot": [2.11364, 27.54665, 0.025], "rotation": [0, 0, -15], "uv": [165, 7]},
						{"origin": [3.68616, 23.99579, -1.725], "size": [0.75, 1.35, 3.5], "pivot": [3.81116, 24.72079, 0.025], "rotation": [0, 0, 20], "uv": [6, 135]},
						{"origin": [3.23479, 25.09011, -1.725], "size": [1.25, 1.55, 3.5], "pivot": [3.90979, 26.01511, 0.025], "rotation": [0, 0, 30], "uv": [5, 139]},
						{"origin": [3.88616, 23.99579, -0.475], "size": [0.75, 1.45, 1.25], "pivot": [3.81116, 24.72079, 0.025], "rotation": [0, 0, 20], "uv": [9, 138]},
						{"origin": [3.0684, 24.37063, -2.16564], "size": [0.25, 1.5, 1.1], "pivot": [3.1934, 24.87063, -1.61564], "rotation": [40, 87.5, -115], "uv": [10, 139]},
						{"origin": [2.33366, 23.80261, -1.45642], "size": [0.25, 1.75, 1.1], "pivot": [2.45866, 24.79296, -1.60516], "rotation": [90, 87.5, -115], "uv": [8, 137]},
						{"origin": [1.79353, 22.17057, 1.45672], "size": [0.25, 1.5, 1.1], "pivot": [2.51008, 23.9171, 2.26712], "rotation": [-140, -87.5, -67.5], "uv": [8, 137]},
						{"origin": [1.79353, 22.08462, 1.9923], "size": [0.25, 1.75, 1.1], "pivot": [2.51008, 23.9171, 2.26712], "rotation": [-90, -87.5, -67.5], "uv": [8, 137]}
					]
				},
				{
					"name": "bone12",
					"parent": "LeftArm",
					"pivot": [4.40979, 28.38819, 1.03779],
					"rotation": [103.21088, 13.83447, 5.85463],
					"cubes": [
						{"origin": [3.42984, 27.2491, 0.65], "size": [4.65, 0.25, 1], "pivot": [4.80484, 27.5241, 0.9], "rotation": [-2.74715, -12.19908, 72.79362], "uv": [147, 56]}
					]
				},
				{
					"name": "bone13",
					"parent": "bone12",
					"pivot": [5.49634, 24.51186, 1.85108],
					"rotation": [0, 0, 10],
					"cubes": [
						{"origin": [3.67423, 22.17797, 1.79088], "size": [4.65, 0.25, 1], "pivot": [5.99923, 22.30297, 2.29088], "rotation": [-3.81397, -11.91276, 77.89807], "uv": [147, 56]}
					]
				},
				{
					"name": "bone14",
					"parent": "bone13",
					"pivot": [6.39634, 20.11186, 2.70108],
					"rotation": [0, 0, -10],
					"cubes": [
						{"origin": [3.863, 17.78613, 2.35501], "size": [4.65, 0.25, 1], "pivot": [6.188, 17.91113, 3.15501], "rotation": [-7.13976, -2.77121, 94.70388], "uv": [147, 56]}
					]
				},
				{
					"name": "bone19",
					"parent": "bone14",
					"pivot": [5.99634, 15.61186, 2.95108],
					"cubes": [
						{"origin": [4.17134, 13.48686, 2.55108], "size": [4.65, 0.25, 1], "pivot": [5.89634, 13.91186, 3.05108], "rotation": [-7.50996, -1.49306, 104.62896], "uv": [147, 51]}
					]
				},
				{
					"name": "bone20",
					"parent": "bone19",
					"pivot": [4.79634, 10.86186, 3.05108],
					"cubes": [
						{"origin": [8.82134, 13.48686, 2.55108], "size": [5, 0.25, 1], "pivot": [5.89634, 13.91186, 3.05108], "rotation": [-7.50996, -1.49306, 104.62896], "uv": [147, 53]}
					]
				},
				{
					"name": "bone22",
					"parent": "LeftArm",
					"pivot": [4.20979, 28.43819, 1.58779],
					"rotation": [111.72562, 0.91395, 13.98487],
					"cubes": [
						{"origin": [3.2443, 27.28723, 1.30144], "size": [4.65, 0.25, 1], "pivot": [4.6193, 27.56223, 1.55144], "rotation": [-2.74715, -12.19908, 72.79362], "uv": [147, 56]}
					]
				},
				{
					"name": "bone23",
					"parent": "bone22",
					"pivot": [5.3608, 24.4, 2.60252],
					"rotation": [0, 0, 7.5],
					"cubes": [
						{"origin": [3.48869, 22.21611, 2.44233], "size": [4.65, 0.25, 1], "pivot": [5.81369, 22.34111, 2.94233], "rotation": [-3.81397, -11.91276, 77.89807], "uv": [147, 56]}
					]
				},
				{
					"name": "bone24",
					"parent": "bone23",
					"pivot": [6.1108, 20.1, 3.50252],
					"rotation": [9.91615, 1.29876, -7.38733],
					"cubes": [
						{"origin": [3.67746, 17.82426, 3.00646], "size": [4.65, 0.25, 1], "pivot": [6.00246, 17.94926, 3.80646], "rotation": [-7.13976, -2.77121, 94.70388], "uv": [147, 56]}
					]
				},
				{
					"name": "bone28",
					"parent": "bone24",
					"pivot": [5.87128, 15.54377, 3.67896],
					"rotation": [2.4905, 0.21782, -4.99527],
					"cubes": [
						{"origin": [3.9858, 13.525, 3.20252], "size": [4.65, 0.25, 1], "pivot": [5.7108, 13.95, 3.70252], "rotation": [-7.50996, -1.49306, 104.62896], "uv": [147, 52]}
					]
				},
				{
					"name": "bone29",
					"parent": "bone28",
					"pivot": [4.6608, 11, 3.70252],
					"cubes": [
						{"origin": [8.6358, 13.525, 3.20252], "size": [3, 0.25, 1], "pivot": [5.7108, 13.95, 3.70252], "rotation": [-7.50996, -1.49306, 104.62896], "uv": [147, 53]}
					]
				},
				{
					"name": "bone10",
					"parent": "LeftArm",
					"pivot": [4.28298, 29.01155, 0.175],
					"rotation": [-9.82867, 21.14351, -1.62049],
					"cubes": [
						{"origin": [6.36733, 29.14177, 0.05821], "size": [2.55, 1, 0.25], "pivot": [7.31733, 30.09177, 0.18321], "rotation": [0, 0, 7.5], "uv": [151, 51]},
						{"origin": [6.68431, 27.91456, 0.05821], "size": [2.3, 1, 0.25], "pivot": [6.98431, 28.31456, 0.18321], "rotation": [0, 0, -30], "uv": [151, 51]},
						{"origin": [6.38431, 28.66456, 0.05821], "size": [1.3, 0.75, 0.25], "pivot": [6.98431, 28.31456, 0.18321], "rotation": [0, 0, -30], "uv": [151, 56]},
						{"origin": [4.35407, 28.1081, 0.05821], "size": [2.8, 1, 0.25], "pivot": [5.70407, 29.0081, 0.18321], "rotation": [0, 0, 12.5], "uv": [151, 60]},
						{"origin": [4.47984, 28.91796, 0.05821], "size": [2.5, 1, 0.25], "pivot": [5.82984, 28.71796, 0.18321], "rotation": [0, 0, -22.5], "uv": [151, 61]}
					]
				},
				{
					"name": "bone11",
					"parent": "LeftArm",
					"pivot": [4.39657, 28.35048, 0.375],
					"rotation": [-19.41209, -0.42662, 52.25998],
					"cubes": [
						{"origin": [6.28234, 28.72342, 0.2978], "size": [2.55, 1, 0.25], "pivot": [7.23234, 29.67342, 0.4228], "rotation": [0, 0, 7.5], "uv": [151, 50]},
						{"origin": [6.03234, 28.37342, 0.2978], "size": [1.25, 0.4, 0.25], "pivot": [7.23234, 29.67342, 0.4228], "rotation": [0, 0, 7.5], "uv": [151, 56]},
						{"origin": [6.59932, 27.49622, 0.2978], "size": [2.3, 1, 0.25], "pivot": [6.89932, 27.89622, 0.4228], "rotation": [0, 0, -30], "uv": [151, 51]},
						{"origin": [4.26908, 27.68975, 0.2978], "size": [2.8, 1, 0.25], "pivot": [5.61908, 28.58975, 0.4228], "rotation": [0, 0, 12.5], "uv": [151, 60]},
						{"origin": [4.39485, 28.49961, 0.2978], "size": [2.5, 1, 0.25], "pivot": [5.74485, 28.29961, 0.4228], "rotation": [0, 0, -22.5], "uv": [151, 61]}
					]
				},
				{
					"name": "LeftForeArm",
					"parent": "LeftArm",
					"pivot": [2.11364, 23.99665, 0.025],
					"cubes": [
						{"origin": [1.08864, 23.17251, -0.85842], "size": [2.85, 2.1, 2.1], "pivot": [2.51364, 24.42251, 0.09158], "rotation": [-45, 0, 0], "uv": [23, 76]},
						{"origin": [1.01364, 18.24665, -1.475], "size": [3, 6, 3], "uv": [0, 49]},
						{"origin": [4.46364, 18.24665, -1.725], "size": [0.25, 6, 3.5], "pivot": [4.88864, 21.24665, 0.025], "rotation": [0, 0, -12.5], "uv": [6, 135]},
						{"origin": [4.71364, 18.24665, -1.975], "size": [0.25, 1, 4], "pivot": [4.88864, 21.24665, 0.025], "rotation": [0, 0, -12.5], "uv": [6, 135]},
						{"origin": [3.21364, 18.24665, 1.775], "size": [1.5, 1, 0.5], "pivot": [4.88864, 21.24665, 0.025], "rotation": [0, 0, -12.5], "uv": [10, 139]},
						{"origin": [3.21364, 18.24665, -2.225], "size": [1.5, 1, 0.5], "pivot": [4.88864, 21.24665, 0.025], "rotation": [0, 0, -12.5], "uv": [10, 139]},
						{"origin": [3.71364, 18.49665, -2.275], "size": [0.5, 0.5, 0.5], "pivot": [4.88864, 21.24665, 0.025], "rotation": [0, 0, -12.5], "uv": [40, 122]},
						{"origin": [3.71364, 18.49665, 1.825], "size": [0.5, 0.5, 0.5], "pivot": [4.88864, 21.24665, 0.025], "rotation": [0, 0, -12.5], "uv": [40, 122]},
						{"origin": [4.66364, 19.24665, -0.475], "size": [0.25, 5, 1.25], "pivot": [4.88864, 21.24665, 0.025], "rotation": [0, 0, -12.5], "uv": [3, 132]},
						{"origin": [2.94923, 17.89983, -3.57812], "size": [0.25, 6, 3], "pivot": [3.32423, 20.89983, -1.97812], "rotation": [0, 90, -12.5], "uv": [6, 135]},
						{"origin": [3.13824, 22.12305, -2.44031], "size": [0.25, 2, 1.1], "pivot": [3.26324, 23.02305, -1.84031], "rotation": [90, 87.5, 77.5], "uv": [8, 137]},
						{"origin": [2.91374, 23.8036, -3.65558], "size": [0.25, 0.75, 2.35], "pivot": [3.13874, 23.3536, -1.85558], "rotation": [80, 87.5, 77.5], "uv": [7, 136]},
						{"origin": [1.18565, 22.39017, -2.34031], "size": [0.25, 2, 1.1], "pivot": [1.31065, 22.59017, -1.84031], "rotation": [50, 87.5, 77.5], "uv": [8, 137]},
						{"origin": [2.03712, 21.98671, 2.30654], "size": [0.25, 2, 1.1], "pivot": [2.51008, 23.9171, 2.26712], "rotation": [-90, -87.5, 100], "uv": [8, 137]},
						{"origin": [2.03712, 22.05322, 1.38718], "size": [0.25, 2, 1.1], "pivot": [2.51008, 23.9171, 2.26712], "rotation": [-130, -87.5, 100], "uv": [8, 137]},
						{"origin": [1.93712, 23.7994, 1.16573], "size": [0.25, 0.75, 2.35], "pivot": [2.51008, 23.9171, 2.26712], "rotation": [-100, -87.5, 100], "uv": [7, 136]},
						{"origin": [3.1016, 17.57819, -4.72812], "size": [0.25, 6, 3], "pivot": [3.2266, 20.87819, -1.72812], "rotation": [0, 90, 12.5], "uv": [6, 135]},
						{"origin": [2.83319, 17.89627, 0.80115], "size": [0.25, 6, 3], "pivot": [3.30819, 20.89627, 2.20115], "rotation": [0, -90, -12.5], "uv": [6, 135]},
						{"origin": [3.08556, 17.57463, 1.85115], "size": [0.25, 6, 3], "pivot": [3.21056, 20.87463, 1.85115], "rotation": [0, -90, 12.5], "uv": [6, 135]}
					]
				},
				{
					"name": "LeftHand",
					"parent": "LeftForeArm",
					"pivot": [2.61364, 18.52165, 0.025],
					"cubes": [
						{"origin": [1.31364, 17.74665, -1.275], "size": [2.6, 2.1, 2], "pivot": [-1.76136, 18.24665, -0.575], "rotation": [-45, 0, 0], "uv": [76, 0]},
						{"origin": [1.01364, 16.24665, -1.475], "size": [3, 2, 3], "uv": [0, 53]}
					]
				},
				{
					"name": "LeftHandLocator",
					"parent": "LeftHand",
					"pivot": [2.61364, 17.52165, 0.025]
				}
			]
		}
	]
}