{
	"format_version": "1.12.0",
	"minecraft:geometry": [
		{
			"description": {
				"identifier": "geometry.unknown",
				"texture_width": 128,
				"texture_height": 128,
				"visible_bounds_width": 3,
				"visible_bounds_height": 4.5,
				"visible_bounds_offset": [0, 1.75, 0]
			},
			"bones": [
				{
					"name": "girl",
					"pivot": [0, 2, 0]
				},
				{
					"name": "Root",
					"parent": "girl",
					"pivot": [0, 0.55, 0]
				},
				{
					"name": "AllBody",
					"parent": "Root",
					"pivot": [0, 23.1491, 0.575]
				},
				{
					"name": "UpBody",
					"parent": "AllBody",
					"pivot": [0, 18.14907, 0],
					"rotation": [2.5, 0, 0]
				},
				{
					"name": "yw",
					"parent": "UpBody",
					"pivot": [-3.7853, 20.89388, -0.96396]
				},
				{
					"name": "szy",
					"parent": "UpBody",
					"pivot": [0, 23.26524, 2.88265],
					"rotation": [7.5, 0, 0]
				},
				{
					"name": "back_p",
					"parent": "UpBody",
					"pivot": [0, 19.64717, 2.58724]
				},
				{
					"name": "back_p_left",
					"parent": "back_p",
					"pivot": [0, 22.64717, 0.58724]
				},
				{
					"name": "back_p_right",
					"parent": "back_p",
					"pivot": [0, 22.64717, 0.58724]
				},
				{
					"name": "dz",
					"parent": "UpBody",
					"pivot": [-1.83106, 21.43791, -2.41478]
				},
				{
					"name": "UpperBody",
					"parent": "UpBody",
					"pivot": [0, 25.04717, 0.01224],
					"rotation": [-12.5, 0, 0]
				},
				{
					"name": "AllHead",
					"parent": "UpperBody",
					"pivot": [0, 31.9981, -0.41276],
					"rotation": [15, 0, 0]
				},
				{
					"name": "Head",
					"parent": "AllHead",
					"pivot": [0, 33.9481, -0.66276],
					"rotation": [2.5, 0, 0]
				},
				{
					"name": "hp",
					"parent": "Head",
					"pivot": [-4.16589, 39.75086, 2.18542]
				},
				{
					"name": "mid_head_hp",
					"parent": "hp",
					"pivot": [0, 38.18871, 6.13877]
				},
				{
					"name": "right_head_hp",
					"parent": "hp",
					"pivot": [-4.222, 38.40625, 2.24027],
					"rotation": [-0.54287, -12.41585, -5.04206]
				},
				{
					"name": "left_head_hp",
					"parent": "hp",
					"pivot": [4.222, 38.40625, 2.24027],
					"rotation": [-0.54287, 12.41585, 5.04206]
				},
				{
					"name": "Face",
					"parent": "Head",
					"pivot": [0, 34.90665, -0.29329]
				},
				{
					"name": "Eyes",
					"parent": "Face",
					"pivot": [0, 34.85665, -0.79329]
				},
				{
					"name": "Eyelid",
					"parent": "Eyes",
					"pivot": [0, 34.85665, -0.79329]
				},
				{
					"name": "RightEyelid",
					"parent": "Eyelid",
					"pivot": [-2.3, 34.30665, -3.81829]
				},
				{
					"name": "RightEyelidBase",
					"parent": "RightEyelid",
					"pivot": [-2.125, 35.40665, -3.86829]
				},
				{
					"name": "RightPupil",
					"parent": "RightEyelidBase",
					"pivot": [-2.1275, 34.99415, -3.90079]
				},
				{
					"name": "RightEyesDot",
					"parent": "RightEyelidBase",
					"pivot": [-4.62, 35.24915, -4.28579]
				},
				{
					"name": "LeftEyelid",
					"parent": "Eyelid",
					"pivot": [2.3, 34.30665, -3.81829]
				},
				{
					"name": "LeftEyelidBase",
					"parent": "LeftEyelid",
					"pivot": [2.125, 35.40665, -3.86829]
				},
				{
					"name": "LeftPupil",
					"parent": "LeftEyelidBase",
					"pivot": [2.1275, 34.99415, -3.90079]
				},
				{
					"name": "LeftEyesDot",
					"parent": "LeftEyelidBase",
					"pivot": [4.62, 35.24915, -4.28579]
				},
				{
					"name": "RightEyebrow",
					"parent": "Eyes",
					"pivot": [-2.475, 35.15665, -3.99329]
				},
				{
					"name": "LeftEyebrow",
					"parent": "Eyes",
					"pivot": [2.475, 35.15665, -3.99329]
				},
				{
					"name": "Mouth",
					"parent": "Face",
					"pivot": [0, 33.90665, -2.70329]
				},
				{
					"name": "Mouth1",
					"parent": "Mouth",
					"pivot": [-0.01026, 33.602, -3.25329]
				},
				{
					"name": "Mouth2",
					"parent": "Mouth",
					"pivot": [0.0125, 34.11665, -3.40329]
				},
				{
					"name": "Mouth3",
					"parent": "Mouth",
					"pivot": [-0.00142, 33.53093, -3.25329]
				},
				{
					"name": "Mouth4",
					"parent": "Mouth",
					"pivot": [0, 33.68875, -3.25329]
				},
				{
					"name": "Mouth5",
					"parent": "Mouth",
					"pivot": [0, 33.49604, -3.25329]
				},
				{
					"name": "Mouth6",
					"parent": "Mouth",
					"pivot": [-0.003, 34.07964, -0.39257]
				},
				{
					"name": "Mouth7",
					"parent": "Mouth6",
					"pivot": [0.18434, 34.03299, -0.35091]
				},
				{
					"name": "hair",
					"parent": "Head",
					"pivot": [0, 31.33333, 0.2084],
					"rotation": [1, 0, 0]
				},
				{
					"name": "bone",
					"parent": "hair",
					"pivot": [0.29966, 40.50219, -4.70326]
				},
				{
					"name": "back_hair",
					"parent": "hair",
					"pivot": [-0.75534, 38.90732, 2.31741],
					"rotation": [-5, 0, 0]
				},
				{
					"name": "Arm",
					"parent": "UpperBody",
					"pivot": [0, 26.04717, 0.01224]
				},
				{
					"name": "RightArm",
					"parent": "Arm",
					"pivot": [-5.4, 28.8481, 0.08724],
					"rotation": [14.572, 3.5198, 7.98599],
					"cubes": [
						{
							"origin": [-5.93359, 25.42728, -1.3779],
							"size": [2.05, 4.2, 3.05],
							"pivot": [-5.10859, 28.02728, 0.1471],
							"rotation": [4.99527, 0.21782, 2.5095],
							"uv": {
								"north": {"uv": [21.5, 62], "uv_size": [1, 2]},
								"east": {"uv": [56, 2], "uv_size": [1.5, 2]},
								"south": {"uv": [22.5, 62], "uv_size": [1, 2]},
								"west": {"uv": [56, 4], "uv_size": [1.5, 2]},
								"up": {"uv": [1, 64], "uv_size": [1, 1.5]},
								"down": {"uv": [2, 65.5], "uv_size": [1, -1.5]}
							}
						},
						{
							"origin": [-6, 24.42751, -2.09572],
							"size": [2, 2, 1],
							"pivot": [-4.7, 25.12751, -0.89572],
							"rotation": [17.21506, 13.93714, -45.43336],
							"uv": {
								"north": {"uv": [69, 62], "uv_size": [1, 1]},
								"east": {"uv": [26, 74], "uv_size": [0.5, 1]},
								"south": {"uv": [69, 67], "uv_size": [1, 1]},
								"west": {"uv": [74, 34], "uv_size": [0.5, 1]},
								"up": {"uv": [74, 35], "uv_size": [1, 0.5]},
								"down": {"uv": [74, 37], "uv_size": [1, -0.5]}
							}
						},
						{
							"origin": [-5.75, 24.57751, 1.4202],
							"size": [2, 2, 1],
							"pivot": [-4.7, 25.02751, 0.9702],
							"rotation": [-17.21506, -13.93714, -45.43336],
							"uv": {
								"north": {"uv": [69.5, 47], "uv_size": [1, 1]},
								"east": {"uv": [74, 51], "uv_size": [0.5, 1]},
								"south": {"uv": [69.5, 53.5], "uv_size": [1, 1]},
								"west": {"uv": [74, 53.5], "uv_size": [0.5, 1]},
								"up": {"uv": [55, 74], "uv_size": [1, 0.5]},
								"down": {"uv": [58, 74.5], "uv_size": [1, -0.5]}
							}
						},
						{
							"origin": [-6.7, 23.56445, 0.06935],
							"size": [3, 2, 2],
							"pivot": [-5.2, 25.01445, 1.06935],
							"rotation": [-22.5, 0, 0],
							"uv": {
								"north": {"uv": [64, 0], "uv_size": [1.5, 1]},
								"east": {"uv": [69, 68], "uv_size": [1, 1]},
								"south": {"uv": [64, 3.5], "uv_size": [1.5, 1]},
								"west": {"uv": [68.5, 69], "uv_size": [1, 1]},
								"up": {"uv": [64, 4.5], "uv_size": [1.5, 1]},
								"down": {"uv": [5.5, 65], "uv_size": [1.5, -1]}
							}
						},
						{
							"origin": [-6.7, 23.56445, -1.84487],
							"size": [3, 2, 2],
							"pivot": [-5.2, 25.11445, -0.99487],
							"rotation": [22.5, 0, 0],
							"uv": {
								"north": {"uv": [64, 20], "uv_size": [1.5, 1]},
								"east": {"uv": [69.5, 54.5], "uv_size": [1, 1]},
								"south": {"uv": [20.5, 64], "uv_size": [1.5, 1]},
								"west": {"uv": [55, 69.5], "uv_size": [1, 1]},
								"up": {"uv": [64, 21], "uv_size": [1.5, 1]},
								"down": {"uv": [22, 65], "uv_size": [1.5, -1]}
							}
						},
						{
							"origin": [-6.6, 21.8981, -1.21276],
							"size": [2.8, 3, 2.8],
							"uv": {
								"north": {"uv": [59.5, 2], "uv_size": [1.5, 1.5]},
								"east": {"uv": [59.5, 6], "uv_size": [1.5, 1.5]},
								"south": {"uv": [59.5, 16.5], "uv_size": [1.5, 1.5]},
								"west": {"uv": [59.5, 23.5], "uv_size": [1.5, 1.5]},
								"up": {"uv": [59.5, 25], "uv_size": [1.5, 1.5]},
								"down": {"uv": [59.5, 34.5], "uv_size": [1.5, -1.5]}
							}
						},
						{
							"origin": [-6.16865, 22.49224, -3.03776],
							"size": [1, 3, 3],
							"pivot": [-7.11865, 22.14224, 0.11224],
							"rotation": [-43.25025, -1.82076, -23.67943],
							"uv": {
								"north": {"uv": [55, 71.5], "uv_size": [0.5, 1.5]},
								"east": {"uv": [59.5, 34.5], "uv_size": [1.5, 1.5]},
								"south": {"uv": [55.5, 71.5], "uv_size": [0.5, 1.5]},
								"west": {"uv": [59.5, 36], "uv_size": [1.5, 1.5]},
								"up": {"uv": [56, 71.5], "uv_size": [0.5, 1.5]},
								"down": {"uv": [56.5, 73], "uv_size": [0.5, -1.5]}
							}
						},
						{
							"origin": [-6.55771, 20.94195, -0.8424],
							"size": [2.8, 2, 2],
							"pivot": [-5.15771, 21.94195, 0.1576],
							"rotation": [-45.02728, 1.76749, -1.76833],
							"uv": {
								"north": {"uv": [7, 64], "uv_size": [1.5, 1]},
								"east": {"uv": [69.5, 1], "uv_size": [1, 1]},
								"south": {"uv": [10.5, 64], "uv_size": [1.5, 1]},
								"west": {"uv": [22.5, 69.5], "uv_size": [1, 1]},
								"up": {"uv": [12, 64], "uv_size": [1.5, 1]},
								"down": {"uv": [64, 16.5], "uv_size": [1.5, -1]}
							}
						}
					]
				},
				{
					"name": "RightForeArm",
					"parent": "RightArm",
					"pivot": [-4.875, 21.6481, 0.11224],
					"rotation": [-15, 0, 0],
					"cubes": [
						{
							"origin": [-6.775, 16.8981, -1.38776],
							"size": [3, 6, 3],
							"uv": {
								"north": {"uv": [12.5, 50.5], "uv_size": [1.5, 3]},
								"east": {"uv": [50.5, 14.5], "uv_size": [1.5, 3]},
								"south": {"uv": [36, 50.5], "uv_size": [1.5, 3]},
								"west": {"uv": [37.5, 50.5], "uv_size": [1.5, 3]},
								"up": {"uv": [59.5, 37.5], "uv_size": [1.5, 1.5]},
								"down": {"uv": [59.5, 41.5], "uv_size": [1.5, -1.5]}
							}
						},
						{
							"origin": [-6.875, 16.7981, -1.48776],
							"size": [3.2, 1, 3.2],
							"uv": {
								"north": {"uv": [72, 28.5], "uv_size": [1.5, 0.5]},
								"east": {"uv": [72, 29.5], "uv_size": [1.5, 0.5]},
								"south": {"uv": [44, 72], "uv_size": [1.5, 0.5]},
								"west": {"uv": [48, 72], "uv_size": [1.5, 0.5]},
								"up": {"uv": [60, 9], "uv_size": [1.5, 1.5]},
								"down": {"uv": [60, 12], "uv_size": [1.5, -1.5]}
							}
						},
						{
							"origin": [-6.875, 18.8981, -1.48776],
							"size": [3.2, 1, 3.2],
							"uv": {
								"north": {"uv": [72, 53], "uv_size": [1.5, 0.5]},
								"east": {"uv": [72, 53.5], "uv_size": [1.5, 0.5]},
								"south": {"uv": [72, 54], "uv_size": [1.5, 0.5]},
								"west": {"uv": [72, 54.5], "uv_size": [1.5, 0.5]},
								"up": {"uv": [60, 12], "uv_size": [1.5, 1.5]},
								"down": {"uv": [60, 28], "uv_size": [1.5, -1.5]}
							}
						},
						{
							"origin": [-6.99008, 17.82028, -1.48776],
							"size": [3.2, 1, 3.2],
							"pivot": [-5.39008, 18.12028, 0.11224],
							"rotation": [0, 0, 45],
							"uv": {
								"north": {"uv": [72, 60.5], "uv_size": [1.5, 0.5]},
								"east": {"uv": [63, 72], "uv_size": [1.5, 0.5]},
								"south": {"uv": [64.5, 72], "uv_size": [1.5, 0.5]},
								"west": {"uv": [67, 72], "uv_size": [1.5, 0.5]},
								"up": {"uv": [35, 60], "uv_size": [1.5, 1.5]},
								"down": {"uv": [60, 50.5], "uv_size": [1.5, -1.5]}
							}
						}
					]
				},
				{
					"name": "kniff",
					"parent": "RightForeArm",
					"pivot": [-5.53214, 18.97139, 2.05279],
					"rotation": [-167.5, 0, 0],
					"cubes": [
						{
							"origin": [-5.925, 21.92009, 2.17991],
							"size": [0.8, 2, 1],
							"uv": {
								"north": {"uv": [74.5, 41.5], "uv_size": [0.5, 1]},
								"east": {"uv": [42, 74.5], "uv_size": [0.5, 1]},
								"south": {"uv": [42.5, 74.5], "uv_size": [0.5, 1]},
								"west": {"uv": [74.5, 42.5], "uv_size": [0.5, 1]},
								"up": {"uv": [35.5, 77], "uv_size": [0.5, 0.5]},
								"down": {"uv": [77, 36], "uv_size": [0.5, -0.5]}
							}
						},
						{
							"origin": [-5.975, 21.91603, 1.04151],
							"size": [0.8, 2, 1],
							"pivot": [-5.53177, 18.73371, 2.12223],
							"rotation": [-20, 0, 0],
							"uv": {
								"north": {"uv": [43, 74.5], "uv_size": [0.5, 1]},
								"east": {"uv": [43.5, 74.5], "uv_size": [0.5, 1]},
								"south": {"uv": [74.5, 43.5], "uv_size": [0.5, 1]},
								"west": {"uv": [44.5, 74.5], "uv_size": [0.5, 1]},
								"up": {"uv": [36.5, 77], "uv_size": [0.5, 0.5]},
								"down": {"uv": [77, 37], "uv_size": [0.5, -0.5]}
							}
						},
						{
							"origin": [-6.025, 17.05535, 1.61053],
							"size": [1, 5, 1],
							"pivot": [-5.53177, 18.73371, 2.12223],
							"rotation": [-10, 0, 0],
							"uv": {
								"north": {"uv": [59, 65], "uv_size": [0.5, 2.5]},
								"east": {"uv": [59.5, 65], "uv_size": [0.5, 2.5]},
								"south": {"uv": [60, 65], "uv_size": [0.5, 2.5]},
								"west": {"uv": [2.5, 65.5], "uv_size": [0.5, 2.5]},
								"up": {"uv": [36, 77], "uv_size": [0.5, 0.5]},
								"down": {"uv": [77, 36.5], "uv_size": [0.5, -0.5]}
							}
						},
						{
							"origin": [-6.025, 12.52143, 2.23504],
							"size": [1, 4, 0.5],
							"pivot": [-5.53177, 18.73371, 2.12223],
							"rotation": [-12.5, 0, 0],
							"uv": {
								"north": {"uv": [67, 70], "uv_size": [0.5, 2]},
								"east": {"uv": [70, 67], "uv_size": [0.5, 2]},
								"south": {"uv": [67.5, 70], "uv_size": [0.5, 2]},
								"west": {"uv": [68, 70], "uv_size": [0.5, 2]},
								"up": {"uv": [38.5, 77], "uv_size": [0.5, 0.5]},
								"down": {"uv": [77, 39], "uv_size": [0.5, -0.5]}
							}
						},
						{
							"origin": [-6.025, 12.55985, 1.42321],
							"size": [1, 4, 0.5],
							"pivot": [-5.53177, 18.73371, 2.12223],
							"rotation": [-5, 0, 0],
							"uv": {
								"north": {"uv": [68.5, 70], "uv_size": [0.5, 2]},
								"east": {"uv": [69, 70], "uv_size": [0.5, 2]},
								"south": {"uv": [69.5, 70], "uv_size": [0.5, 2]},
								"west": {"uv": [70, 70], "uv_size": [0.5, 2]},
								"up": {"uv": [39, 77], "uv_size": [0.5, 0.5]},
								"down": {"uv": [77, 39.5], "uv_size": [0.5, -0.5]}
							}
						},
						{
							"origin": [-6.125, 21.30535, 1.51053],
							"size": [1.2, 0.25, 1.2],
							"pivot": [-5.53177, 18.73371, 2.12223],
							"rotation": [-10, 0, 0],
							"uv": {
								"north": {"uv": [37, 77], "uv_size": [0.5, 0.5]},
								"east": {"uv": [77, 37], "uv_size": [0.5, 0.5]},
								"south": {"uv": [37.5, 77], "uv_size": [0.5, 0.5]},
								"west": {"uv": [77, 37.5], "uv_size": [0.5, 0.5]},
								"up": {"uv": [38, 77], "uv_size": [0.5, 0.5]},
								"down": {"uv": [77, 38.5], "uv_size": [0.5, -0.5]}
							}
						},
						{
							"origin": [-6.125, 16.30535, 1.51053],
							"size": [1.2, 1.25, 1.2],
							"pivot": [-5.53177, 18.73371, 2.12223],
							"rotation": [-10, 0, 0],
							"uv": {
								"north": {"uv": [39.5, 77], "uv_size": [0.5, 0.5]},
								"east": {"uv": [77, 39.5], "uv_size": [0.5, 0.5]},
								"south": {"uv": [40, 77], "uv_size": [0.5, 0.5]},
								"west": {"uv": [77, 40], "uv_size": [0.5, 0.5]},
								"up": {"uv": [40.5, 77], "uv_size": [0.5, 0.5]},
								"down": {"uv": [77, 41], "uv_size": [0.5, -0.5]}
							}
						}
					]
				},
				{
					"name": "RightHand",
					"parent": "RightForeArm",
					"pivot": [-5.48668, 16.70545, -0.08776],
					"rotation": [0, -15, 0],
					"cubes": [
						{
							"origin": [-6.85563, 15.01051, -1.27007],
							"size": [2, 2, 3],
							"pivot": [-5.85563, 16.01051, 0.22993],
							"rotation": [0.87038, 4.92385, 2.53742],
							"uv": {
								"north": {"uv": [30.5, 69.5], "uv_size": [1, 1]},
								"east": {"uv": [64, 18], "uv_size": [1.5, 1]},
								"south": {"uv": [32.5, 69.5], "uv_size": [1, 1]},
								"west": {"uv": [64, 19], "uv_size": [1.5, 1]},
								"up": {"uv": [4, 64], "uv_size": [1, 1.5]},
								"down": {"uv": [17.5, 65.5], "uv_size": [1, -1.5]}
							}
						},
						{
							"origin": [-6.56973, 13.57134, -0.27843],
							"size": [1, 2, 2],
							"pivot": [-5.56973, 14.57134, 0.22157],
							"rotation": [-1.50701, 4.76804, -25.06274],
							"uv": {
								"north": {"uv": [32.5, 74.5], "uv_size": [0.5, 1]},
								"east": {"uv": [65, 70], "uv_size": [1, 1]},
								"south": {"uv": [33, 74.5], "uv_size": [0.5, 1]},
								"west": {"uv": [66, 70], "uv_size": [1, 1]},
								"up": {"uv": [74.5, 33], "uv_size": [0.5, 1]},
								"down": {"uv": [33.5, 75.5], "uv_size": [0.5, -1]}
							}
						},
						{
							"origin": [-4.9518, 14.57544, -0.87354],
							"size": [1, 1, 2],
							"pivot": [-4.4518, 14.57544, 0.62646],
							"rotation": [-4.69986, -1.70818, -117.4299],
							"uv": {
								"north": {"uv": [33.5, 77], "uv_size": [0.5, 0.5]},
								"east": {"uv": [35.5, 74.5], "uv_size": [1, 0.5]},
								"south": {"uv": [77, 33.5], "uv_size": [0.5, 0.5]},
								"west": {"uv": [74.5, 35.5], "uv_size": [1, 0.5]},
								"up": {"uv": [36.5, 74.5], "uv_size": [0.5, 1]},
								"down": {"uv": [37, 75.5], "uv_size": [0.5, -1]}
							}
						},
						{
							"origin": [-4.46083, 12.61488, -0.63356],
							"size": [0.5, 2, 1.5],
							"pivot": [-4.31083, 14.21488, 0.11644],
							"rotation": [-4.09918, -2.86544, -132.39743],
							"uv": {
								"north": {"uv": [0, 76], "uv_size": [0.5, 1]},
								"east": {"uv": [22, 71.5], "uv_size": [1, 1]},
								"south": {"uv": [0.5, 76], "uv_size": [0.5, 1]},
								"west": {"uv": [71.5, 22], "uv_size": [1, 1]},
								"up": {"uv": [1, 76], "uv_size": [0.5, 1]},
								"down": {"uv": [1.5, 77], "uv_size": [0.5, -1]}
							}
						},
						{
							"origin": [-6.85597, 14.11785, -1.20887],
							"size": [1, 1, 1],
							"pivot": [-6.35597, 14.11785, -0.70887],
							"rotation": [0, 5, -7.5],
							"uv": {
								"north": {"uv": [31.5, 77], "uv_size": [0.5, 0.5]},
								"east": {"uv": [77, 31.5], "uv_size": [0.5, 0.5]},
								"south": {"uv": [32, 77], "uv_size": [0.5, 0.5]},
								"west": {"uv": [77, 32], "uv_size": [0.5, 0.5]},
								"up": {"uv": [32.5, 77], "uv_size": [0.5, 0.5]},
								"down": {"uv": [77, 33], "uv_size": [0.5, -0.5]}
							}
						},
						{
							"origin": [-6.30929, 12.65286, -1.35098],
							"size": [1, 2, 1],
							"pivot": [-5.80929, 13.65286, -0.85098],
							"rotation": [-2.87277, 4.09405, -42.6027],
							"uv": {
								"north": {"uv": [34, 74.5], "uv_size": [0.5, 1]},
								"east": {"uv": [74.5, 34], "uv_size": [0.5, 1]},
								"south": {"uv": [34.5, 74.5], "uv_size": [0.5, 1]},
								"west": {"uv": [35, 74.5], "uv_size": [0.5, 1]},
								"up": {"uv": [33, 77], "uv_size": [0.5, 0.5]},
								"down": {"uv": [77, 33.5], "uv_size": [0.5, -0.5]}
							}
						},
						{
							"origin": [-5.68873, 12.95031, 0.87283],
							"size": [1, 2, 1],
							"pivot": [-5.17518, 13.00688, 1.33008],
							"rotation": [-10.22435, -2.69018, -37.69305],
							"uv": {
								"north": {"uv": [37.5, 74.5], "uv_size": [0.5, 1]},
								"east": {"uv": [74.5, 37.5], "uv_size": [0.5, 1]},
								"south": {"uv": [38, 74.5], "uv_size": [0.5, 1]},
								"west": {"uv": [38.5, 74.5], "uv_size": [0.5, 1]},
								"up": {"uv": [34, 77], "uv_size": [0.5, 0.5]},
								"down": {"uv": [77, 34.5], "uv_size": [0.5, -0.5]}
							}
						},
						{
							"origin": [-5.68198, 11.14682, 0.88333],
							"size": [0.5, 2, 0.5],
							"pivot": [-5.17518, 13.00688, 1.33008],
							"rotation": [-3.95961, -5.62863, -54.99242],
							"uv": {
								"north": {"uv": [74.5, 38.5], "uv_size": [0.5, 1]},
								"east": {"uv": [39, 74.5], "uv_size": [0.5, 1]},
								"south": {"uv": [74.5, 39.5], "uv_size": [0.5, 1]},
								"west": {"uv": [40, 74.5], "uv_size": [0.5, 1]},
								"up": {"uv": [34.5, 77], "uv_size": [0.5, 0.5]},
								"down": {"uv": [77, 35], "uv_size": [0.5, -0.5]}
							}
						},
						{
							"origin": [-5.68198, 11.15428, 1.36201],
							"size": [0.5, 2, 0.5],
							"pivot": [-5.17518, 13.00688, 1.33008],
							"rotation": [-13.95961, -5.62863, -54.99242],
							"uv": {
								"north": {"uv": [40.5, 74.5], "uv_size": [0.5, 1]},
								"east": {"uv": [74.5, 40.5], "uv_size": [0.5, 1]},
								"south": {"uv": [41, 74.5], "uv_size": [0.5, 1]},
								"west": {"uv": [41.5, 74.5], "uv_size": [0.5, 1]},
								"up": {"uv": [35, 77], "uv_size": [0.5, 0.5]},
								"down": {"uv": [77, 35.5], "uv_size": [0.5, -0.5]}
							}
						},
						{
							"origin": [-4.80174, 11.30469, -1.35909],
							"size": [0.5, 2, 0.5],
							"pivot": [-4.55174, 12.30469, -1.10909],
							"rotation": [1.0295, 3.04137, -60.10545],
							"uv": {
								"north": {"uv": [72, 75.5], "uv_size": [0.5, 1]},
								"east": {"uv": [72.5, 75.5], "uv_size": [0.5, 1]},
								"south": {"uv": [73, 75.5], "uv_size": [0.5, 1]},
								"west": {"uv": [73.5, 75.5], "uv_size": [0.5, 1]},
								"up": {"uv": [78.5, 59], "uv_size": [0.5, 0.5]},
								"down": {"uv": [59.5, 79], "uv_size": [0.5, -0.5]}
							}
						},
						{
							"origin": [-4.77343, 11.30841, -1.03274],
							"size": [0.5, 2, 0.5],
							"pivot": [-4.52343, 12.30841, -0.78274],
							"rotation": [-8.9705, 3.04137, -60.10545],
							"uv": {
								"north": {"uv": [70, 75.5], "uv_size": [0.5, 1]},
								"east": {"uv": [70.5, 75.5], "uv_size": [0.5, 1]},
								"south": {"uv": [71, 75.5], "uv_size": [0.5, 1]},
								"west": {"uv": [71.5, 75.5], "uv_size": [0.5, 1]},
								"up": {"uv": [78.5, 58.5], "uv_size": [0.5, 0.5]},
								"down": {"uv": [59, 79], "uv_size": [0.5, -0.5]}
							}
						},
						{
							"origin": [-5.08878, 15.38005, -2.15866],
							"size": [1, 2, 2],
							"pivot": [-4.58878, 16.38005, -1.15866],
							"rotation": [13.74956, 45.34628, -41.48038],
							"uv": {
								"north": {"uv": [74, 38.5], "uv_size": [0.5, 1]},
								"east": {"uv": [33.5, 69.5], "uv_size": [1, 1]},
								"south": {"uv": [39.5, 74], "uv_size": [0.5, 1]},
								"west": {"uv": [34.5, 69.5], "uv_size": [1, 1]},
								"up": {"uv": [74, 39.5], "uv_size": [0.5, 1]},
								"down": {"uv": [44, 75], "uv_size": [0.5, -1]}
							}
						},
						{
							"origin": [-4.67969, 13.72709, -2.0147],
							"size": [1, 2, 1],
							"pivot": [-4.3962, 15.5351, -1.2647],
							"rotation": [20.74366, 42.03023, 0.22506],
							"uv": {
								"north": {"uv": [31, 74.5], "uv_size": [0.5, 1]},
								"east": {"uv": [31.5, 74.5], "uv_size": [0.5, 1]},
								"south": {"uv": [74.5, 31.5], "uv_size": [0.5, 1]},
								"west": {"uv": [32, 74.5], "uv_size": [0.5, 1]},
								"up": {"uv": [31, 77], "uv_size": [0.5, 0.5]},
								"down": {"uv": [77, 31.5], "uv_size": [0.5, -0.5]}
							}
						}
					]
				},
				{
					"name": "RightHandLocator",
					"parent": "RightHand",
					"pivot": [-5.375, 14.1731, 0.11224]
				},
				{
					"name": "LeftArm",
					"parent": "Arm",
					"pivot": [5.4, 28.8481, 0.08724],
					"rotation": [14.572, -3.5198, -7.98599],
					"cubes": [
						{
							"origin": [3.88359, 25.42728, -1.3779],
							"size": [2.05, 4.2, 3.05],
							"pivot": [5.10859, 28.02728, 0.1471],
							"rotation": [4.99527, -0.21782, -2.5095],
							"uv": {
								"north": {"uv": [8.5, 62.5], "uv_size": [1, 2]},
								"east": {"uv": [33.5, 56.5], "uv_size": [1.5, 2]},
								"south": {"uv": [18.5, 62.5], "uv_size": [1, 2]},
								"west": {"uv": [56.5, 39], "uv_size": [1.5, 2]},
								"up": {"uv": [26.5, 64], "uv_size": [1, 1.5]},
								"down": {"uv": [64, 31.5], "uv_size": [1, -1.5]}
							}
						},
						{
							"origin": [4, 24.42751, -2.09572],
							"size": [2, 2, 1],
							"pivot": [4.7, 25.12751, -0.89572],
							"rotation": [17.21506, -13.93714, 45.43336],
							"uv": {
								"north": {"uv": [70.5, 17.5], "uv_size": [1, 1]},
								"east": {"uv": [74.5, 65.5], "uv_size": [0.5, 1]},
								"south": {"uv": [18, 70.5], "uv_size": [1, 1]},
								"west": {"uv": [74.5, 66.5], "uv_size": [0.5, 1]},
								"up": {"uv": [67, 74.5], "uv_size": [1, 0.5]},
								"down": {"uv": [74.5, 68], "uv_size": [1, -0.5]}
							}
						},
						{
							"origin": [3.75, 24.57751, 1.4202],
							"size": [2, 2, 1],
							"pivot": [4.7, 25.02751, 0.9702],
							"rotation": [-17.21506, 13.93714, 45.43336],
							"uv": {
								"north": {"uv": [70.5, 18.5], "uv_size": [1, 1]},
								"east": {"uv": [68, 74.5], "uv_size": [0.5, 1]},
								"south": {"uv": [19, 70.5], "uv_size": [1, 1]},
								"west": {"uv": [74.5, 68], "uv_size": [0.5, 1]},
								"up": {"uv": [68.5, 74.5], "uv_size": [1, 0.5]},
								"down": {"uv": [74.5, 69.5], "uv_size": [1, -0.5]}
							}
						},
						{
							"origin": [3.7, 23.56445, 0.06935],
							"size": [3, 2, 2],
							"pivot": [5.2, 25.01445, 1.06935],
							"rotation": [-22.5, 0, 0],
							"uv": {
								"north": {"uv": [64, 38.5], "uv_size": [1.5, 1]},
								"east": {"uv": [70.5, 19.5], "uv_size": [1, 1]},
								"south": {"uv": [64, 39.5], "uv_size": [1.5, 1]},
								"west": {"uv": [20, 70.5], "uv_size": [1, 1]},
								"up": {"uv": [64, 40.5], "uv_size": [1.5, 1]},
								"down": {"uv": [64, 42.5], "uv_size": [1.5, -1]}
							}
						},
						{
							"origin": [3.7, 23.56445, -1.84487],
							"size": [3, 2, 2],
							"pivot": [5.2, 25.11445, -0.99487],
							"rotation": [22.5, 0, 0],
							"uv": {
								"north": {"uv": [64, 43.5], "uv_size": [1.5, 1]},
								"east": {"uv": [70.5, 20.5], "uv_size": [1, 1]},
								"south": {"uv": [64, 44.5], "uv_size": [1.5, 1]},
								"west": {"uv": [21, 70.5], "uv_size": [1, 1]},
								"up": {"uv": [64, 45.5], "uv_size": [1.5, 1]},
								"down": {"uv": [64, 47.5], "uv_size": [1.5, -1]}
							}
						},
						{
							"origin": [3.8, 21.8981, -1.21276],
							"size": [2.8, 3, 2.8],
							"uv": {
								"north": {"uv": [59.5, 60], "uv_size": [1.5, 1.5]},
								"east": {"uv": [0, 60.5], "uv_size": [1.5, 1.5]},
								"south": {"uv": [60.5, 0], "uv_size": [1.5, 1.5]},
								"west": {"uv": [1.5, 60.5], "uv_size": [1.5, 1.5]},
								"up": {"uv": [5.5, 60.5], "uv_size": [1.5, 1.5]},
								"down": {"uv": [7, 62], "uv_size": [1.5, -1.5]}
							}
						},
						{
							"origin": [5.16865, 22.49224, -3.03776],
							"size": [1, 3, 3],
							"pivot": [7.11865, 22.14224, 0.11224],
							"rotation": [-43.25025, 1.82076, 23.67943],
							"uv": {
								"north": {"uv": [68.5, 72], "uv_size": [0.5, 1.5]},
								"east": {"uv": [10.5, 60.5], "uv_size": [1.5, 1.5]},
								"south": {"uv": [69, 72], "uv_size": [0.5, 1.5]},
								"west": {"uv": [12, 60.5], "uv_size": [1.5, 1.5]},
								"up": {"uv": [69.5, 72], "uv_size": [0.5, 1.5]},
								"down": {"uv": [70, 73.5], "uv_size": [0.5, -1.5]}
							}
						},
						{
							"origin": [3.75771, 20.94195, -0.8424],
							"size": [2.8, 2, 2],
							"pivot": [5.15771, 21.94195, 0.1576],
							"rotation": [-45.02728, -1.76749, 1.76833],
							"uv": {
								"north": {"uv": [64, 47.5], "uv_size": [1.5, 1]},
								"east": {"uv": [70.5, 21.5], "uv_size": [1, 1]},
								"south": {"uv": [64, 49.5], "uv_size": [1.5, 1]},
								"west": {"uv": [22, 70.5], "uv_size": [1, 1]},
								"up": {"uv": [50.5, 64], "uv_size": [1.5, 1]},
								"down": {"uv": [64, 51.5], "uv_size": [1.5, -1]}
							}
						}
					]
				},
				{
					"name": "LeftForeArm",
					"parent": "LeftArm",
					"pivot": [4.875, 21.6481, 0.11224],
					"rotation": [-15, 0, 0],
					"cubes": [
						{
							"origin": [3.775, 16.8981, -1.38776],
							"size": [3, 6, 3],
							"uv": {
								"north": {"uv": [46, 50.5], "uv_size": [1.5, 3]},
								"east": {"uv": [47.5, 50.5], "uv_size": [1.5, 3]},
								"south": {"uv": [50.5, 49], "uv_size": [1.5, 3]},
								"west": {"uv": [10, 51], "uv_size": [1.5, 3]},
								"up": {"uv": [61, 35.5], "uv_size": [1.5, 1.5]},
								"down": {"uv": [61, 38.5], "uv_size": [1.5, -1.5]}
							}
						}
					]
				},
				{
					"name": "LeftHand",
					"parent": "LeftForeArm",
					"pivot": [5.48668, 16.70545, -0.08776],
					"rotation": [0, 15, 0],
					"cubes": [
						{
							"origin": [4.85563, 15.01051, -1.27007],
							"size": [2, 2, 3],
							"pivot": [5.85563, 16.01051, 0.22993],
							"rotation": [0.87038, -4.92385, -2.53742],
							"uv": {
								"north": {"uv": [70.5, 22.5], "uv_size": [1, 1]},
								"east": {"uv": [64, 51.5], "uv_size": [1.5, 1]},
								"south": {"uv": [23, 70.5], "uv_size": [1, 1]},
								"west": {"uv": [64, 52.5], "uv_size": [1.5, 1]},
								"up": {"uv": [32.5, 64], "uv_size": [1, 1.5]},
								"down": {"uv": [41.5, 65.5], "uv_size": [1, -1.5]}
							}
						},
						{
							"origin": [5.56973, 13.57134, -0.27843],
							"size": [1, 2, 2],
							"pivot": [5.56973, 14.57134, 0.22157],
							"rotation": [-1.50701, -4.76804, 25.06274],
							"uv": {
								"north": {"uv": [69.5, 74.5], "uv_size": [0.5, 1]},
								"east": {"uv": [70.5, 23.5], "uv_size": [1, 1]},
								"south": {"uv": [74.5, 69.5], "uv_size": [0.5, 1]},
								"west": {"uv": [24, 70.5], "uv_size": [1, 1]},
								"up": {"uv": [70, 74.5], "uv_size": [0.5, 1]},
								"down": {"uv": [70.5, 75.5], "uv_size": [0.5, -1]}
							}
						},
						{
							"origin": [5.18198, 11.15428, 1.36201],
							"size": [0.5, 2, 0.5],
							"pivot": [5.17518, 13.00688, 1.33008],
							"rotation": [-13.95961, 5.62863, 54.99242],
							"uv": {
								"north": {"uv": [6.5, 76], "uv_size": [0.5, 1]},
								"east": {"uv": [7, 76], "uv_size": [0.5, 1]},
								"south": {"uv": [7.5, 76], "uv_size": [0.5, 1]},
								"west": {"uv": [8, 76], "uv_size": [0.5, 1]},
								"up": {"uv": [78.5, 60.5], "uv_size": [0.5, 0.5]},
								"down": {"uv": [61, 79], "uv_size": [0.5, -0.5]}
							}
						},
						{
							"origin": [5.18198, 11.14682, 0.88333],
							"size": [0.5, 2, 0.5],
							"pivot": [5.17518, 13.00688, 1.33008],
							"rotation": [-3.95961, 5.62863, 54.99242],
							"uv": {
								"north": {"uv": [4, 76], "uv_size": [0.5, 1]},
								"east": {"uv": [4.5, 76], "uv_size": [0.5, 1]},
								"south": {"uv": [5, 76], "uv_size": [0.5, 1]},
								"west": {"uv": [76, 5.5], "uv_size": [0.5, 1]},
								"up": {"uv": [78.5, 60], "uv_size": [0.5, 0.5]},
								"down": {"uv": [60.5, 79], "uv_size": [0.5, -0.5]}
							}
						},
						{
							"origin": [4.68873, 12.95031, 0.87283],
							"size": [1, 2, 1],
							"pivot": [5.17518, 13.00688, 1.33008],
							"rotation": [-10.22435, 2.69018, 37.69305],
							"uv": {
								"north": {"uv": [76, 1.5], "uv_size": [0.5, 1]},
								"east": {"uv": [2.5, 76], "uv_size": [0.5, 1]},
								"south": {"uv": [3, 76], "uv_size": [0.5, 1]},
								"west": {"uv": [76, 3], "uv_size": [0.5, 1]},
								"up": {"uv": [78.5, 59.5], "uv_size": [0.5, 0.5]},
								"down": {"uv": [60, 79], "uv_size": [0.5, -0.5]}
							}
						},
						{
							"origin": [3.9518, 14.57544, -0.87354],
							"size": [1, 1, 2],
							"pivot": [4.4518, 14.57544, 0.62646],
							"rotation": [-4.69986, 1.70818, 117.4299],
							"uv": {
								"north": {"uv": [77.5, 5], "uv_size": [0.5, 0.5]},
								"east": {"uv": [74.5, 70.5], "uv_size": [1, 0.5]},
								"south": {"uv": [5.5, 77.5], "uv_size": [0.5, 0.5]},
								"west": {"uv": [71, 74.5], "uv_size": [1, 0.5]},
								"up": {"uv": [74.5, 71.5], "uv_size": [0.5, 1]},
								"down": {"uv": [72, 75.5], "uv_size": [0.5, -1]}
							}
						},
						{
							"origin": [3.96083, 12.61488, -0.63356],
							"size": [0.5, 2, 1.5],
							"pivot": [4.31083, 14.21488, 0.11644],
							"rotation": [-4.09918, 2.86544, 132.39743],
							"uv": {
								"north": {"uv": [74, 75.5], "uv_size": [0.5, 1]},
								"east": {"uv": [8.5, 71.5], "uv_size": [1, 1]},
								"south": {"uv": [74.5, 75.5], "uv_size": [0.5, 1]},
								"west": {"uv": [71.5, 21], "uv_size": [1, 1]},
								"up": {"uv": [75, 75.5], "uv_size": [0.5, 1]},
								"down": {"uv": [75.5, 76.5], "uv_size": [0.5, -1]}
							}
						},
						{
							"origin": [5.85597, 14.11785, -1.20887],
							"size": [1, 1, 1],
							"pivot": [6.35597, 14.11785, -0.70887],
							"rotation": [0, -5, 7.5],
							"uv": {
								"north": {"uv": [77.5, 5.5], "uv_size": [0.5, 0.5]},
								"east": {"uv": [6, 77.5], "uv_size": [0.5, 0.5]},
								"south": {"uv": [77.5, 6], "uv_size": [0.5, 0.5]},
								"west": {"uv": [6.5, 77.5], "uv_size": [0.5, 0.5]},
								"up": {"uv": [77.5, 6.5], "uv_size": [0.5, 0.5]},
								"down": {"uv": [7, 78], "uv_size": [0.5, -0.5]}
							}
						},
						{
							"origin": [5.30929, 12.65286, -1.35098],
							"size": [1, 2, 1],
							"pivot": [5.80929, 13.65286, -0.85098],
							"rotation": [-2.87277, -4.09405, 42.6027],
							"uv": {
								"north": {"uv": [72.5, 74.5], "uv_size": [0.5, 1]},
								"east": {"uv": [74.5, 72.5], "uv_size": [0.5, 1]},
								"south": {"uv": [73, 74.5], "uv_size": [0.5, 1]},
								"west": {"uv": [73.5, 74.5], "uv_size": [0.5, 1]},
								"up": {"uv": [77.5, 7], "uv_size": [0.5, 0.5]},
								"down": {"uv": [7.5, 78], "uv_size": [0.5, -0.5]}
							}
						},
						{
							"origin": [4.30174, 11.30469, -1.35909],
							"size": [0.5, 2, 0.5],
							"pivot": [4.55174, 12.30469, -1.10909],
							"rotation": [1.0295, -3.04137, 60.10545],
							"uv": {
								"north": {"uv": [68, 75.5], "uv_size": [0.5, 1]},
								"east": {"uv": [68.5, 75.5], "uv_size": [0.5, 1]},
								"south": {"uv": [69, 75.5], "uv_size": [0.5, 1]},
								"west": {"uv": [69.5, 75.5], "uv_size": [0.5, 1]},
								"up": {"uv": [78.5, 58], "uv_size": [0.5, 0.5]},
								"down": {"uv": [58.5, 79], "uv_size": [0.5, -0.5]}
							}
						},
						{
							"origin": [4.27343, 11.30841, -1.03274],
							"size": [0.5, 2, 0.5],
							"pivot": [4.52343, 12.30841, -0.78274],
							"rotation": [-8.9705, -3.04137, 60.10545],
							"uv": {
								"north": {"uv": [66, 75.5], "uv_size": [0.5, 1]},
								"east": {"uv": [66.5, 75.5], "uv_size": [0.5, 1]},
								"south": {"uv": [67, 75.5], "uv_size": [0.5, 1]},
								"west": {"uv": [67.5, 75.5], "uv_size": [0.5, 1]},
								"up": {"uv": [78.5, 57.5], "uv_size": [0.5, 0.5]},
								"down": {"uv": [58, 79], "uv_size": [0.5, -0.5]}
							}
						},
						{
							"origin": [4.08878, 15.38005, -2.15866],
							"size": [1, 2, 2],
							"pivot": [4.58878, 16.38005, -1.15866],
							"rotation": [13.74956, -45.34628, 41.48038],
							"uv": {
								"north": {"uv": [74, 74.5], "uv_size": [0.5, 1]},
								"east": {"uv": [70.5, 24.5], "uv_size": [1, 1]},
								"south": {"uv": [74.5, 74.5], "uv_size": [0.5, 1]},
								"west": {"uv": [25, 70.5], "uv_size": [1, 1]},
								"up": {"uv": [0, 75], "uv_size": [0.5, 1]},
								"down": {"uv": [0.5, 76], "uv_size": [0.5, -1]}
							}
						},
						{
							"origin": [3.67969, 13.72709, -2.0147],
							"size": [1, 2, 1],
							"pivot": [4.3962, 15.5351, -1.2647],
							"rotation": [20.74366, -42.03023, -0.22506],
							"uv": {
								"north": {"uv": [75, 0.5], "uv_size": [0.5, 1]},
								"east": {"uv": [1, 75], "uv_size": [0.5, 1]},
								"south": {"uv": [1.5, 75], "uv_size": [0.5, 1]},
								"west": {"uv": [75, 1.5], "uv_size": [0.5, 1]},
								"up": {"uv": [77.5, 7.5], "uv_size": [0.5, 0.5]},
								"down": {"uv": [8, 78], "uv_size": [0.5, -0.5]}
							}
						}
					]
				},
				{
					"name": "LeftHandLocator",
					"parent": "LeftHand",
					"pivot": [5.375, 14.1731, 0.11224]
				},
				{
					"name": "Breast",
					"parent": "UpperBody",
					"pivot": [0, 29.89557, -1.5461]
				},
				{
					"name": "bone2",
					"parent": "Breast",
					"pivot": [3.1187, 30.13545, -1.25695],
					"rotation": [5.3191, -19.92066, -21.81693]
				},
				{
					"name": "q_p",
					"parent": "UpBody",
					"pivot": [-1.74822, 20.36593, -2.5667],
					"rotation": [2.5, 0, 0]
				},
				{
					"name": "q_p2",
					"parent": "UpBody",
					"pivot": [-1.74822, 20.36593, -21.5667],
					"rotation": [2.5, 0, 0]
				},
				{
					"name": "DownBody",
					"parent": "AllBody",
					"pivot": [0, 23.1491, 0]
				},
				{
					"name": "LeftLeg",
					"parent": "DownBody",
					"pivot": [3.12, 18.1, 0.75],
					"rotation": [-0.32652, -2.4786, 5.00706]
				},
				{
					"name": "th",
					"parent": "LeftLeg",
					"pivot": [2.78994, 13.84962, -2.27498]
				},
				{
					"name": "left_a_yw",
					"parent": "LeftLeg",
					"pivot": [4.99911, 16.17809, -0.09899]
				},
				{
					"name": "LeftLowerLeg",
					"parent": "LeftLeg",
					"pivot": [3.23956, 9.1405, 0.34905],
					"rotation": [2.48632, 0.26124, -5.99433]
				},
				{
					"name": "left_yw",
					"parent": "LeftLowerLeg",
					"pivot": [2.41456, 4.21457, -1.68298]
				},
				{
					"name": "LeftFoot",
					"parent": "LeftLowerLeg",
					"pivot": [2.82706, -0.70998, 0.90836],
					"rotation": [-2.5453, 2.56262, 1.38855]
				},
				{
					"name": "RightSole",
					"parent": "LeftFoot",
					"pivot": [3.06212, -1.84693, -0.88491],
					"rotation": [12.5, 0, 0]
				},
				{
					"name": "RightLeg",
					"parent": "DownBody",
					"pivot": [-3.12, 18.1, 0.75],
					"rotation": [-0.32652, 2.4786, -5.00706]
				},
				{
					"name": "right_a_yw",
					"parent": "RightLeg",
					"pivot": [-4.99911, 16.17809, -0.09899]
				},
				{
					"name": "RightLowerLeg",
					"parent": "RightLeg",
					"pivot": [-3.23956, 9.1405, 0.34905],
					"rotation": [2.48632, -0.26124, 5.99433]
				},
				{
					"name": "right_yw",
					"parent": "RightLowerLeg",
					"pivot": [-2.41456, 4.21457, -1.68298]
				},
				{
					"name": "RightFoot",
					"parent": "RightLowerLeg",
					"pivot": [-2.82706, -0.70998, 0.90836],
					"rotation": [-2.5453, -2.56262, -1.38855]
				},
				{
					"name": "LeftSole",
					"parent": "RightFoot",
					"pivot": [-3.06212, -1.84693, -0.88491],
					"rotation": [12.5, 0, 0]
				},
				{
					"name": "DownBody2",
					"parent": "AllBody",
					"pivot": [0, 23.1491, 0]
				}
			]
		}
	]
}