{
	"format_version": "1.12.0",
	"minecraft:geometry": [
		{
			"description": {
				"identifier": "geometry.unknown",
				"texture_width": 256,
				"texture_height": 256,
				"visible_bounds_width": 7,
				"visible_bounds_height": 8,
				"visible_bounds_offset": [0, 2, 0]
			},
			"bones": [
				{
					"name": "RightArm",
					"pivot": [-2.25, 29, 0],
					"cubes": [
						{
							"origin": [-3.25345, 23.12166, -1.24],
							"size": [2.5, 7, 2.5],
							"uv": {
								"north": {"uv": [21, 59], "uv_size": [3, 7]},
								"east": {"uv": [59, 23], "uv_size": [3, 7]},
								"south": {"uv": [24, 59], "uv_size": [3, 7]},
								"west": {"uv": [27, 59], "uv_size": [3, 7]},
								"up": {"uv": [38, 74], "uv_size": [3, 3]},
								"down": {"uv": [74, 58], "uv_size": [3, -3]}
							}
						},
						{
							"origin": [-3.00345, 22.47166, -0.49],
							"size": [2, 1.5, 1.5],
							"pivot": [-2.00345, 23.47166, 0.01],
							"rotation": [-45, 0, 0],
							"uv": {
								"north": {"uv": [41, 83], "uv_size": [2, 2]},
								"east": {"uv": [62, 83], "uv_size": [2, 2]},
								"south": {"uv": [83, 66], "uv_size": [2, 2]},
								"west": {"uv": [83, 68], "uv_size": [2, 2]},
								"up": {"uv": [83, 70], "uv_size": [2, 2]},
								"down": {"uv": [72, 85], "uv_size": [2, -2]}
							}
						}
					]
				},
				{
					"name": "right_sleeve",
					"parent": "RightArm",
					"pivot": [-2.25, 29, 0],
					"cubes": [
						{
							"origin": [-3.35345, 25.62166, -1.34],
							"size": [2.7, 0.5, 2.7],
							"uv": {
								"north": {"uv": [19, 89], "uv_size": [3, 1]},
								"east": {"uv": [89, 19], "uv_size": [3, 1]},
								"south": {"uv": [89, 21], "uv_size": [3, 1]},
								"west": {"uv": [89, 22], "uv_size": [3, 1]},
								"up": {"uv": [75, 29], "uv_size": [3, 3]},
								"down": {"uv": [75, 35], "uv_size": [3, -3]}
							}
						},
						{
							"origin": [-3.30345, 25.12166, -1.34],
							"size": [0.95, 0.75, 0.5],
							"pivot": [-2.85345, 25.87166, -1.34],
							"rotation": [-22.5, 0, 0],
							"uv": {
								"north": {"uv": [34, 100], "uv_size": [1, 1]},
								"east": {"uv": [100, 34], "uv_size": [1, 1]},
								"south": {"uv": [35, 100], "uv_size": [1, 1]},
								"west": {"uv": [100, 35], "uv_size": [1, 1]},
								"up": {"uv": [36, 100], "uv_size": [1, 1]},
								"down": {"uv": [100, 37], "uv_size": [1, -1]}
							}
						},
						{
							"origin": [-2.50345, 25.37166, -1.34],
							"size": [1, 0.75, 0.5],
							"pivot": [-2.00345, 26.12166, -1.34],
							"rotation": [-22.5, 0, 0],
							"uv": {
								"north": {"uv": [37, 100], "uv_size": [1, 1]},
								"east": {"uv": [100, 37], "uv_size": [1, 1]},
								"south": {"uv": [38, 100], "uv_size": [1, 1]},
								"west": {"uv": [100, 38], "uv_size": [1, 1]},
								"up": {"uv": [39, 100], "uv_size": [1, 1]},
								"down": {"uv": [100, 40], "uv_size": [1, -1]}
							}
						},
						{
							"origin": [-1.65345, 25.12166, -1.34],
							"size": [0.95, 0.75, 0.5],
							"pivot": [-1.15345, 25.87166, -1.34],
							"rotation": [-22.5, 0, 0],
							"uv": {
								"north": {"uv": [40, 100], "uv_size": [1, 1]},
								"east": {"uv": [100, 40], "uv_size": [1, 1]},
								"south": {"uv": [41, 100], "uv_size": [1, 1]},
								"west": {"uv": [100, 41], "uv_size": [1, 1]},
								"up": {"uv": [42, 100], "uv_size": [1, 1]},
								"down": {"uv": [100, 43], "uv_size": [1, -1]}
							}
						},
						{
							"origin": [-1.14655, 25.12166, 0.36],
							"size": [0.5, 0.75, 0.95],
							"pivot": [-0.64655, 25.87166, 0.86],
							"rotation": [0, 0, -22.5],
							"uv": {
								"north": {"uv": [43, 100], "uv_size": [1, 1]},
								"east": {"uv": [100, 43], "uv_size": [1, 1]},
								"south": {"uv": [44, 100], "uv_size": [1, 1]},
								"west": {"uv": [100, 44], "uv_size": [1, 1]},
								"up": {"uv": [45, 100], "uv_size": [1, 1]},
								"down": {"uv": [100, 46], "uv_size": [1, -1]}
							}
						},
						{
							"origin": [-1.14655, 25.37166, -0.49],
							"size": [0.5, 0.75, 1],
							"pivot": [-0.64655, 26.12166, 0.01],
							"rotation": [0, 0, -22.5],
							"uv": {
								"north": {"uv": [46, 100], "uv_size": [1, 1]},
								"east": {"uv": [100, 46], "uv_size": [1, 1]},
								"south": {"uv": [47, 100], "uv_size": [1, 1]},
								"west": {"uv": [100, 47], "uv_size": [1, 1]},
								"up": {"uv": [48, 100], "uv_size": [1, 1]},
								"down": {"uv": [100, 49], "uv_size": [1, -1]}
							}
						},
						{
							"origin": [-1.14655, 25.12166, -1.29],
							"size": [0.5, 0.75, 0.95],
							"pivot": [-0.64655, 25.87166, -0.79],
							"rotation": [0, 0, -22.5],
							"uv": {
								"north": {"uv": [49, 100], "uv_size": [1, 1]},
								"east": {"uv": [100, 49], "uv_size": [1, 1]},
								"south": {"uv": [50, 100], "uv_size": [1, 1]},
								"west": {"uv": [100, 50], "uv_size": [1, 1]},
								"up": {"uv": [51, 100], "uv_size": [1, 1]},
								"down": {"uv": [100, 52], "uv_size": [1, -1]}
							}
						},
						{
							"origin": [-3.35345, 25.37166, -0.49],
							"size": [0.5, 0.75, 1],
							"pivot": [-3.35345, 26.12166, 0.01],
							"rotation": [0, 0, 22.5],
							"uv": {
								"north": {"uv": [52, 100], "uv_size": [1, 1]},
								"east": {"uv": [100, 52], "uv_size": [1, 1]},
								"south": {"uv": [53, 100], "uv_size": [1, 1]},
								"west": {"uv": [100, 53], "uv_size": [1, 1]},
								"up": {"uv": [54, 100], "uv_size": [1, 1]},
								"down": {"uv": [100, 55], "uv_size": [1, -1]}
							}
						},
						{
							"origin": [-3.35345, 25.12166, 0.36],
							"size": [0.5, 0.75, 0.95],
							"pivot": [-3.35345, 25.87166, 0.86],
							"rotation": [0, 0, 22.5],
							"uv": {
								"north": {"uv": [55, 100], "uv_size": [1, 1]},
								"east": {"uv": [100, 55], "uv_size": [1, 1]},
								"south": {"uv": [56, 100], "uv_size": [1, 1]},
								"west": {"uv": [100, 56], "uv_size": [1, 1]},
								"up": {"uv": [57, 100], "uv_size": [1, 1]},
								"down": {"uv": [100, 58], "uv_size": [1, -1]}
							}
						},
						{
							"origin": [-3.35345, 25.12166, -1.29],
							"size": [0.5, 0.75, 0.95],
							"pivot": [-3.35345, 25.87166, -0.79],
							"rotation": [0, 0, 22.5],
							"uv": {
								"north": {"uv": [58, 100], "uv_size": [1, 1]},
								"east": {"uv": [100, 58], "uv_size": [1, 1]},
								"south": {"uv": [59, 100], "uv_size": [1, 1]},
								"west": {"uv": [100, 59], "uv_size": [1, 1]},
								"up": {"uv": [60, 100], "uv_size": [1, 1]},
								"down": {"uv": [100, 61], "uv_size": [1, -1]}
							}
						},
						{
							"origin": [-2.50345, 25.37166, 0.86],
							"size": [1, 0.75, 0.5],
							"pivot": [-2.00345, 26.12166, 1.34],
							"rotation": [22.5, 0, 0],
							"uv": {
								"north": {"uv": [61, 100], "uv_size": [1, 1]},
								"east": {"uv": [100, 61], "uv_size": [1, 1]},
								"south": {"uv": [62, 100], "uv_size": [1, 1]},
								"west": {"uv": [100, 62], "uv_size": [1, 1]},
								"up": {"uv": [63, 100], "uv_size": [1, 1]},
								"down": {"uv": [100, 64], "uv_size": [1, -1]}
							}
						},
						{
							"origin": [-3.30345, 25.12166, 0.86],
							"size": [0.95, 0.75, 0.5],
							"pivot": [-2.85345, 25.87166, 1.34],
							"rotation": [22.5, 0, 0],
							"uv": {
								"north": {"uv": [64, 100], "uv_size": [1, 1]},
								"east": {"uv": [100, 64], "uv_size": [1, 1]},
								"south": {"uv": [65, 100], "uv_size": [1, 1]},
								"west": {"uv": [100, 65], "uv_size": [1, 1]},
								"up": {"uv": [66, 100], "uv_size": [1, 1]},
								"down": {"uv": [100, 67], "uv_size": [1, -1]}
							}
						},
						{
							"origin": [-1.65345, 25.12166, 0.86],
							"size": [0.95, 0.75, 0.5],
							"pivot": [-1.15345, 25.87166, 1.34],
							"rotation": [22.5, 0, 0],
							"uv": {
								"north": {"uv": [67, 100], "uv_size": [1, 1]},
								"east": {"uv": [100, 67], "uv_size": [1, 1]},
								"south": {"uv": [68, 100], "uv_size": [1, 1]},
								"west": {"uv": [100, 68], "uv_size": [1, 1]},
								"up": {"uv": [69, 100], "uv_size": [1, 1]},
								"down": {"uv": [100, 70], "uv_size": [1, -1]}
							}
						}
					]
				},
				{
					"name": "right_right_sleeve",
					"parent": "right_sleeve",
					"pivot": [-3.26587, 30.09088, 0.01],
					"rotation": [0, 0, 15],
					"cubes": [
						{
							"origin": [-3.26587, 26.81588, -1.25],
							"size": [1.1, 3.3, 2.52],
							"uv": {
								"north": {"uv": [57, 88], "uv_size": [1, 3]},
								"east": {"uv": [56, 74], "uv_size": [3, 3]},
								"south": {"uv": [88, 84], "uv_size": [1, 3]},
								"west": {"uv": [74, 58], "uv_size": [3, 3]},
								"up": {"uv": [86, 88], "uv_size": [1, 3]},
								"down": {"uv": [87, 91], "uv_size": [1, -3]}
							}
						}
					]
				},
				{
					"name": "right_right_sleeve_2",
					"parent": "right_right_sleeve",
					"pivot": [-3.26587, 26.81588, 0.01],
					"rotation": [0, 0, -60],
					"cubes": [
						{
							"origin": [-3.26587, 24.81588, -1.251],
							"size": [1.1, 2, 2.522],
							"uv": {
								"north": {"uv": [86, 92], "uv_size": [1, 2]},
								"east": {"uv": [41, 81], "uv_size": [3, 2]},
								"south": {"uv": [87, 92], "uv_size": [1, 2]},
								"west": {"uv": [81, 44], "uv_size": [3, 2]},
								"up": {"uv": [88, 88], "uv_size": [1, 3]},
								"down": {"uv": [0, 92], "uv_size": [1, -3]}
							}
						}
					]
				},
				{
					"name": "right_left_sleeve",
					"parent": "right_sleeve",
					"pivot": [-0.73413, 30.09088, 0.01],
					"rotation": [0, 0, -15],
					"cubes": [
						{
							"origin": [-1.83413, 26.81588, -1.25],
							"size": [1.1, 3.3, 2.52],
							"uv": {
								"north": {"uv": [1, 89], "uv_size": [1, 3]},
								"east": {"uv": [74, 67], "uv_size": [3, 3]},
								"south": {"uv": [2, 89], "uv_size": [1, 3]},
								"west": {"uv": [74, 70], "uv_size": [3, 3]},
								"up": {"uv": [89, 2], "uv_size": [1, 3]},
								"down": {"uv": [3, 92], "uv_size": [1, -3]}
							}
						}
					]
				},
				{
					"name": "right_left_sleeve_2",
					"parent": "right_left_sleeve",
					"pivot": [-0.73413, 26.81588, 0.01],
					"rotation": [0, 0, 60],
					"cubes": [
						{
							"origin": [-1.83413, 24.81588, -1.251],
							"size": [1.1, 2, 2.522],
							"uv": {
								"north": {"uv": [88, 92], "uv_size": [1, 2]},
								"east": {"uv": [81, 46], "uv_size": [3, 2]},
								"south": {"uv": [91, 92], "uv_size": [1, 2]},
								"west": {"uv": [81, 48], "uv_size": [3, 2]},
								"up": {"uv": [4, 89], "uv_size": [1, 3]},
								"down": {"uv": [5, 92], "uv_size": [1, -3]}
							}
						}
					]
				},
				{
					"name": "right_front_sleeve",
					"parent": "right_sleeve",
					"pivot": [-2.00345, 30.19666, -1.24],
					"rotation": [-15, 0, 0],
					"cubes": [
						{
							"origin": [-3.25345, 26.82166, -1.24],
							"size": [2.5, 3.3, 1.1],
							"uv": {
								"north": {"uv": [0, 75], "uv_size": [3, 3]},
								"east": {"uv": [89, 5], "uv_size": [1, 3]},
								"south": {"uv": [75, 3], "uv_size": [3, 3]},
								"west": {"uv": [89, 8], "uv_size": [1, 3]},
								"up": {"uv": [9, 89], "uv_size": [3, 1]},
								"down": {"uv": [89, 12], "uv_size": [3, -1]}
							}
						}
					]
				},
				{
					"name": "right_front_sleeve_1",
					"parent": "right_front_sleeve",
					"pivot": [-2.00345, 26.82166, -1.24],
					"rotation": [60, 0, 0],
					"cubes": [
						{
							"origin": [-3.2545, 24.82166, -1.24],
							"size": [2.502, 2, 1.1],
							"uv": {
								"north": {"uv": [81, 56], "uv_size": [3, 2]},
								"east": {"uv": [92, 92], "uv_size": [1, 2]},
								"south": {"uv": [58, 81], "uv_size": [3, 2]},
								"west": {"uv": [0, 93], "uv_size": [1, 2]},
								"up": {"uv": [12, 89], "uv_size": [3, 1]},
								"down": {"uv": [89, 13], "uv_size": [3, -1]}
							}
						}
					]
				},
				{
					"name": "right_back_sleeve",
					"parent": "right_sleeve",
					"pivot": [-2.00345, 30.19666, 1.24],
					"rotation": [15, 0, 0],
					"cubes": [
						{
							"origin": [-3.25345, 26.82166, 0.14],
							"size": [2.5, 3.3, 1.1],
							"uv": {
								"north": {"uv": [75, 6], "uv_size": [3, 3]},
								"east": {"uv": [89, 13], "uv_size": [1, 3]},
								"south": {"uv": [75, 9], "uv_size": [3, 3]},
								"west": {"uv": [15, 89], "uv_size": [1, 3]},
								"up": {"uv": [16, 89], "uv_size": [3, 1]},
								"down": {"uv": [89, 17], "uv_size": [3, -1]}
							}
						}
					]
				},
				{
					"name": "right_back_sleeve_1",
					"parent": "right_back_sleeve",
					"pivot": [-2.00345, 26.82166, 1.24],
					"rotation": [-60, 0, 0],
					"cubes": [
						{
							"origin": [-3.2545, 24.82166, 0.14],
							"size": [2.502, 2, 1.1],
							"uv": {
								"north": {"uv": [81, 58], "uv_size": [3, 2]},
								"east": {"uv": [1, 93], "uv_size": [1, 2]},
								"south": {"uv": [61, 81], "uv_size": [3, 2]},
								"west": {"uv": [2, 93], "uv_size": [1, 2]},
								"up": {"uv": [89, 17], "uv_size": [3, 1]},
								"down": {"uv": [89, 19], "uv_size": [3, -1]}
							}
						}
					]
				},
				{
					"name": "RightForeArm",
					"parent": "RightArm",
					"pivot": [-2.00345, 23.1, 0],
					"cubes": [
						{
							"origin": [-3.25345, 16.12166, -1.24],
							"size": [2.5, 7, 2.5],
							"uv": {
								"north": {"uv": [59, 30], "uv_size": [3, 7]},
								"east": {"uv": [34, 59], "uv_size": [3, 7]},
								"south": {"uv": [59, 41], "uv_size": [3, 7]},
								"west": {"uv": [59, 48], "uv_size": [3, 7]},
								"up": {"uv": [75, 35], "uv_size": [3, 3]},
								"down": {"uv": [75, 41], "uv_size": [3, -3]}
							}
						}
					]
				},
				{
					"name": "RightHand",
					"parent": "RightForeArm",
					"pivot": [-2.00345, 17.6217, 0]
				},
				{
					"name": "RightHandLocator",
					"parent": "RightHand",
					"pivot": [-2.00345, 17.62166, 0.01]
				},
				{
					"name": "BladeLocator",
					"parent": "RightHand",
					"pivot": [-2.00345, 17.62166, 0.01]
				},
				{
					"name": "LeftArm",
					"pivot": [2.25, 29, 0],
					"cubes": [
						{
							"origin": [0.75345, 23.12166, -1.24],
							"size": [2.5, 7, 2.5],
							"uv": {
								"north": {"uv": [56, 41], "uv_size": [3, 7]},
								"east": {"uv": [45, 56], "uv_size": [3, 7]},
								"south": {"uv": [56, 48], "uv_size": [3, 7]},
								"west": {"uv": [56, 55], "uv_size": [3, 7]},
								"up": {"uv": [72, 5], "uv_size": [3, 3]},
								"down": {"uv": [72, 11], "uv_size": [3, -3]}
							}
						},
						{
							"origin": [1.00345, 22.47166, -0.49],
							"size": [2, 1.5, 1.5],
							"pivot": [2.00345, 23.47166, 0.01],
							"rotation": [-45, 0, 0],
							"uv": {
								"north": {"uv": [39, 12], "uv_size": [2, 2]},
								"east": {"uv": [40, 56], "uv_size": [2, 2]},
								"south": {"uv": [4, 64], "uv_size": [2, 2]},
								"west": {"uv": [67, 64], "uv_size": [2, 2]},
								"up": {"uv": [73, 3], "uv_size": [2, 2]},
								"down": {"uv": [41, 76], "uv_size": [2, -2]}
							}
						}
					]
				},
				{
					"name": "left_sleeve",
					"parent": "LeftArm",
					"pivot": [2.25, 29, 0],
					"cubes": [
						{
							"origin": [0.65345, 25.62166, -1.34],
							"size": [2.7, 0.5, 2.7],
							"uv": {
								"north": {"uv": [88, 63], "uv_size": [3, 1]},
								"east": {"uv": [64, 88], "uv_size": [3, 1]},
								"south": {"uv": [88, 64], "uv_size": [3, 1]},
								"west": {"uv": [88, 65], "uv_size": [3, 1]},
								"up": {"uv": [43, 73], "uv_size": [3, 3]},
								"down": {"uv": [46, 76], "uv_size": [3, -3]}
							}
						},
						{
							"origin": [2.35345, 25.12166, -1.34],
							"size": [0.95, 0.75, 0.5],
							"pivot": [2.85345, 25.87166, -1.34],
							"rotation": [-22.5, 0, 0],
							"uv": {
								"north": {"uv": [99, 94], "uv_size": [1, 1]},
								"east": {"uv": [95, 99], "uv_size": [1, 1]},
								"south": {"uv": [99, 95], "uv_size": [1, 1]},
								"west": {"uv": [96, 99], "uv_size": [1, 1]},
								"up": {"uv": [99, 96], "uv_size": [1, 1]},
								"down": {"uv": [97, 100], "uv_size": [1, -1]}
							}
						},
						{
							"origin": [1.50345, 25.37166, -1.34],
							"size": [1, 0.75, 0.5],
							"pivot": [2.00345, 26.12166, -1.34],
							"rotation": [-22.5, 0, 0],
							"uv": {
								"north": {"uv": [99, 97], "uv_size": [1, 1]},
								"east": {"uv": [98, 99], "uv_size": [1, 1]},
								"south": {"uv": [99, 98], "uv_size": [1, 1]},
								"west": {"uv": [99, 99], "uv_size": [1, 1]},
								"up": {"uv": [0, 100], "uv_size": [1, 1]},
								"down": {"uv": [100, 1], "uv_size": [1, -1]}
							}
						},
						{
							"origin": [0.70345, 25.12166, -1.34],
							"size": [0.95, 0.75, 0.5],
							"pivot": [1.15345, 25.87166, -1.34],
							"rotation": [-22.5, 0, 0],
							"uv": {
								"north": {"uv": [1, 100], "uv_size": [1, 1]},
								"east": {"uv": [100, 1], "uv_size": [1, 1]},
								"south": {"uv": [2, 100], "uv_size": [1, 1]},
								"west": {"uv": [100, 2], "uv_size": [1, 1]},
								"up": {"uv": [3, 100], "uv_size": [1, 1]},
								"down": {"uv": [100, 4], "uv_size": [1, -1]}
							}
						},
						{
							"origin": [0.64655, 25.12166, 0.36],
							"size": [0.5, 0.75, 0.95],
							"pivot": [0.64655, 25.87166, 0.86],
							"rotation": [0, 0, 22.5],
							"uv": {
								"north": {"uv": [4, 100], "uv_size": [1, 1]},
								"east": {"uv": [100, 4], "uv_size": [1, 1]},
								"south": {"uv": [5, 100], "uv_size": [1, 1]},
								"west": {"uv": [100, 5], "uv_size": [1, 1]},
								"up": {"uv": [6, 100], "uv_size": [1, 1]},
								"down": {"uv": [100, 7], "uv_size": [1, -1]}
							}
						},
						{
							"origin": [0.64655, 25.37166, -0.49],
							"size": [0.5, 0.75, 1],
							"pivot": [0.64655, 26.12166, 0.01],
							"rotation": [0, 0, 22.5],
							"uv": {
								"north": {"uv": [7, 100], "uv_size": [1, 1]},
								"east": {"uv": [100, 7], "uv_size": [1, 1]},
								"south": {"uv": [8, 100], "uv_size": [1, 1]},
								"west": {"uv": [100, 8], "uv_size": [1, 1]},
								"up": {"uv": [9, 100], "uv_size": [1, 1]},
								"down": {"uv": [100, 10], "uv_size": [1, -1]}
							}
						},
						{
							"origin": [0.64655, 25.12166, -1.29],
							"size": [0.5, 0.75, 0.95],
							"pivot": [0.64655, 25.87166, -0.79],
							"rotation": [0, 0, 22.5],
							"uv": {
								"north": {"uv": [10, 100], "uv_size": [1, 1]},
								"east": {"uv": [100, 10], "uv_size": [1, 1]},
								"south": {"uv": [11, 100], "uv_size": [1, 1]},
								"west": {"uv": [100, 11], "uv_size": [1, 1]},
								"up": {"uv": [12, 100], "uv_size": [1, 1]},
								"down": {"uv": [100, 13], "uv_size": [1, -1]}
							}
						},
						{
							"origin": [2.85345, 25.37166, -0.49],
							"size": [0.5, 0.75, 1],
							"pivot": [3.35345, 26.12166, 0.01],
							"rotation": [0, 0, -22.5],
							"uv": {
								"north": {"uv": [13, 100], "uv_size": [1, 1]},
								"east": {"uv": [100, 13], "uv_size": [1, 1]},
								"south": {"uv": [14, 100], "uv_size": [1, 1]},
								"west": {"uv": [100, 14], "uv_size": [1, 1]},
								"up": {"uv": [15, 100], "uv_size": [1, 1]},
								"down": {"uv": [100, 16], "uv_size": [1, -1]}
							}
						},
						{
							"origin": [2.85345, 25.12166, 0.36],
							"size": [0.5, 0.75, 0.95],
							"pivot": [3.35345, 25.87166, 0.86],
							"rotation": [0, 0, -22.5],
							"uv": {
								"north": {"uv": [16, 100], "uv_size": [1, 1]},
								"east": {"uv": [100, 16], "uv_size": [1, 1]},
								"south": {"uv": [17, 100], "uv_size": [1, 1]},
								"west": {"uv": [100, 17], "uv_size": [1, 1]},
								"up": {"uv": [18, 100], "uv_size": [1, 1]},
								"down": {"uv": [100, 19], "uv_size": [1, -1]}
							}
						},
						{
							"origin": [2.85345, 25.12166, -1.29],
							"size": [0.5, 0.75, 0.95],
							"pivot": [3.35345, 25.87166, -0.79],
							"rotation": [0, 0, -22.5],
							"uv": {
								"north": {"uv": [19, 100], "uv_size": [1, 1]},
								"east": {"uv": [100, 19], "uv_size": [1, 1]},
								"south": {"uv": [20, 100], "uv_size": [1, 1]},
								"west": {"uv": [100, 20], "uv_size": [1, 1]},
								"up": {"uv": [21, 100], "uv_size": [1, 1]},
								"down": {"uv": [100, 22], "uv_size": [1, -1]}
							}
						},
						{
							"origin": [1.50345, 25.37166, 0.86],
							"size": [1, 0.75, 0.5],
							"pivot": [2.00345, 26.12166, 1.34],
							"rotation": [22.5, 0, 0],
							"uv": {
								"north": {"uv": [22, 100], "uv_size": [1, 1]},
								"east": {"uv": [100, 22], "uv_size": [1, 1]},
								"south": {"uv": [23, 100], "uv_size": [1, 1]},
								"west": {"uv": [100, 23], "uv_size": [1, 1]},
								"up": {"uv": [24, 100], "uv_size": [1, 1]},
								"down": {"uv": [100, 25], "uv_size": [1, -1]}
							}
						},
						{
							"origin": [2.35345, 25.12166, 0.86],
							"size": [0.95, 0.75, 0.5],
							"pivot": [2.85345, 25.87166, 1.34],
							"rotation": [22.5, 0, 0],
							"uv": {
								"north": {"uv": [25, 100], "uv_size": [1, 1]},
								"east": {"uv": [100, 25], "uv_size": [1, 1]},
								"south": {"uv": [26, 100], "uv_size": [1, 1]},
								"west": {"uv": [100, 26], "uv_size": [1, 1]},
								"up": {"uv": [27, 100], "uv_size": [1, 1]},
								"down": {"uv": [100, 28], "uv_size": [1, -1]}
							}
						},
						{
							"origin": [0.70345, 25.12166, 0.86],
							"size": [0.95, 0.75, 0.5],
							"pivot": [1.15345, 25.87166, 1.34],
							"rotation": [22.5, 0, 0],
							"uv": {
								"north": {"uv": [28, 100], "uv_size": [1, 1]},
								"east": {"uv": [100, 28], "uv_size": [1, 1]},
								"south": {"uv": [29, 100], "uv_size": [1, 1]},
								"west": {"uv": [100, 29], "uv_size": [1, 1]},
								"up": {"uv": [30, 100], "uv_size": [1, 1]},
								"down": {"uv": [100, 31], "uv_size": [1, -1]}
							}
						}
					]
				},
				{
					"name": "left_left_sleeve",
					"parent": "left_sleeve",
					"pivot": [3.26587, 30.09088, 0.01],
					"rotation": [0, 0, -15],
					"cubes": [
						{
							"origin": [2.16587, 26.81588, -1.25],
							"size": [1.1, 3.3, 2.52],
							"uv": {
								"north": {"uv": [88, 8], "uv_size": [1, 3]},
								"east": {"uv": [72, 11], "uv_size": [3, 3]},
								"south": {"uv": [88, 11], "uv_size": [1, 3]},
								"west": {"uv": [72, 34], "uv_size": [3, 3]},
								"up": {"uv": [88, 14], "uv_size": [1, 3]},
								"down": {"uv": [88, 20], "uv_size": [1, -3]}
							}
						}
					]
				},
				{
					"name": "left_left_sleeve_1",
					"parent": "left_left_sleeve",
					"pivot": [3.26587, 26.81588, 0.01],
					"rotation": [0, 0, 60],
					"cubes": [
						{
							"origin": [2.16587, 24.81588, -1.251],
							"size": [1.1, 2, 2.522],
							"uv": {
								"north": {"uv": [92, 54], "uv_size": [1, 2]},
								"east": {"uv": [0, 80], "uv_size": [3, 2]},
								"south": {"uv": [55, 92], "uv_size": [1, 2]},
								"west": {"uv": [80, 12], "uv_size": [3, 2]},
								"up": {"uv": [24, 88], "uv_size": [1, 3]},
								"down": {"uv": [88, 40], "uv_size": [1, -3]}
							}
						}
					]
				},
				{
					"name": "left_right_sleeve",
					"parent": "left_sleeve",
					"pivot": [0.73413, 30.09088, 0.01],
					"rotation": [0, 0, 15],
					"cubes": [
						{
							"origin": [0.73413, 26.81588, -1.25],
							"size": [1.1, 3.3, 2.52],
							"uv": {
								"north": {"uv": [39, 88], "uv_size": [1, 3]},
								"east": {"uv": [72, 37], "uv_size": [3, 3]},
								"south": {"uv": [40, 88], "uv_size": [1, 3]},
								"west": {"uv": [72, 61], "uv_size": [3, 3]},
								"up": {"uv": [88, 44], "uv_size": [1, 3]},
								"down": {"uv": [88, 50], "uv_size": [1, -3]}
							}
						}
					]
				},
				{
					"name": "right_left_sleeve_1",
					"parent": "left_right_sleeve",
					"pivot": [0.73413, 26.81588, 0.01],
					"rotation": [0, 0, -60],
					"cubes": [
						{
							"origin": [0.73413, 24.81588, -1.251],
							"size": [1.1, 2, 2.522],
							"uv": {
								"north": {"uv": [56, 92], "uv_size": [1, 2]},
								"east": {"uv": [80, 14], "uv_size": [3, 2]},
								"south": {"uv": [92, 56], "uv_size": [1, 2]},
								"west": {"uv": [80, 16], "uv_size": [3, 2]},
								"up": {"uv": [52, 88], "uv_size": [1, 3]},
								"down": {"uv": [53, 91], "uv_size": [1, -3]}
							}
						}
					]
				},
				{
					"name": "left_front_sleeve",
					"parent": "left_sleeve",
					"pivot": [2.00345, 30.19666, -1.24],
					"rotation": [-15, 0, 0],
					"cubes": [
						{
							"origin": [0.75345, 26.82166, -1.24],
							"size": [2.5, 3.3, 1.1],
							"uv": {
								"north": {"uv": [65, 72], "uv_size": [3, 3]},
								"east": {"uv": [54, 88], "uv_size": [1, 3]},
								"south": {"uv": [73, 0], "uv_size": [3, 3]},
								"west": {"uv": [55, 88], "uv_size": [1, 3]},
								"up": {"uv": [88, 20], "uv_size": [3, 1]},
								"down": {"uv": [88, 27], "uv_size": [3, -1]}
							}
						}
					]
				},
				{
					"name": "left_front_sleeve_1",
					"parent": "left_front_sleeve",
					"pivot": [2.00345, 26.82166, -1.24],
					"rotation": [60, 0, 0],
					"cubes": [
						{
							"origin": [0.7525, 24.82166, -1.24],
							"size": [2.502, 2, 1.1],
							"uv": {
								"north": {"uv": [80, 18], "uv_size": [3, 2]},
								"east": {"uv": [57, 92], "uv_size": [1, 2]},
								"south": {"uv": [80, 20], "uv_size": [3, 2]},
								"west": {"uv": [92, 60], "uv_size": [1, 2]},
								"up": {"uv": [88, 27], "uv_size": [3, 1]},
								"down": {"uv": [88, 30], "uv_size": [3, -1]}
							}
						}
					]
				},
				{
					"name": "left_back_sleeve",
					"parent": "left_sleeve",
					"pivot": [2.00345, 30.19666, 1.24],
					"rotation": [15, 0, 0],
					"cubes": [
						{
							"origin": [0.75345, 26.82166, 0.14],
							"size": [2.5, 3.3, 1.1],
							"uv": {
								"north": {"uv": [9, 73], "uv_size": [3, 3]},
								"east": {"uv": [56, 88], "uv_size": [1, 3]},
								"south": {"uv": [13, 73], "uv_size": [3, 3]},
								"west": {"uv": [88, 56], "uv_size": [1, 3]},
								"up": {"uv": [88, 30], "uv_size": [3, 1]},
								"down": {"uv": [88, 41], "uv_size": [3, -1]}
							}
						}
					]
				},
				{
					"name": "left_back_sleeve_1",
					"parent": "left_back_sleeve",
					"pivot": [2.00345, 26.82166, 1.24],
					"rotation": [-60, 0, 0],
					"cubes": [
						{
							"origin": [0.7525, 24.82166, 0.14],
							"size": [2.502, 2, 1.1],
							"uv": {
								"north": {"uv": [21, 80], "uv_size": [3, 2]},
								"east": {"uv": [61, 92], "uv_size": [1, 2]},
								"south": {"uv": [80, 22], "uv_size": [3, 2]},
								"west": {"uv": [64, 92], "uv_size": [1, 2]},
								"up": {"uv": [88, 59], "uv_size": [3, 1]},
								"down": {"uv": [88, 63], "uv_size": [3, -1]}
							}
						}
					]
				},
				{
					"name": "LeftForeArm",
					"parent": "LeftArm",
					"pivot": [2.00345, 23.1, 0],
					"cubes": [
						{
							"origin": [0.75345, 16.12166, -1.24],
							"size": [2.5, 7, 2.5],
							"uv": {
								"north": {"uv": [48, 57], "uv_size": [3, 7]},
								"east": {"uv": [40, 58], "uv_size": [3, 7]},
								"south": {"uv": [6, 59], "uv_size": [3, 7]},
								"west": {"uv": [59, 16], "uv_size": [3, 7]},
								"up": {"uv": [59, 73], "uv_size": [3, 3]},
								"down": {"uv": [73, 67], "uv_size": [3, -3]}
							}
						}
					]
				},
				{
					"name": "hand_ribbon",
					"parent": "LeftForeArm",
					"pivot": [2.0035, 19.46645, -0.05],
					"rotation": [0, -90, 0],
					"cubes": [
						{
							"origin": [0.74245, 19.8736, -1.44218],
							"size": [2.7, 1.5, 2.8],
							"pivot": [2.09245, 20.6236, -0.04218],
							"rotation": [0, 2.5, -2.5],
							"uv": {
								"north": {"uv": [24, 80], "uv_size": [3, 2]},
								"east": {"uv": [80, 24], "uv_size": [3, 2]},
								"south": {"uv": [27, 80], "uv_size": [3, 2]},
								"west": {"uv": [30, 80], "uv_size": [3, 2]},
								"up": {"uv": [70, 73], "uv_size": [3, 3]},
								"down": {"uv": [73, 76], "uv_size": [3, -3]}
							}
						},
						{
							"origin": [0.7325, 20.1236, -1.4522],
							"size": [2.72, 1, 2.82],
							"pivot": [2.09245, 20.6236, -0.04218],
							"rotation": [0, 2.5, -2.5],
							"uv": {
								"north": {"uv": [88, 66], "uv_size": [3, 1]},
								"east": {"uv": [88, 67], "uv_size": [3, 1]},
								"south": {"uv": [88, 68], "uv_size": [3, 1]},
								"west": {"uv": [88, 69], "uv_size": [3, 1]},
								"up": {"uv": [74, 14], "uv_size": [3, 3]},
								"down": {"uv": [74, 20], "uv_size": [3, -3]}
							}
						},
						{
							"origin": [0.65083, 18.64105, -1.39327],
							"size": [2.85, 1.5, 2.7],
							"pivot": [2.07583, 19.39105, -0.04327],
							"rotation": [0, 2.5, -15],
							"uv": {
								"north": {"uv": [35, 80], "uv_size": [3, 2]},
								"east": {"uv": [38, 80], "uv_size": [3, 2]},
								"south": {"uv": [47, 80], "uv_size": [3, 2]},
								"west": {"uv": [80, 54], "uv_size": [3, 2]},
								"up": {"uv": [74, 20], "uv_size": [3, 3]},
								"down": {"uv": [21, 77], "uv_size": [3, -3]}
							}
						},
						{
							"origin": [0.6408, 18.89105, -1.4033],
							"size": [2.87, 1, 2.72],
							"pivot": [2.07583, 19.39105, -0.04327],
							"rotation": [0, 2.5, -15],
							"uv": {
								"north": {"uv": [88, 70], "uv_size": [3, 1]},
								"east": {"uv": [71, 88], "uv_size": [3, 1]},
								"south": {"uv": [88, 71], "uv_size": [3, 1]},
								"west": {"uv": [74, 88], "uv_size": [3, 1]},
								"up": {"uv": [74, 23], "uv_size": [3, 3]},
								"down": {"uv": [24, 77], "uv_size": [3, -3]}
							}
						},
						{
							"origin": [0.5423, 17.88468, -1.4],
							"size": [2.87, 1, 2.72],
							"pivot": [1.97731, 18.38468, -0.04],
							"rotation": [0, 0, -15],
							"uv": {
								"north": {"uv": [88, 75], "uv_size": [3, 1]},
								"east": {"uv": [88, 76], "uv_size": [3, 1]},
								"south": {"uv": [88, 77], "uv_size": [3, 1]},
								"west": {"uv": [88, 79], "uv_size": [3, 1]},
								"up": {"uv": [74, 26], "uv_size": [3, 3]},
								"down": {"uv": [27, 77], "uv_size": [3, -3]}
							}
						},
						{
							"origin": [0.55231, 17.63468, -1.39],
							"size": [2.85, 1.5, 2.7],
							"pivot": [1.97731, 18.38468, -0.04],
							"rotation": [0, 0, -15],
							"uv": {
								"north": {"uv": [55, 80], "uv_size": [3, 2]},
								"east": {"uv": [65, 80], "uv_size": [3, 2]},
								"south": {"uv": [8, 81], "uv_size": [3, 2]},
								"west": {"uv": [11, 81], "uv_size": [3, 2]},
								"up": {"uv": [30, 74], "uv_size": [3, 3]},
								"down": {"uv": [35, 77], "uv_size": [3, -3]}
							}
						}
					]
				},
				{
					"name": "hand_ribbon1",
					"parent": "hand_ribbon",
					"pivot": [2.8325, 20.7236, -1.0772],
					"rotation": [-15, -5, -5],
					"cubes": [
						{
							"origin": [2.34, 20.2236, -1.125],
							"size": [3, 1, 0.27],
							"uv": {
								"north": {"uv": [80, 88], "uv_size": [3, 1]},
								"east": {"uv": [31, 100], "uv_size": [1, 1]},
								"south": {"uv": [88, 80], "uv_size": [3, 1]},
								"west": {"uv": [100, 31], "uv_size": [1, 1]},
								"up": {"uv": [88, 81], "uv_size": [3, 1]},
								"down": {"uv": [88, 83], "uv_size": [3, -1]}
							}
						},
						{
							"origin": [2.32869, 19.9736, -1.11504],
							"size": [3, 1.5, 0.25],
							"uv": {
								"north": {"uv": [14, 81], "uv_size": [3, 2]},
								"east": {"uv": [65, 92], "uv_size": [1, 2]},
								"south": {"uv": [81, 26], "uv_size": [3, 2]},
								"west": {"uv": [66, 92], "uv_size": [1, 2]},
								"up": {"uv": [83, 88], "uv_size": [3, 1]},
								"down": {"uv": [88, 84], "uv_size": [3, -1]}
							}
						}
					]
				},
				{
					"name": "hand_ribbon1_1",
					"parent": "hand_ribbon1",
					"pivot": [5.3325, 20.7236, -1.0772],
					"rotation": [0, -15, 0],
					"cubes": [
						{
							"origin": [5.34, 20.2236, -1.125],
							"size": [2, 1, 0.27],
							"uv": {
								"north": {"uv": [92, 58], "uv_size": [2, 1]},
								"east": {"uv": [32, 100], "uv_size": [1, 1]},
								"south": {"uv": [71, 92], "uv_size": [2, 1]},
								"west": {"uv": [100, 32], "uv_size": [1, 1]},
								"up": {"uv": [73, 92], "uv_size": [2, 1]},
								"down": {"uv": [75, 93], "uv_size": [2, -1]}
							}
						},
						{
							"origin": [5.32869, 19.9736, -1.11504],
							"size": [2, 1.5, 0.25],
							"uv": {
								"north": {"uv": [75, 12], "uv_size": [2, 2]},
								"east": {"uv": [78, 92], "uv_size": [1, 2]},
								"south": {"uv": [83, 23], "uv_size": [2, 2]},
								"west": {"uv": [79, 92], "uv_size": [1, 2]},
								"up": {"uv": [80, 92], "uv_size": [2, 1]},
								"down": {"uv": [82, 93], "uv_size": [2, -1]}
							}
						}
					]
				},
				{
					"name": "hand_ribbon2",
					"parent": "hand_ribbon",
					"pivot": [2.8325, 18.7236, 0.9228],
					"rotation": [0, -5, 30],
					"cubes": [
						{
							"origin": [2.34, 18.2236, 0.875],
							"size": [4, 1, 0.27],
							"uv": {
								"north": {"uv": [83, 25], "uv_size": [4, 1]},
								"east": {"uv": [33, 100], "uv_size": [1, 1]},
								"south": {"uv": [83, 41], "uv_size": [4, 1]},
								"west": {"uv": [100, 33], "uv_size": [1, 1]},
								"up": {"uv": [83, 42], "uv_size": [4, 1]},
								"down": {"uv": [83, 55], "uv_size": [4, -1]}
							}
						},
						{
							"origin": [2.32869, 17.9736, 0.88496],
							"size": [4, 1.5, 0.25],
							"uv": {
								"north": {"uv": [66, 51], "uv_size": [4, 2]},
								"east": {"uv": [84, 92], "uv_size": [1, 2]},
								"south": {"uv": [71, 51], "uv_size": [4, 2]},
								"west": {"uv": [85, 92], "uv_size": [1, 2]},
								"up": {"uv": [83, 55], "uv_size": [4, 1]},
								"down": {"uv": [58, 84], "uv_size": [4, -1]}
							}
						}
					]
				},
				{
					"name": "LeftHand",
					"parent": "LeftForeArm",
					"pivot": [2.00345, 17.62166, 0.01]
				},
				{
					"name": "LeftHandLocator",
					"parent": "LeftHand",
					"pivot": [2.00345, 17.62166, 0.01]
				},
				{
					"name": "SheathLocator",
					"parent": "LeftHand",
					"pivot": [2.00345, 17.62166, 0.01]
				},
				{
					"name": "LeftWaistLocator",
					"parent": "LeftHand",
					"pivot": [2.00345, 17.62166, 0.01]
				}
			]
		}
	]
}