{
	"format_version": "1.8.0",
	"animations": {
		"water": {
			"loop": true
		},
		"fire": {
			"loop": true
		},
		"ground": {
			"loop": true,
			"bones": {
				"ysmGlowtrailer": {
					"scale": 0
				},
				"ysmGlowflying_ofuda_se": {
					"scale": 0
				}
			}
		},
		"air": {
			"loop": true,
			"bones": {
				"ysmGlowtrailer": {
					"scale": [1, 1, "ysm.delta_movement_length * 3"]
				}
			}
		},
		"parallel0": {
			"loop": true
		},
		"parallel1": {
			"loop": true
		},
		"parallel2": {
			"loop": true
		},
		"parallel3": {
			"loop": true
		},
		"parallel4": {
			"loop": true
		},
		"parallel5": {
			"loop": true
		},
		"parallel6": {
			"loop": true
		},
		"parallel7": {
			"loop": true
		}
	},
	"geckolib_format_version": 2
}