{
	"format_version": "1.12.0",
	"minecraft:geometry": [
		{
			"description": {
				"identifier": "geometry.unknown",
				"texture_width": 256,
				"texture_height": 128,
				"visible_bounds_width": 4,
				"visible_bounds_height": 4.5,
				"visible_bounds_offset": [0, 1.75, 0]
			},
			"bones": [
				{
					"name": "Root",
					"pivot": [0, -0.3, 0]
				},
				{
					"name": "AllBody",
					"parent": "Root",
					"pivot": [0, 18.7, 0]
				},
				{
					"name": "UpBody",
					"parent": "AllBody",
					"pivot": [0, 18.7, 0],
					"cubes": [
						{"origin": [-0.7, 16.5, -2.025], "size": [4, 2, 4.05], "pivot": [2, 18.8, 0], "rotation": [0, 0, -17.25], "uv": [63, 16]},
						{"origin": [-0.675, 15.80253, -2.05], "size": [1.35, 1, 4.1], "uv": [11, 82]},
						{"origin": [-3.3, 16.5, -2.025], "size": [4, 2, 4.05], "pivot": [-2, 18.8, 0], "rotation": [0, 0, 17.25], "uv": [35, 63]},
						{"origin": [-3, 19.3, -2.05], "size": [6, 4, 4.1], "uv": [25, 11]},
						{"origin": [-4.2, 20.15, -2.075], "size": [1, 5, 4.175], "pivot": [-2.5, 20.8, 0], "rotation": [0, 0, 15], "uv": [33, 70]},
						{"origin": [-3.57592, 20.39368, 1.49], "size": [1, 4, 1], "pivot": [-2.92592, 21.81868, 2.00092], "rotation": [14.51082, 43.07952, 20.75357], "uv": [0, 47]},
						{"origin": [2.57592, 20.39368, 1.49], "size": [1, 4, 1], "pivot": [2.92592, 21.81868, 2.00092], "rotation": [14.51082, -43.07952, -20.75357], "uv": [18, 53]},
						{"origin": [-1.69322, 19.8203, -3.91108], "size": [1, 5, 6.025], "pivot": [0.92871, 23.14342, 0.02642], "rotation": [90, 75, 90], "uv": [9, 41]},
						{"origin": [3.2, 20.15, -2.075], "size": [1, 5, 4.175], "pivot": [2.5, 20.8, 0], "rotation": [0, 0, -15], "uv": [69, 49]},
						{"origin": [-2.9, 21.8, -2.625], "size": [5.8, 2.75, 2.825], "pivot": [0, 24.3, 0], "rotation": [45, 0, 0], "uv": [67, 59]},
						{"origin": [-3.3, 18.5, -2.025], "size": [4, 2, 4.05], "pivot": [-2, 18.8, 0], "rotation": [0, 0, 17.25], "uv": [39, 56]},
						{"origin": [-0.7, 18.5, -2.025], "size": [4, 2, 4.05], "pivot": [2, 18.8, 0], "rotation": [0, 0, -17.25], "uv": [53, 35]}
					]
				},
				{
					"name": "bone12",
					"parent": "UpBody",
					"pivot": [0.00124, 25.57445, -2.07331],
					"cubes": [
						{"origin": [-1.69322, 19.8203, -2.06392], "size": [1, 5, 6.025], "pivot": [0.92871, 23.14342, 0.02358], "rotation": [-90, -75, 90], "uv": [24, 46]},
						{"origin": [-3.57592, 20.39368, -2.49], "size": [1, 4, 1], "pivot": [-2.92592, 21.81868, -2.00092], "rotation": [-14.51082, -43.07952, 20.75357], "uv": [61, 92]},
						{"origin": [2.57592, 20.39368, -2.49], "size": [1, 4, 1], "pivot": [2.92592, 21.81868, -2.00092], "rotation": [-14.51082, 43.07952, -20.75357], "uv": [74, 90]}
					]
				},
				{
					"name": "skirt_2",
					"parent": "UpBody",
					"pivot": [0, 20.2, 0],
					"cubes": [
						{"origin": [-3.1, 19.55, -2.15], "size": [6.2, 2, 4.3], "uv": [22, 0]},
						{"origin": [-3.025, 15.21169, -9.70713], "size": [6.05, 7, 1], "pivot": [4, 4.39908, -9.36189], "rotation": [-25, 0, 0], "uv": [24, 58]},
						{"origin": [-2.75, 15.46169, -9.80713], "size": [0.5, 0.5, 1], "pivot": [4, 4.39908, -9.36189], "rotation": [-25, 0, 0], "uv": [11.5, 64.5]},
						{"origin": [-1.9, 15.46169, -9.80713], "size": [0.5, 0.5, 1], "pivot": [4, 4.39908, -9.36189], "rotation": [-25, 0, 0], "uv": [63.5, 60.5]},
						{"origin": [-11.025, 15.21169, 9.01666], "size": [6.05, 7, 1], "pivot": [-4, 4.39908, 9.36189], "rotation": [155, 0, 180], "uv": [58, 0]},
						{"origin": [-11.0819, 13.52122, -2.05], "size": [1, 7, 4.1], "pivot": [-6.73666, 2.7086, 0], "rotation": [0, 0, 25], "uv": [11, 64]},
						{"origin": [10.0819, 13.52122, -2.05], "size": [1, 7, 4.1], "pivot": [6.73666, 2.7086, 0], "rotation": [0, 0, -25], "uv": [0, 60]},
						{"origin": [8.69195, 16.54914, -5.34547], "size": [1, 1, 2.5], "pivot": [6.07392, 2.44703, -1.74547], "rotation": [-17.172, 42.2602, -24.6791], "uv": [7, 93]},
						{"origin": [8.69195, 17.54914, -4.84547], "size": [1, 1, 1.5], "pivot": [6.07392, 2.44703, -1.74547], "rotation": [-17.172, 42.2602, -24.6791], "uv": [86, 101]},
						{"origin": [8.71695, 13.54914, -5.62047], "size": [1, 3, 3.075], "pivot": [6.07392, 2.44703, -1.74547], "rotation": [-17.172, 42.2602, -24.6791], "uv": [22, 84]},
						{"origin": [-9.69195, 18.54914, -4.59547], "size": [1, 1.25, 1], "pivot": [-6.07392, 2.44703, -1.74547], "rotation": [-17.172, -42.2602, 24.6791], "uv": [69, 101]},
						{"origin": [-9.69195, 17.54914, -4.84547], "size": [1, 1, 1.5], "pivot": [-6.07392, 2.44703, -1.74547], "rotation": [-17.172, -42.2602, 24.6791], "uv": [101, 81]},
						{"origin": [-9.69195, 16.54914, -5.34547], "size": [1, 1, 2.5], "pivot": [-6.07392, 2.44703, -1.74547], "rotation": [-17.172, -42.2602, 24.6791], "uv": [0, 93]},
						{"origin": [-9.71695, 13.54914, -5.62047], "size": [1, 3, 3.075], "pivot": [-6.07392, 2.44703, -1.74547], "rotation": [-17.172, -42.2602, 24.6791], "uv": [59, 83]},
						{"origin": [-3.85088, 14.30844, -3.93506], "size": [1, 0.5, 0.5], "pivot": [-3.35088, 14.48344, -3.76006], "rotation": [27.828, -42.2602, 24.6791], "uv": [42.5, 14.5]},
						{"origin": [-4.55799, 14.30845, -3.22795], "size": [1, 0.5, 0.5], "pivot": [-4.05799, 14.48345, -3.05295], "rotation": [27.828, -42.2602, 24.6791], "uv": [33.5, 20.5]},
						{"origin": [8.71695, 13.54914, 2.54547], "size": [1, 3, 3.075], "pivot": [6.07392, 2.44703, 1.74547], "rotation": [17.172, -42.2602, -24.6791], "uv": [82, 57]},
						{"origin": [8.69195, 16.54914, 2.84547], "size": [1, 1, 2.5], "pivot": [6.07392, 2.44703, 1.74547], "rotation": [17.172, -42.2602, -24.6791], "uv": [18, 82]},
						{"origin": [8.69195, 17.54914, 3.34547], "size": [1, 1, 1.5], "pivot": [6.07392, 2.44703, 1.74547], "rotation": [17.172, -42.2602, -24.6791], "uv": [101, 39]},
						{"origin": [8.69195, 18.54914, 3.59547], "size": [1, 1.25, 1], "pivot": [6.07392, 2.44703, 1.74547], "rotation": [17.172, -42.2602, -24.6791], "uv": [43, 101]},
						{"origin": [-9.69195, 18.54914, 3.59547], "size": [1, 1.25, 1], "pivot": [-6.07392, 2.44703, 1.74547], "rotation": [17.172, 42.2602, 24.6791], "uv": [101, 53]},
						{"origin": [-9.69195, 17.54914, 3.34547], "size": [1, 1, 1.5], "pivot": [-6.07392, 2.44703, 1.74547], "rotation": [17.172, 42.2602, 24.6791], "uv": [101, 66]},
						{"origin": [-9.69195, 16.54914, 2.84547], "size": [1, 1, 2.5], "pivot": [-6.07392, 2.44703, 1.74547], "rotation": [17.172, 42.2602, 24.6791], "uv": [91, 85]},
						{"origin": [-9.71695, 13.54914, 2.54547], "size": [1, 3, 3.075], "pivot": [-6.07392, 2.44703, 1.74547], "rotation": [17.172, 42.2602, 24.6791], "uv": [82, 82]},
						{"origin": [8.69195, 18.54914, -4.59547], "size": [1, 1.25, 1], "pivot": [6.07392, 2.44703, -1.74547], "rotation": [-17.172, 42.2602, -24.6791], "uv": [101, 84]}
					]
				},
				{
					"name": "UpperBody",
					"parent": "UpBody",
					"pivot": [0, 25.2, 0],
					"cubes": [
						{"origin": [-3, 22.8, -2.05], "size": [6, 3, 4.1], "uv": [27, 25]},
						{"origin": [-0.44591, 24.76542, -1.92612], "size": [4.025, 4, 4.05], "pivot": [1.41659, 26.76542, 0.09888], "rotation": [0, 0, 10.97328], "uv": [52, 51]},
						{"origin": [-3.52909, 24.76542, -1.95112], "size": [4.025, 4, 4.05], "pivot": [-1.41659, 26.76542, 0.09888], "rotation": [0, 0, -10.97328], "uv": [52, 51], "mirror": true}
					]
				},
				{
					"name": "RightArm",
					"parent": "UpperBody",
					"pivot": [-3.45, 27, 0.1],
					"rotation": [0, 0, 18],
					"cubes": [
						{"origin": [-4.75902, 22.00106, -1.4], "size": [2.3, 6, 3], "uv": [69, 39]},
						{"origin": [-4.90902, 22.02606, -1.55], "size": [2.6, 6, 3.3], "uv": [68, 29]}
					]
				},
				{
					"name": "RightForeArm",
					"parent": "RightArm",
					"pivot": [-3.675, 22.05, 0.125],
					"cubes": [
						{"origin": [-4.9, 19.55978, 1.09574], "size": [2.575, 2.5, 1], "pivot": [-3.6125, 21.05978, 1.54574], "rotation": [22.5, 0, 0], "uv": [58, 9]},
						{"origin": [-5.27074, 19.55978, -1.5], "size": [1, 2.5, 3.225], "pivot": [-4.79574, 21.05978, 0.1], "rotation": [0, 0, 22.5], "uv": [87, 28]},
						{"origin": [-3.66253, 19.12053, -1.5], "size": [1, 2.5, 3.225], "pivot": [-3.88753, 22.62053, 0.075], "rotation": [0, 0, -22.5], "uv": [87, 48]},
						{"origin": [-4.9, 19.40754, -1.13038], "size": [2.575, 2.5, 1], "pivot": [-3.625, 22.90754, -0.58038], "rotation": [-22.5, 0, 0], "uv": [91, 0]},
						{"origin": [-4.73402, 17.72606, -1.375], "size": [2.25, 5, 3], "uv": [0, 72]},
						{"origin": [-4.70902, 21.36663, -0.6666], "size": [2.2, 2, 2], "pivot": [-3.60902, 22.3762, -0.1435], "rotation": [-22.5, 0, 0], "uv": [88, 17]},
						{"origin": [-4.88402, 17.72606, -1.525], "size": [2.55, 2, 3.3], "uv": [80, 19]},
						{"origin": [-4.225, 15.925, -2.775], "size": [1.55, 2, 2], "pivot": [-3.675, 15.025, 0.125], "rotation": [-45, 0, 0], "uv": [89, 55]}
					]
				},
				{
					"name": "RightHand",
					"parent": "RightForeArm",
					"pivot": [-3.675, 18.025, 0.125],
					"cubes": [
						{"origin": [-4.75902, 15.72606, -1.4], "size": [2.25, 3, 3], "uv": [24, 77]}
					]
				},
				{
					"name": "BOOK3",
					"parent": "RightHand",
					"pivot": [-4.325, 16.525, -0.375]
				},
				{
					"name": "book2",
					"parent": "BOOK3",
					"pivot": [-4.325, 16.525, -4.375],
					"rotation": [0, 0, -180],
					"cubes": [
						{"origin": [-12.325, 16.025, -9.375], "size": [8, 1, 10], "pivot": [-8.325, 21.525, -1.375], "rotation": [0, 0, 0], "uv": [5, 105]}
					]
				},
				{
					"name": "Root3",
					"parent": "BOOK3",
					"pivot": [-5.25, 17.25, 0],
					"rotation": [90, 0, -180]
				},
				{
					"name": "Body_Up2",
					"parent": "Root3",
					"pivot": [-13.25, 41.25, 0],
					"cubes": [
						{"origin": [-17.25, 29.25, -2], "size": [8, 12, 1], "uv": [131, 26]}
					]
				},
				{
					"name": "LeftArm3",
					"parent": "Body_Up2",
					"pivot": [-8.25, 39, -1.8],
					"cubes": [
						{"origin": [-9.775, 29.25, -1.85], "size": [4, 12, 1], "uv": [148, 44], "mirror": true}
					]
				},
				{
					"name": "RightArm3",
					"parent": "Body_Up2",
					"pivot": [-18.25, 39, -1.9],
					"cubes": [
						{"origin": [-20.725, 29.25, -1.95], "size": [4, 12, 1], "uv": [148, 44]}
					]
				},
				{
					"name": "RightHandLocator3",
					"parent": "RightArm3",
					"pivot": [-18.25, 30, -0.7]
				},
				{
					"name": "Head3",
					"parent": "Body_Up2",
					"pivot": [-13.25, 40.775, -1.525],
					"cubes": [
						{"origin": [-20.25, 40.775, -2.025], "size": [14, 14, 1], "uv": [135, 7]}
					]
				},
				{
					"name": "Shetou2",
					"parent": "Head3",
					"pivot": [-13.125, 43.425, -1.975],
					"cubes": [
						{"origin": [-15.625, 35.425, -1.975], "size": [5, 8, 1], "uv": [180, 0]}
					]
				},
				{
					"name": "RightLeg3",
					"parent": "Root3",
					"pivot": [-15.4, 29.75, -1.425],
					"cubes": [
						{"origin": [-17.4, 17.75, -1.925], "size": [4, 12, 1], "uv": [169, 39]}
					]
				},
				{
					"name": "LeftLeg3",
					"parent": "Root3",
					"pivot": [-11.1, 29.75, -1.425],
					"cubes": [
						{"origin": [-13.1, 17.75, -1.925], "size": [4, 12, 1], "uv": [156, 26]}
					]
				},
				{
					"name": "RightHandLocator",
					"parent": "RightHand",
					"pivot": [-3.425, 16.775, 0.025]
				},
				{
					"name": "pen",
					"parent": "RightHand",
					"pivot": [-2, 17, 0.5],
					"rotation": [180, 0, 0],
					"cubes": [
						{"origin": [-4, 18, -1.5], "size": [1, 1, 5], "uv": [0, 122]}
					]
				},
				{
					"name": "bone13",
					"parent": "RightHand",
					"pivot": [-2, 17, 0.5],
					"rotation": [180, 0, 0],
					"cubes": [
						{"origin": [-4, 17, 0.5], "size": [4, 6, 1], "uv": [112, 0]},
						{"origin": [-2.575, 17, 0.475], "size": [1, 5, 1.05], "uv": [124, 0]},
						{"origin": [-2.5, 21.625, 0.425], "size": [1, 1, 1], "pivot": [-2, 22.125, 0.925], "rotation": [0, 0, 32.5], "uv": [112, 8]}
					]
				},
				{
					"name": "LeftArm",
					"parent": "UpperBody",
					"pivot": [3.45, 27, 0.1],
					"rotation": [0, 0, -18],
					"cubes": [
						{"origin": [2.45902, 22.00106, -1.4], "size": [2.3, 6, 3], "uv": [67, 64]},
						{"origin": [2.30902, 22.02606, -1.55], "size": [2.6, 6, 3.3], "uv": [22, 67]}
					]
				},
				{
					"name": "LeftForeArm",
					"parent": "LeftArm",
					"pivot": [3.675, 22.05, 0.125],
					"cubes": [
						{"origin": [2.48402, 17.72606, -1.375], "size": [2.25, 5, 3], "uv": [64, 74]},
						{"origin": [2.33402, 17.72606, -1.525], "size": [2.55, 2, 3.3], "uv": [80, 19], "mirror": true},
						{"origin": [2.50902, 21.36663, -0.6666], "size": [2.2, 2, 2], "pivot": [3.60902, 22.3762, -0.1435], "rotation": [-22.5, 0, 0], "uv": [9, 88]},
						{"origin": [2.66253, 19.12053, -1.5], "size": [1, 2.5, 3.225], "pivot": [3.88753, 22.62053, 0.075], "rotation": [0, 0, 22.5], "uv": [85, 74]},
						{"origin": [2.325, 19.55978, 1.09574], "size": [2.575, 2.5, 1], "pivot": [3.6125, 21.05978, 1.54574], "rotation": [22.5, 0, 0], "uv": [73, 0]},
						{"origin": [2.33402, 17.72606, -1.525], "size": [2.55, 2, 3.3], "uv": [80, 0]},
						{"origin": [2.325, 19.40754, -1.13038], "size": [2.575, 2.5, 1], "pivot": [3.625, 22.90754, -0.58038], "rotation": [-22.5, 0, 0], "uv": [54, 90]},
						{"origin": [4.27074, 19.55978, -1.5], "size": [1, 2.5, 3.225], "pivot": [4.79574, 21.05978, 0.1], "rotation": [0, 0, -22.5], "uv": [0, 87]},
						{"origin": [2.675, 15.925, -2.775], "size": [1.55, 2, 2], "pivot": [3.675, 15.025, 0.125], "rotation": [-45, 0, 0], "uv": [89, 62]}
					]
				},
				{
					"name": "bone4",
					"parent": "LeftForeArm",
					"pivot": [5.295, 18.15174, 0.125]
				},
				{
					"name": "LeftHand",
					"parent": "LeftForeArm",
					"pivot": [3.675, 18.025, 0.125],
					"cubes": [
						{"origin": [2.50902, 15.72606, -1.4], "size": [2.25, 3, 3], "uv": [41, 77]}
					]
				},
				{
					"name": "book",
					"parent": "LeftHand",
					"pivot": [4.675, 16.525, -4.375],
					"cubes": [
						{"origin": [-3.325, 16.025, -9.375], "size": [8, 1, 10], "pivot": [0.675, 21.525, -1.375], "rotation": [0, 0, 0], "uv": [5, 105]}
					]
				},
				{
					"name": "LeftHandLocator",
					"parent": "LeftHand",
					"pivot": [3.375, 16.725, 0.025]
				},
				{
					"name": "AllHead",
					"parent": "UpperBody",
					"pivot": [0, 29, 0],
					"cubes": [
						{"origin": [-1.5, 28.55, -1.525], "size": [3, 2, 3], "uv": [76, 13]},
						{"origin": [-1.6, 29.075, -1.625], "size": [3.2, 0.5, 3.2], "uv": [29, 7.5]}
					]
				},
				{
					"name": "Head",
					"parent": "AllHead",
					"pivot": [0, 29.575, 0],
					"cubes": [
						{"origin": [-3.5, 29.575, -3.5], "size": [7, 7, 7], "uv": [0, 0]}
					]
				},
				{
					"name": "ear2",
					"parent": "Head",
					"pivot": [0, 29.625, -0.15]
				},
				{
					"name": "Ear4",
					"parent": "ear2",
					"pivot": [-4.55, 32.95, -0.95],
					"rotation": [-1.5741, 17.43127, -5.24133],
					"cubes": [
						{"origin": [-5.07909, 31.50957, -1.16388], "size": [2, 2, 1], "uv": [39, 0]}
					]
				},
				{
					"name": "Mouth2",
					"parent": "Head",
					"pivot": [0, 30.45, -1.91]
				},
				{
					"name": "Head_Mouth_5",
					"parent": "Mouth2",
					"pivot": [-0.01026, 30.14535, -2.46],
					"cubes": [
						{"origin": [-0.175, 30.075, -2.51], "size": [0.4, 0.15, 0.025], "pivot": [0.125, 30.15, -2.51], "rotation": [0, 0, -37.5], "uv": [39, 7]},
						{"origin": [-0.425, 30.375, -2.51], "size": [0.4, 0.15, 0.025], "pivot": [0.15, 30.15, -2.51], "rotation": [0, 0, -37.5], "uv": [39, 0]},
						{"origin": [-0.175, 29.85, -2.51], "size": [0.35, 0.15, 0.025], "pivot": [0.125, 30.15, -2.51], "rotation": [0, 0, 50], "uv": [22, 38]},
						{"origin": [-0.9603, 30.09994, -2.51], "size": [0.4, 0.15, 0.025], "pivot": [-0.7353, 30.22494, -2.46], "rotation": [0, 0, -42], "uv": [18, 38]},
						{"origin": [-0.65, 29.875, -2.51], "size": [0.4, 0.15, 0.025], "pivot": [-0.275, 30.15, -2.51], "rotation": [0, 0, 50], "uv": [17, 38]},
						{"origin": [0.5603, 30.09994, -2.51], "size": [0.4, 0.15, 0.025], "pivot": [0.7353, 30.22494, -2.46], "rotation": [0, 0, 42], "uv": [15, 38]},
						{"origin": [0.25, 29.875, -2.51], "size": [0.4, 0.15, 0.025], "pivot": [0.275, 30.15, -2.51], "rotation": [0, 0, -50], "uv": [22, 37]},
						{"origin": [0.025, 30.375, -2.51], "size": [0.4, 0.15, 0.025], "pivot": [-0.15, 30.15, -2.51], "rotation": [0, 0, 37.5], "uv": [3, 37]}
					]
				},
				{
					"name": "Head_Mouth_8",
					"parent": "Mouth2",
					"pivot": [0.0125, 30.21, -2.51],
					"cubes": [
						{"origin": [-0.575, 29.86, -2.51], "size": [1.175, 0.7, 0.025], "uv": [39, 59]},
						{"origin": [0.015, 30.09313, -2.51], "size": [0.575, 0.45, 0.025], "pivot": [0.44047, 30.45002, -2.4725], "rotation": [0, 0, -110], "uv": [3, 36]},
						{"origin": [-0.08953, 30.30442, -2.51], "size": [0.45, 0.45, 0.025], "pivot": [0.44047, 30.45002, -2.4725], "rotation": [0, 0, -135], "uv": [26, 35]},
						{"origin": [-0.08042, 30.33755, -2.51], "size": [0.525, 0.275, 0.025], "pivot": [0.44047, 30.45002, -2.4725], "rotation": [0, 0, 17.5], "uv": [25, 35]},
						{"origin": [-0.59, 30.09313, -2.51], "size": [0.575, 0.45, 0.025], "pivot": [-0.44047, 30.45002, -2.4725], "rotation": [0, 0, 110], "uv": [23, 35]},
						{"origin": [-0.36047, 30.30442, -2.51], "size": [0.45, 0.45, 0.025], "pivot": [-0.44047, 30.45002, -2.4725], "rotation": [0, 0, 135], "uv": [35, 22]},
						{"origin": [-0.44458, 30.33755, -2.51], "size": [0.525, 0.275, 0.025], "pivot": [-0.44047, 30.45002, -2.4725], "rotation": [0, 0, -17.5], "uv": [35, 21]}
					]
				},
				{
					"name": "Head_Mouth_9",
					"parent": "Mouth2",
					"pivot": [-0.00142, 30.14928, -2.46],
					"cubes": [
						{"origin": [-0.175, 30.35, -2.51], "size": [0.4, 0.35, 0.025], "pivot": [0.125, 30.625, -2.51], "rotation": [0, 0, -37.5], "uv": [12, 35]},
						{"origin": [-0.425, 30.475, -2.51], "size": [0.4, 0.525, 0.025], "pivot": [0.15, 30.625, -2.51], "rotation": [0, 0, -37.5], "uv": [11, 35]},
						{"origin": [-0.175, 30.325, -2.51], "size": [0.35, 0.15, 0.025], "pivot": [0.125, 30.625, -2.51], "rotation": [0, 0, 50], "uv": [3, 35]},
						{"origin": [-0.9603, 30.34994, -2.51], "size": [0.4, 0.375, 0.025], "pivot": [-0.7353, 30.69994, -2.46], "rotation": [0, 0, -42], "uv": [34, 33]},
						{"origin": [-1.6103, 29.77494, -2.51], "size": [0.7, 1.075, 0.025], "pivot": [-0.7353, 30.69994, -2.46], "rotation": [0, 0, -77], "uv": [25, 2]},
						{"origin": [0.9103, 29.72494, -2.51], "size": [0.7, 1.125, 0.025], "pivot": [0.7353, 30.69994, -2.46], "rotation": [0, 0, 77], "uv": [25, 0]},
						{"origin": [1.6103, 30.47494, -2.51], "size": [0.2, 0.375, 0.025], "pivot": [0.7353, 30.69994, -2.46], "rotation": [0, 0, 77], "uv": [26, 34]},
						{"origin": [1.6103, 30.09994, -2.51], "size": [0.1, 0.375, 0.025], "pivot": [0.7353, 30.69994, -2.46], "rotation": [0, 0, 77], "uv": [25, 34]},
						{"origin": [1.6103, 29.99994, -2.51], "size": [0.1, 0.175, 0.025], "pivot": [0.7353, 30.69994, -2.46], "rotation": [0, 0, 77], "uv": [23, 34]},
						{"origin": [-1.7103, 29.99994, -2.51], "size": [0.1, 0.175, 0.025], "pivot": [-0.7353, 30.69994, -2.46], "rotation": [0, 0, -77], "uv": [34, 22]},
						{"origin": [-1.7353, 30.14994, -2.51], "size": [0.125, 0.325, 0.025], "pivot": [-0.7353, 30.69994, -2.46], "rotation": [0, 0, -77], "uv": [22, 34]},
						{"origin": [-1.8103, 30.47494, -2.51], "size": [0.2, 0.375, 0.025], "pivot": [-0.7353, 30.69994, -2.46], "rotation": [0, 0, -77], "uv": [34, 21]},
						{"origin": [1.7353, 28.82494, -2.51], "size": [0.1, 2.25, 0.025], "pivot": [0.7353, 30.69994, -2.46], "rotation": [0, 0, 89.5], "uv": [7, 15]},
						{"origin": [-0.65, 30.35, -2.51], "size": [0.4, 0.15, 0.025], "pivot": [-0.275, 30.625, -2.51], "rotation": [0, 0, 50], "uv": [20, 34]},
						{"origin": [0.5603, 30.37494, -2.51], "size": [0.4, 0.35, 0.025], "pivot": [0.7353, 30.69994, -2.46], "rotation": [0, 0, 42], "uv": [12, 34]},
						{"origin": [0.25, 30.35, -2.51], "size": [0.4, 0.15, 0.025], "pivot": [0.275, 30.625, -2.51], "rotation": [0, 0, -50], "uv": [11, 34]},
						{"origin": [0.025, 30.625, -2.51], "size": [0.4, 0.375, 0.025], "pivot": [-0.15, 30.625, -2.51], "rotation": [0, 0, 37.5], "uv": [3, 34]}
					]
				},
				{
					"name": "Head_Mouth_10",
					"parent": "Mouth2",
					"pivot": [0, 30.2321, -2.46],
					"cubes": [
						{"origin": [-0.02418, 30.37735, -2.51], "size": [0.925, 0.15, 0.025], "pivot": [0.43832, 30.45235, -2.51], "rotation": [0, 0, 8.25], "uv": [110, 1]},
						{"origin": [-0.6, 29.7, -2.51], "size": [1.2, 0.75, 0.025], "uv": [109, 0]},
						{"origin": [0.02193, 29.92739, -2.51], "size": [0.675, 0.4, 0.025], "pivot": [0.48943, 30.26739, -2.51], "rotation": [0, 0, -65], "uv": [110, 2]},
						{"origin": [-0.90082, 30.37735, -2.51], "size": [0.925, 0.15, 0.025], "pivot": [-0.43832, 30.45235, -2.51], "rotation": [0, 0, -8.25], "uv": [111, 0]},
						{"origin": [-0.69693, 29.92739, -2.51], "size": [0.675, 0.4, 0.025], "pivot": [-0.48943, 30.26739, -2.51], "rotation": [0, 0, 65], "uv": [111, 2]}
					]
				},
				{
					"name": "Head_Mouth_11",
					"parent": "Mouth2",
					"pivot": [0, 30.3321, -2.46],
					"cubes": [
						{"origin": [-0.6, 30.025, -2.51], "size": [1.2, 0.3, 0.025], "uv": [8, 58]},
						{"origin": [-0.2375, 29.69, -2.51], "size": [0.475, 0.375, 0.025], "uv": [26, 29]},
						{"origin": [-0.8875, 30.30235, -2.51], "size": [1.775, 0.325, 0.025], "uv": [56, 50]},
						{"origin": [-0.59693, 29.97739, -2.51], "size": [0.425, 0.4, 0.025], "pivot": [-0.48943, 30.36739, -2.51], "rotation": [0, 0, 65], "uv": [29, 25]},
						{"origin": [-0.655, 29.78, -2.51], "size": [0.525, 0.4, 0.025], "pivot": [-0.38275, 29.96444, -2.46], "rotation": [0, 0, 25], "uv": [20, 29]},
						{"origin": [0.13, 29.78, -2.51], "size": [0.525, 0.4, 0.025], "pivot": [0.38275, 29.96444, -2.46], "rotation": [0, 0, -25], "uv": [29, 7]},
						{"origin": [0.17193, 29.97739, -2.51], "size": [0.425, 0.4, 0.025], "pivot": [0.48943, 30.36739, -2.51], "rotation": [0, 0, -65], "uv": [21, 26]},
						{"origin": [0.44582, 30.59735, -2.52], "size": [0.2, 0.2, 0.025], "pivot": [0.53832, 30.58235, -2.51], "rotation": [0, 0, 53.25], "uv": [20, 26]},
						{"origin": [-0.64582, 30.59735, -2.52], "size": [0.2, 0.2, 0.025], "pivot": [-0.53832, 30.58235, -2.51], "rotation": [0, 0, -53.25], "uv": [21, 25]}
					]
				},
				{
					"name": "Head_Mouth_12",
					"parent": "Mouth2",
					"pivot": [0, 30.03939, -2.46],
					"cubes": [
						{"origin": [-0.0625, 29.93912, -2.51], "size": [0.125, 0.125, 0.025], "uv": [25, 20]},
						{"origin": [-0.25173, 29.96738, -2.51], "size": [0.25, 0.125, 0.025], "pivot": [-0.07673, 30.04238, -2.51], "rotation": [0, 0, 32], "uv": [20, 25]},
						{"origin": [0.00173, 29.96738, -2.51], "size": [0.25, 0.125, 0.025], "pivot": [0.07673, 30.04238, -2.51], "rotation": [0, 0, -32], "uv": [6, 25]}
					]
				},
				{
					"name": "Mouth3",
					"parent": "Mouth2",
					"pivot": [0, 30.30253, -2.05],
					"cubes": [
						{"origin": [-0.5, 29.76, -2.55], "size": [1, 0.725, 1], "uv": [108, 0]},
						{"origin": [-0.08074, 30.27481, -2.55], "size": [0.95, 0.275, 1], "pivot": [0.45232, 30.3004, -2.55], "rotation": [0, 0, 15], "uv": [108, 0]},
						{"origin": [-0.9125, 30.41103, -2.55], "size": [1.825, 0.275, 1], "uv": [108, 0]},
						{"origin": [0.0649, 30.13979, -2.55], "size": [0.575, 0.55, 1], "pivot": [0.45232, 30.3004, -2.55], "rotation": [0, 0, -140], "uv": [108, 0]},
						{"origin": [-0.6399, 30.13979, -2.55], "size": [0.575, 0.55, 1], "pivot": [-0.45232, 30.3004, -2.55], "rotation": [0, 0, 140], "uv": [108, 0], "mirror": true},
						{"origin": [-0.86926, 30.27481, -2.55], "size": [0.95, 0.275, 1], "pivot": [-0.45232, 30.3004, -2.55], "rotation": [0, 0, -15], "uv": [108, 0], "mirror": true}
					]
				},
				{
					"name": "Mouth4",
					"parent": "Mouth2",
					"pivot": [-0.45232, 30.3004, -3.55],
					"cubes": [
						{"origin": [-0.4125, 29.91103, -2.55], "size": [0.825, 0.225, 0.125], "uv": [110, 1]},
						{"origin": [0.3375, 29.91103, -2.55], "size": [0.575, 0.225, 0.125], "pivot": [0.375, 30.04853, -2.55], "rotation": [0, 0, -22.5], "uv": [110, 1]},
						{"origin": [-0.9125, 29.91103, -2.55], "size": [0.575, 0.225, 0.125], "pivot": [-0.375, 30.04853, -2.55], "rotation": [0, 0, 22.5], "uv": [110, 1]}
					]
				},
				{
					"name": "hair",
					"parent": "Head",
					"pivot": [0, 29.125, -0.1]
				},
				{
					"name": "TouFa2",
					"parent": "hair",
					"pivot": [-0.14783, 33.44457, 0.62174],
					"cubes": [
						{"origin": [4, 31.175, 3.025], "size": [1, 5, 1], "pivot": [4.5, 33.675, 3.525], "rotation": [0, 0, -10], "uv": [18, 90]},
						{"origin": [-1.5, 34.025, -4.7], "size": [1, 3, 1], "pivot": [-0.1, 35.275, -4.2], "rotation": [-5, 0, 0], "uv": [28, 98]},
						{"origin": [-0.5, 34.025, -4.7], "size": [1, 3, 1], "pivot": [-0.1, 35.275, -4.2], "rotation": [-5, 0, 0], "uv": [18, 98]},
						{"origin": [0.5, 33.025, -4.7], "size": [1, 4, 1], "pivot": [-0.1, 35.275, -4.2], "rotation": [-5, 0, 0], "uv": [98, 0]},
						{"origin": [3.33537, 30.1993, -4.11624], "size": [1.025, 2, 1], "pivot": [4.30647, 31.32086, -3.16369], "rotation": [0, 0, 7.5], "uv": [98, 74]},
						{"origin": [-2.07636, 33.547, -4.70749], "size": [1, 3, 1], "pivot": [-1.97636, 35.047, -4.20749], "rotation": [-4.69986, 1.70818, 32.4299], "uv": [97, 69]},
						{"origin": [2.5, 33.175, -4.4], "size": [1, 4, 1], "uv": [65, 97]},
						{"origin": [1.5, 33.175, -4.4], "size": [1, 4, 1], "uv": [97, 20]},
						{"origin": [-3.5, 34.175, -4.4], "size": [1, 3, 1], "uv": [97, 15]},
						{"origin": [-2.5, 34.175, -4.4], "size": [1, 3, 1], "uv": [97, 10]},
						{"origin": [-3.07636, 32.547, -4.70749], "size": [1, 3, 1], "pivot": [-1.97636, 35.047, -4.20749], "rotation": [-4.69986, 1.70818, 32.4299], "uv": [5, 97]},
						{"origin": [-4.4625, 33.5, -3.95], "size": [1, 3, 3], "uv": [85, 41]},
						{"origin": [3.4625, 33.5, -4], "size": [1, 3, 3], "uv": [39, 84]},
						{"origin": [-4.5, 33.075, -2.45], "size": [1, 4, 6], "uv": [9, 53]},
						{"origin": [-3, 30.35, 4.2], "size": [6, 6, 1], "pivot": [0, 33.275, 4.7], "rotation": [6.25, 0, 0], "uv": [52, 67]},
						{"origin": [-4, 29.275, 3.2], "size": [8, 7, 1], "uv": [44, 20]},
						{"origin": [3.5, 33.075, -2.45], "size": [1, 4, 6], "uv": [0, 47]},
						{"origin": [-5, 31.175, 3.025], "size": [1, 5, 1], "pivot": [-4.5, 33.675, 3.525], "rotation": [0, 0, 10], "uv": [18, 90], "mirror": true},
						{"origin": [-5.275, 31.125, 1.025], "size": [2, 5, 2], "pivot": [-4.75, 33.825, 1.275], "rotation": [0, 0, 8], "uv": [50, 82], "mirror": true},
						{"origin": [-5.275, 32.125, 0.025], "size": [1, 3, 1], "pivot": [-4.75, 33.825, 1.275], "rotation": [0, 0, 8], "uv": [88, 96], "mirror": true},
						{"origin": [4.275, 32.125, 0.025], "size": [1, 3, 1], "pivot": [4.75, 33.825, 1.275], "rotation": [0, 0, -8], "uv": [88, 96]},
						{"origin": [3.275, 31.125, 1.025], "size": [2, 5, 2], "pivot": [4.75, 33.825, 1.275], "rotation": [0, 0, -8], "uv": [50, 82]},
						{"origin": [-4.5, 30.075, 1.975], "size": [1, 2, 2], "uv": [88, 80]},
						{"origin": [3.5, 30.075, 0.875], "size": [1, 2, 3], "uv": [65, 87]},
						{"origin": [3.475, 31.075, -1.45], "size": [1, 2, 4], "uv": [53, 75]},
						{"origin": [3.84755, 29.29953, -1.35355], "size": [1.75, 1.75, 1], "pivot": [4.125, 29.57699, -1.12343], "rotation": [-10.72858, -10.54529, -34.00703], "uv": [99.5, 25.5]},
						{"origin": [2.82808, 28.5448, -2.05709], "size": [1.5, 1.5, 1], "pivot": [3.82808, 29.0448, -1.55709], "rotation": [-22.20765, 20.70481, 50.89339], "uv": [6.5, 87.5]},
						{"origin": [3.2152, 27.65468, -2.55709], "size": [0.5, 1.5, 1.5], "pivot": [3.7152, 28.40468, -1.80709], "rotation": [0, 7.5, 100], "uv": [46, 84]},
						{"origin": [2.69304, 26.57829, -2.43762], "size": [1, 1, 1], "pivot": [3.54304, 27.42829, -1.93762], "rotation": [5.31847, 5.29571, 145.24614], "uv": [80, 57]},
						{"origin": [4.225, 30.075, -0.7], "size": [2, 2, 1], "pivot": [4.225, 30.075, -1.7], "rotation": [0, 0, -45], "uv": [34, 33]},
						{"origin": [-2, 35.675, -4.2], "size": [4, 2, 1], "uv": [88, 6]},
						{"origin": [-2.975, 36.975, -3.6], "size": [6, 1, 7], "uv": [0, 25]},
						{"origin": [-4, 36.275, -3.8], "size": [8, 1, 8], "uv": [0, 15]},
						{"origin": [-2, 37.975, -2.6], "size": [4, 1, 5], "uv": [46, 13]},
						{"origin": [-3, 37.975, -1.6], "size": [1, 1, 3], "uv": [88, 22]},
						{"origin": [2, 37.975, -1.6], "size": [1, 1, 3], "uv": [87, 34]},
						{"origin": [-3.975, 36.975, -2.6], "size": [1, 1, 5], "uv": [72, 4]},
						{"origin": [3.025, 36.975, -2.6], "size": [1, 1, 5], "uv": [44, 70]}
					]
				},
				{
					"name": "bone11",
					"parent": "TouFa2",
					"pivot": [2.76241, 33.4485, -4.15767],
					"cubes": [
						{"origin": [2.46241, 30.6985, -4.65767], "size": [1, 3, 1], "pivot": [2.76241, 32.4485, -4.15767], "rotation": [-2.47864, -0.32621, 5.00706], "uv": [35, 95]},
						{"origin": [1.46241, 30.6485, -4.65767], "size": [1, 3, 1], "pivot": [2.76241, 32.4485, -4.15767], "rotation": [-2.47864, -0.32621, 5.00706], "uv": [23, 95]}
					]
				},
				{
					"name": "bone10",
					"parent": "TouFa2",
					"pivot": [0.30787, 34.33872, -4.40101],
					"cubes": [
						{"origin": [-0.3171, 30.46531, -4.95307], "size": [1, 4, 1], "pivot": [-0.4921, 33.06531, -4.40307], "rotation": [-2.5, 0, -12.5], "uv": [24, 46]},
						{"origin": [-1.3171, 31.46531, -4.95307], "size": [1, 3, 1], "pivot": [-0.4921, 33.06531, -4.40307], "rotation": [-2.5, 0, -12.5], "uv": [93, 97]},
						{"origin": [0.63287, 30.76372, -4.95101], "size": [1, 3, 1], "pivot": [1.30787, 32.33872, -4.40101], "rotation": [-2.46207, 0.43399, -2.50933], "uv": [46, 13]}
					]
				},
				{
					"name": "CeFa2",
					"parent": "TouFa2",
					"pivot": [3.9125, 33.5454, -2.47915],
					"rotation": [-5.5, 0, 0],
					"cubes": [
						{"origin": [3.4, 32.0454, -3.92915], "size": [1.025, 3, 1], "uv": [40, 95]}
					]
				},
				{
					"name": "bone5",
					"parent": "CeFa2",
					"pivot": [4.71787, 32.12543, -3.2375],
					"rotation": [2.5, 0, 0],
					"cubes": [
						{"origin": [4.25, 31.16308, -3.15034], "size": [1.025, 1, 1], "uv": [23, 100]}
					]
				},
				{
					"name": "bone6",
					"parent": "CeFa2",
					"pivot": [4.9125, 29.0454, -1.47915],
					"rotation": [0, 0, -7.5],
					"cubes": [
						{"origin": [4.63045, 32.09497, -3.13077], "size": [1.025, 3, 2], "uv": [80, 89]}
					]
				},
				{
					"name": "bone7",
					"parent": "CeFa2",
					"pivot": [4.2, 30.3204, -2.45415],
					"rotation": [0, 0, -12.5]
				},
				{
					"name": "CeFa3",
					"parent": "TouFa2",
					"pivot": [3.9125, 33.5454, -2.47915],
					"rotation": [-5.5, 0, 0]
				},
				{
					"name": "bone17",
					"parent": "CeFa3",
					"pivot": [4.71787, 32.12543, -3.2375],
					"rotation": [2.5, 0, 0]
				},
				{
					"name": "bone18",
					"parent": "CeFa3",
					"pivot": [4.9125, 29.0454, -1.47915],
					"rotation": [0, 0, -7.5]
				},
				{
					"name": "bone23",
					"parent": "CeFa3",
					"pivot": [4.2, 30.3204, -2.45415],
					"rotation": [0, 0, -12.5]
				},
				{
					"name": "bone24",
					"parent": "CeFa3",
					"pivot": [5.2, 34.675, -3.75],
					"rotation": [2.5, 0, 0]
				},
				{
					"name": "CeFa4",
					"parent": "TouFa2",
					"pivot": [-3.9125, 33.5454, -2.47915],
					"rotation": [-5.5, 0, 0],
					"cubes": [
						{"origin": [-4.425, 32.0454, -3.92915], "size": [1.025, 3, 1], "uv": [96, 82]},
						{"origin": [-4.3314, 30.10034, -4], "size": [1.025, 2, 1], "pivot": [-4.3275, 31.2219, -3.09745], "rotation": [0, 0, -7.5], "uv": [99, 62]}
					]
				},
				{
					"name": "bone39",
					"parent": "CeFa4",
					"pivot": [-4.71787, 32.12543, -3.2375],
					"rotation": [2.5, 0, 0],
					"cubes": [
						{"origin": [-5.275, 31.16308, -3.15034], "size": [1.025, 1, 1], "uv": [33, 100]}
					]
				},
				{
					"name": "bone40",
					"parent": "CeFa4",
					"pivot": [-4.9125, 29.0454, -1.47915],
					"rotation": [0, 0, 7.5],
					"cubes": [
						{"origin": [-5.65545, 32.09497, -3.13077], "size": [1.025, 3, 2], "uv": [90, 11]}
					]
				},
				{
					"name": "bone41",
					"parent": "CeFa4",
					"pivot": [-4.2, 30.3204, -2.45415],
					"rotation": [0, 0, 12.5]
				},
				{
					"name": "WanZi3",
					"parent": "TouFa2",
					"pivot": [4.1, 36.4, 2.775],
					"rotation": [0, 12.5, 0]
				},
				{
					"name": "WanZi4",
					"parent": "TouFa2",
					"pivot": [-4.1, 36.4, 2.775],
					"rotation": [0, -12.5, 0]
				},
				{
					"name": "TouFa_Chang",
					"parent": "hair",
					"pivot": [0, 31.225, 4.40833],
					"rotation": [10, 0, 0],
					"cubes": [
						{"origin": [-3.5, 27.775, 4.375], "size": [7, 4, 1], "pivot": [0, 29.775, 4.9], "rotation": [-4.25, 0, 0], "uv": [63, 23]},
						{"origin": [2.86195, 28.51193, 3.88218], "size": [2, 6, 1], "pivot": [3.86195, 31.01193, 4.53218], "rotation": [-7.06754, 22.40972, -5.40961], "uv": [31, 86]},
						{"origin": [-4.86195, 28.51193, 3.88218], "size": [2, 6, 1], "pivot": [-3.86195, 31.01193, 4.53218], "rotation": [-7.06754, -22.40972, 5.40961], "uv": [0, 15]}
					]
				},
				{
					"name": "MaWei_A3",
					"parent": "hair",
					"pivot": [4.8, 33.85, 3.325],
					"rotation": [3.13728, 55.14639, 1.29654],
					"cubes": [
						{"origin": [3.8, 29.275, 3.1], "size": [2, 5, 1], "pivot": [4.8, 32.025, 3.725], "rotation": [5, 0, 0], "uv": [0, 25]}
					]
				},
				{
					"name": "MaWei_A2",
					"parent": "hair",
					"pivot": [-4.8, 33.85, 3.325],
					"rotation": [3.13728, -55.14639, -1.29654],
					"cubes": [
						{"origin": [-5.8, 29.275, 3.1], "size": [2, 5, 1], "pivot": [-4.8, 32.025, 3.725], "rotation": [5, 0, 0], "uv": [0, 0]}
					]
				},
				{
					"name": "MaWei_A4",
					"parent": "hair",
					"pivot": [5.075, 33.5, 1.825],
					"rotation": [42.78411, 87.07391, 36.46912],
					"cubes": [
						{"origin": [4.06741, 29.92335, 1.45264], "size": [2, 4, 1], "uv": [47, 90]}
					]
				},
				{
					"name": "fagu",
					"parent": "hair",
					"pivot": [0, 37.80572, -2.75601],
					"cubes": [
						{"origin": [-3.10656, 36.9083, -4.9952], "size": [2, 1, 1], "pivot": [0, 37.4333, -3.74697], "rotation": [-34.58859, 18.82943, -12.54707], "uv": [65, 50]},
						{"origin": [1.10656, 36.9083, -4.9952], "size": [2, 1, 1], "pivot": [0, 37.4333, -3.74697], "rotation": [-34.58859, -18.82943, 12.54707], "uv": [20, 29]},
						{"origin": [-1.5, 36.9333, -4.47672], "size": [3, 1, 1], "pivot": [0, 37.4333, -3.74697], "rotation": [-32.5, 0, 0], "uv": [25, 20]}
					]
				},
				{
					"name": "bone8",
					"parent": "fagu",
					"pivot": [1.44475, 38.85125, -2.95384],
					"rotation": [0, 0, 7.5],
					"cubes": [
						{"origin": [0.7, 36.6333, -4.82672], "size": [1, 1.5, 1], "pivot": [0.2, 37.3583, -3.59697], "rotation": [-32.5, 0, 0], "uv": [99, 93]},
						{"origin": [-0.24829, 38.74766, -3.75432], "size": [1, 2.25, 1], "pivot": [-0.16017, 39.05987, -3.09661], "rotation": [17.09214, 14.96463, 132.53664], "uv": [55, 98]},
						{"origin": [-1.12211, 38.7377, -3.77932], "size": [1, 2.25, 1], "pivot": [-0.16017, 39.05987, -3.09661], "rotation": [21.3603, 7.46422, 154.18491], "uv": [60, 98]},
						{"origin": [-1.06647, 37.13553, -3.85254], "size": [1, 2.25, 1], "pivot": [-0.16017, 39.05987, -3.09661], "rotation": [39.29347, 22.51553, 136.8057], "uv": [97, 42]},
						{"origin": [-0.19823, 37.11747, -3.6811], "size": [1, 2.25, 1], "pivot": [-0.16017, 39.05987, -3.09661], "rotation": [43.8603, 7.46422, 154.18491], "uv": [50, 98]},
						{"origin": [-1.36246, 40.06417, -2.36801], "size": [0.75, 0.775, 1], "pivot": [-1.16246, 40.28917, -1.79301], "rotation": [41.12161, -18.37142, -178.26599], "uv": [6.5, 58.5]},
						{"origin": [3.39066, 38.68959, -3.61074], "size": [1, 2.25, 1], "pivot": [3.34302, 38.62602, -2.80278], "rotation": [23.04487, -9.32782, -131.93093], "uv": [97, 36]},
						{"origin": [2.36271, 38.70298, -3.58574], "size": [1, 2.25, 1], "pivot": [3.34302, 38.62602, -2.80278], "rotation": [17.98908, -17.3115, -110.28601], "uv": [7, 81]},
						{"origin": [2.46678, 37.08793, -3.35537], "size": [1, 2.25, 1], "pivot": [3.34302, 38.62602, -2.80278], "rotation": [45.54487, -9.32782, -131.93093], "uv": [68, 83]},
						{"origin": [4.02498, 38.72034, -2.70676], "size": [0.6, 0.6, 1], "pivot": [4.32498, 39.02034, -2.21926], "rotation": [40.42665, -24.78991, -114.76042], "uv": [20.5, 34.5]},
						{"origin": [4.12498, 38.82034, -2.73176], "size": [0.4, 0.4, 1], "pivot": [4.32498, 39.02034, -2.21926], "rotation": [40.42665, -24.78991, -114.76042], "uv": [3.5, 58.5]},
						{"origin": [3.17378, 37.10802, -3.52681], "size": [1, 2.25, 1], "pivot": [3.34302, 38.62602, -2.80278], "rotation": [40.42665, -24.78991, -114.76042], "uv": [18, 64]},
						{"origin": [1.71152, 37.16419, -3.43037], "size": [0.75, 0.775, 1], "pivot": [3.34302, 38.62602, -2.80278], "rotation": [43.5722, 17.46953, -158.47985], "uv": [3.5, 58.5]}
					]
				},
				{
					"name": "MaWei_A5",
					"parent": "hair",
					"pivot": [-5.075, 33.5, 1.825],
					"rotation": [42.78411, -87.07391, -36.46912],
					"cubes": [
						{"origin": [-6.06741, 29.92335, 1.45264], "size": [2, 4, 1], "uv": [87, 89]}
					]
				},
				{
					"name": "Eyes",
					"parent": "Head",
					"pivot": [0, 5.075, 0]
				},
				{
					"name": "Eyebrow_Left",
					"parent": "Eyes",
					"pivot": [3.22864, 32.19562, -3.7475],
					"cubes": [
						{"origin": [1.2125, 32.43864, -3.775], "size": [2.3, 0.7, 0.025], "pivot": [2.3625, 32.73864, -3.7625], "rotation": [0, 0, -5], "uv": [33.5, 50.5]},
						{"origin": [2.475, 32.425, -3.775], "size": [1.3, 0.7, 0.025], "pivot": [2.475, 32.875, -3.275], "rotation": [0, 0, 6.25], "uv": [56.5, 42.5]},
						{"origin": [3.60483, 32.84494, -3.75], "size": [0.7, 0.25, 0.025], "pivot": [3.42983, 32.66994, -3.25], "rotation": [0, 0, 97.25], "uv": [0.5, 25.5]},
						{"origin": [2.7953, 32.00092, -3.75], "size": [1.475, 0.25, 0.025], "pivot": [3.4328, 31.90092, -3.7375], "rotation": [0, 0, 113], "uv": [48.5, 55.5]},
						{"origin": [3.60483, 32.64494, -3.75], "size": [1.475, 0.25, 0.025], "pivot": [3.42983, 32.66994, -3.25], "rotation": [0, 0, 97.25], "uv": [45.5, 55.5]}
					]
				},
				{
					"name": "Eyebrow_Right7",
					"parent": "Eyebrow_Left",
					"pivot": [3.85, 32.275, -3.275],
					"cubes": [
						{"origin": [3.28766, 32.33895, -3.775], "size": [1, 1, 0], "pivot": [3.83766, 32.68895, -3.275], "rotation": [0, 0, -11.75], "uv": [65, 53]}
					]
				},
				{
					"name": "RightEyebrow",
					"parent": "Eyes",
					"pivot": [-2.9, 32.275, -3.275],
					"cubes": [
						{"origin": [-4.28766, 32.33895, -3.775], "size": [1, 1, 0], "pivot": [-3.83766, 32.68895, -3.275], "rotation": [0, 0, 11.75], "uv": [48, 65]},
						{"origin": [-3.5125, 32.43864, -3.775], "size": [2.3, 0.7, 0.025], "pivot": [-2.3625, 32.73864, -3.7625], "rotation": [0, 0, 5], "uv": [18.5, 46.5]},
						{"origin": [-3.775, 32.425, -3.775], "size": [1.3, 0.7, 0.025], "pivot": [-2.475, 32.875, -3.275], "rotation": [0, 0, -6.25], "uv": [42.5, 55.5]},
						{"origin": [-4.30483, 32.84494, -3.75], "size": [0.7, 0.25, 0.025], "pivot": [-3.42983, 32.66994, -3.25], "rotation": [0, 0, -97.25], "uv": [24.5, 0.5]},
						{"origin": [-4.2703, 32.00092, -3.75], "size": [1.475, 0.25, 0.025], "pivot": [-3.4328, 31.90092, -3.7375], "rotation": [0, 0, -113], "uv": [39.5, 55.5]},
						{"origin": [-5.07983, 32.64494, -3.75], "size": [1.475, 0.25, 0.025], "pivot": [-3.42983, 32.66994, -3.25], "rotation": [0, 0, -97.25], "uv": [54.5, 3.5]}
					]
				},
				{
					"name": "Eyelid",
					"parent": "Eyes",
					"pivot": [0, 5.075, 0]
				},
				{
					"name": "RightEyelid2",
					"parent": "Eyelid",
					"pivot": [-2.35, 32, -2.05],
					"rotation": [0, 0, 15],
					"cubes": [
						{"origin": [-3.325, 32, -2.601], "size": [2, 0.5, 1], "uv": [108, 7]},
						{"origin": [-3.45441, 31.51704, -2.601], "size": [2, 0.5, 1], "pivot": [-2.325, 32.2, -2.1], "rotation": [0, 0, -30], "uv": [107, 7]}
					]
				},
				{
					"name": "Righteyelid",
					"parent": "Eyelid",
					"pivot": [-2.475, 31.575, -3.525],
					"cubes": [
						{"origin": [-3.475, 30.575, -3.525], "size": [2, 2, 0], "uv": [102, 18]}
					]
				},
				{
					"name": "Righteyelidbase",
					"parent": "Righteyelid",
					"pivot": [-2.35, 31.575, -3.05],
					"cubes": [
						{"origin": [-3, 30.575, -3.55], "size": [1.4, 2, 0.025], "uv": [54, 0]},
						{"origin": [-3, 30.575, -3.575], "size": [1.4, 0.45, 0.025], "uv": [11.5, 103.5]},
						{"origin": [-2.51216, 30.89326, -3.575], "size": [0.75, 0.35, 0.025], "pivot": [-2.31216, 30.74326, -3.575], "rotation": [0, 0, 20], "uv": [9.5, 108.5]},
						{"origin": [-2.86216, 30.89326, -3.575], "size": [0.75, 0.35, 0.025], "pivot": [-2.31216, 30.74326, -3.575], "rotation": [0, 0, -20], "uv": [10.5, 108.5]}
					]
				},
				{
					"name": "Rightpupli",
					"parent": "Righteyelidbase",
					"pivot": [-2.325, 31.725, -3.2575],
					"cubes": [
						{"origin": [-1.975, 31.975, -3.7], "size": [0.5, 0.3, 0.025], "uv": [7.5, 22.5]},
						{"origin": [-2.45, 31.325, -3.625], "size": [0.3, 0.5, 0.025], "uv": [7.5, 20.5]},
						{"origin": [-2.525, 31.225, -3.6], "size": [0.45, 0.7, 1], "uv": [104.5, 62.5]}
					]
				},
				{
					"name": "Lefteyelid2",
					"parent": "Eyelid",
					"pivot": [2.35, 32, -2.05],
					"rotation": [0, 0, -15],
					"cubes": [
						{"origin": [1.325, 32, -2.601], "size": [2, 0.5, 1], "uv": [107, 8], "mirror": true},
						{"origin": [1.45441, 31.51704, -2.601], "size": [2, 0.5, 1], "pivot": [2.325, 32.2, -2.1], "rotation": [0, 0, 30], "uv": [107, 7], "mirror": true}
					]
				},
				{
					"name": "Lefteyelid",
					"parent": "Eyelid",
					"pivot": [2.475, 31.575, -3.525],
					"cubes": [
						{"origin": [1.475, 30.575, -3.525], "size": [2, 2, 0], "uv": [102, 15]}
					]
				},
				{
					"name": "Lefteyelidbase",
					"parent": "Lefteyelid",
					"pivot": [2.35, 31.575, -3.05],
					"cubes": [
						{"origin": [1.6, 30.575, -3.55], "size": [1.4, 2, 0.025], "uv": [53, 35]},
						{"origin": [1.6, 30.575, -3.575], "size": [1.4, 0.45, 0.025], "uv": [11.5, 103.5], "mirror": true},
						{"origin": [2.11216, 30.89326, -3.575], "size": [0.75, 0.35, 0.025], "pivot": [2.31216, 30.74326, -3.575], "rotation": [0, 0, 20], "uv": [10.5, 108.5]},
						{"origin": [1.76216, 30.89326, -3.575], "size": [0.75, 0.35, 0.025], "pivot": [2.31216, 30.74326, -3.575], "rotation": [0, 0, -20], "uv": [9.5, 108.5]},
						{"origin": [2.075, 31.225, -3.6], "size": [0.45, 0.7, 1], "uv": [104.5, 62.5], "mirror": true}
					]
				},
				{
					"name": "Leftpupli",
					"parent": "Lefteyelidbase",
					"pivot": [2.325, 31.725, -3.2575],
					"cubes": [
						{"origin": [2.625, 31.975, -3.7], "size": [0.5, 0.3, 0.025], "uv": [22.5, 0.5]},
						{"origin": [2.15, 31.325, -3.625], "size": [0.3, 0.5, 0.025], "uv": [7.5, 18.5]}
					]
				},
				{
					"name": "bone9",
					"parent": "Head",
					"pivot": [3.37723, 42.26266, -0.1217],
					"cubes": [
						{"origin": [-0.63, 40.98607, 0.36164], "size": [0.53, 0.48, 2.52], "pivot": [1.26, 40.93607, 1.62164], "rotation": [-22.32648, 2.86313, 6.93488], "uv": [80.5, 6.5]},
						{"origin": [1.26, 40.98607, 4.24164], "size": [2.52, 0.48, 0.53], "pivot": [1.26, 40.93607, 1.62164], "rotation": [-22.32648, 2.86313, 6.93488], "uv": [18.5, 45.5]},
						{"origin": [1.26, 40.98607, -1.52836], "size": [2.52, 0.48, 0.53], "pivot": [1.26, 40.93607, 1.62164], "rotation": [-22.32648, 2.86313, 6.93488], "uv": [42.5, 13.5]},
						{"origin": [5.14, 40.98607, 0.36164], "size": [0.53, 0.48, 2.52], "pivot": [1.26, 40.93607, 1.62164], "rotation": [-22.32648, 2.86313, 6.93488], "uv": [75.5, 64.5]},
						{"origin": [4.30011, 39.90294, 1.73153], "size": [0.53, 0.48, 2.6775], "pivot": [4.20011, 39.88444, 3.14903], "rotation": [-28.85413, -38.16741, 26.91311], "uv": [30.5, 67.5]},
						{"origin": [0.86313, 40.34229, 1.93199], "size": [0.53, 0.48, 2.6775], "pivot": [0.76313, 40.32379, 3.27074], "rotation": [-148.45134, -43.51952, 165.19233], "uv": [63.5, 62.5]},
						{"origin": [0.86313, 41.68771, -1.31615], "size": [0.53, 0.48, 2.6775], "pivot": [0.76313, 41.66921, 0.0226], "rotation": [-151.14587, 38.16741, -153.08689], "uv": [38.5, 56.5]},
						{"origin": [4.35532, 41.26296, -1.49209], "size": [0.53, 0.48, 2.6775], "pivot": [4.25532, 41.24446, -0.15334], "rotation": [-31.54866, 43.51952, -14.80767], "uv": [22.5, 34.5]}
					]
				},
				{
					"name": "bone3",
					"parent": "UpperBody",
					"pivot": [1.66006, 26.95868, -1.97284],
					"cubes": [
						{"origin": [-3.28858, 27.97145, -2.04784], "size": [2, 1, 4.05], "pivot": [-2.26358, 28.39645, -0.02284], "rotation": [0, 0, -17.47328], "uv": [76, 45]},
						{"origin": [-3.03858, 27.94645, -2.09784], "size": [0.5, 1, 1], "pivot": [-2.26358, 28.39645, -0.02284], "rotation": [0, 0, -17.47328], "uv": [41.5, 20.5]},
						{"origin": [-1.24178, 25.49018, -2.14634], "size": [2.25, 2.2, 1], "pivot": [0.00822, 26.59018, -1.72134], "rotation": [-0.00786, 6.46502, 89.94514], "uv": [38, 91]},
						{"origin": [-1.04178, 26.29018, -2.17134], "size": [0.6, 0.6, 1], "pivot": [0.00822, 26.59018, -1.72134], "rotation": [-0.00786, 6.46502, 89.94514], "uv": [51.5, 63.5]},
						{"origin": [-0.94178, 26.39018, -2.19634], "size": [0.4, 0.4, 1], "pivot": [0.00822, 26.59018, -1.72134], "rotation": [-0.00786, 6.46502, 89.94514], "uv": [48.5, 63.5]},
						{"origin": [-2.5292, 26.48029, -2.37369], "size": [2, 2, 1.05], "pivot": [-0.00019, 26.21521, -1.47017], "rotation": [-9.77038, -1.49957, -17.41081], "uv": [93, 27]},
						{"origin": [-2.2792, 26.60529, -2.42369], "size": [0.5, 2, 1.05], "pivot": [-0.00019, 26.21521, -1.47017], "rotation": [-9.77038, -1.49957, -17.41081], "uv": [0.5, 34.5]},
						{"origin": [-1.5292, 25.48029, -2.32369], "size": [1, 1, 1.05], "pivot": [-0.00019, 26.21521, -1.47017], "rotation": [-9.77038, -1.49957, -17.41081], "uv": [101, 34]},
						{"origin": [0.52918, 25.4804, -2.3237], "size": [1, 1, 1.05], "pivot": [-0.00019, 26.21521, -1.47017], "rotation": [-9.77038, 1.49957, 17.41081], "uv": [98, 100]},
						{"origin": [0.66383, 25.15826, -2.32659], "size": [1, 3, 1.05], "pivot": [-0.00019, 26.21521, -1.47017], "rotation": [-8.2701, 12.37076, 61.70736], "uv": [45, 96]},
						{"origin": [0.52918, 26.4804, -2.3737], "size": [2, 2, 1.05], "pivot": [-0.00019, 26.21521, -1.47017], "rotation": [-9.77038, 1.49957, 17.41081], "uv": [91, 39]},
						{"origin": [-1.66464, 25.15909, -2.32661], "size": [1, 3, 1.05], "pivot": [-0.00019, 26.21521, -1.47017], "rotation": [-8.2701, -12.37076, -61.70736], "uv": [72, 96]},
						{"origin": [-1.41464, 26.53409, -2.37661], "size": [0.5, 1.525, 1.05], "pivot": [-0.00019, 26.21521, -1.47017], "rotation": [-8.2701, -12.37076, -61.70736], "uv": [39.5, 7.5]},
						{"origin": [-1.41464, 25.78409, -2.37661], "size": [0.5, 0.5, 1.05], "pivot": [-0.00019, 26.21521, -1.47017], "rotation": [-8.2701, -12.37076, -61.70736], "uv": [0.5, 58.5]},
						{"origin": [2.53858, 27.94645, -2.09784], "size": [0.5, 1, 1], "pivot": [2.26358, 28.39645, -0.02284], "rotation": [0, 0, 17.47328], "uv": [29.5, 7.5]},
						{"origin": [1.7792, 26.60529, -2.42369], "size": [0.5, 2, 1.05], "pivot": [0.00019, 26.21521, -1.47017], "rotation": [-9.77038, 1.49957, 17.41081], "uv": [22.5, 0.5]},
						{"origin": [0.91464, 26.53409, -2.37661], "size": [0.5, 1.525, 1.05], "pivot": [0.00019, 26.21521, -1.47017], "rotation": [-8.2701, 12.37076, 61.70736], "uv": [15.5, 38.5]},
						{"origin": [0.91464, 25.78409, -2.37661], "size": [0.5, 0.5, 1.05], "pivot": [0.00019, 26.21521, -1.47017], "rotation": [-8.2701, 12.37076, 61.70736], "uv": [49.5, 35.5]},
						{"origin": [1.28858, 27.97145, -2.04784], "size": [2, 1, 4.05], "pivot": [2.26358, 28.39645, -0.02284], "rotation": [0, 0, 17.47328], "uv": [76, 25]},
						{"origin": [-2.5, 25.52912, -0.65381], "size": [5, 3, 3], "pivot": [0, 27.02912, 0.84619], "rotation": [7.5, 0, 0], "uv": [52, 43]}
					]
				},
				{
					"name": "lingjie",
					"parent": "bone3",
					"pivot": [0.00081, 25.14248, -2.14519],
					"rotation": [-10, 0, 0],
					"cubes": [
						{"origin": [-3.16673, 24.67142, -2.38668], "size": [2.2, 1, 1], "pivot": [-1.32313, 25.41022, -1.88668], "rotation": [-6.7322, 12.88749, 66.10351], "uv": [80, 41]},
						{"origin": [-1.75638, 24.51421, -2.45508], "size": [2, 1, 1], "pivot": [-0.83138, 25.01421, -1.98008], "rotation": [-14.1637, 3.20022, 16.46703], "uv": [81, 100]},
						{"origin": [0.96673, 24.67142, -2.38668], "size": [2.2, 1, 1], "pivot": [1.32313, 25.41022, -1.88668], "rotation": [-6.7322, -12.88749, -66.10351], "uv": [72, 11]},
						{"origin": [-0.24362, 24.51421, -2.45508], "size": [2, 1, 1], "pivot": [0.83138, 25.01421, -1.98008], "rotation": [-14.1637, -3.20022, -16.46703], "uv": [76, 100]},
						{"origin": [-0.48948, 24.14176, -2.89129], "size": [1, 1, 1], "pivot": [0.01052, 24.64176, -2.49129], "rotation": [-0.00786, 6.46502, 89.94514], "uv": [100, 78]},
						{"origin": [-0.98948, 23.3183, -2.76769], "size": [1, 2, 1], "pivot": [-0.73948, 24.6183, -2.26769], "rotation": [-2.4903, 5.96803, 67.31575], "uv": [99, 56]},
						{"origin": [-1.64954, 21.4867, -2.69987], "size": [1, 2, 1], "pivot": [-0.95558, 22.77528, -2.21237], "rotation": [-5.74332, 2.97329, 32.29641], "uv": [99, 5]},
						{"origin": [0.16595, 21.46767, -2.72487], "size": [1, 3, 1], "pivot": [0.95558, 22.77528, -2.21237], "rotation": [-6.44131, -0.5545, -9.91439], "uv": [78, 95]},
						{"origin": [0.64954, 21.4867, -2.69987], "size": [1, 2, 1], "pivot": [0.95558, 22.77528, -2.21237], "rotation": [-5.74332, -2.97329, -32.29641], "uv": [98, 96]},
						{"origin": [-1.16595, 21.46767, -2.72487], "size": [1, 3, 1], "pivot": [-0.95558, 22.77528, -2.21237], "rotation": [-6.44131, 0.5545, 9.91439], "uv": [83, 95]},
						{"origin": [0.09206, 22.78691, -2.8119], "size": [1, 2.1, 1], "pivot": [0.59206, 23.78691, -2.3619], "rotation": [-4.5867, -4.56106, -44.76283], "uv": [10, 99]},
						{"origin": [-0.01052, 23.3183, -2.76769], "size": [1, 2, 1], "pivot": [0.73948, 24.6183, -2.26769], "rotation": [-2.4903, -5.96803, -67.31575], "uv": [99, 30]},
						{"origin": [-1.09206, 22.78691, -2.8119], "size": [1, 2.1, 1], "pivot": [-0.59206, 23.78691, -2.3619], "rotation": [-4.5867, 4.56106, 44.76283], "uv": [99, 49]}
					]
				},
				{
					"name": "bone",
					"parent": "UpperBody",
					"pivot": [-1.42831, 26.76228, 0.05216]
				},
				{
					"name": "x2",
					"parent": "bone",
					"pivot": [3.8, 27.4, -2.5],
					"rotation": [-17.5, 5, 7.5]
				},
				{
					"name": "bone2",
					"parent": "x2",
					"pivot": [3.8, 26.4, 0.5],
					"rotation": [-3, 0, 0]
				},
				{
					"name": "x6",
					"parent": "bone",
					"pivot": [-3.8, 27.4, -2.5],
					"rotation": [-17.5, -5, -7.5]
				},
				{
					"name": "bone68",
					"parent": "x6",
					"pivot": [-3.8, 26.4, 0.5],
					"rotation": [-3, 0, 0]
				},
				{
					"name": "DownBody",
					"parent": "AllBody",
					"pivot": [0, 18, 0]
				},
				{
					"name": "Leg",
					"parent": "DownBody",
					"pivot": [0, 1.4, 0]
				},
				{
					"name": "LeftLeg",
					"parent": "Leg",
					"pivot": [2.2, 17.45, -1],
					"cubes": [
						{"origin": [0.675, 9.2, -2], "size": [3.15, 8, 4], "uv": [43, 0]},
						{"origin": [0.725, 8.51118, -1.71606], "size": [3.025, 2, 3], "pivot": [-0.1125, 9.64765, -0.20133], "rotation": [44, 0, 0], "uv": [11, 76]}
					]
				},
				{
					"name": "LeftLowerLeg",
					"parent": "LeftLeg",
					"pivot": [2, 9.75, 0.4],
					"cubes": [
						{"origin": [0.7, 2.05, -1.9], "size": [3.1, 8, 4], "uv": [38, 33]}
					]
				},
				{
					"name": "LeftFoot",
					"parent": "LeftLowerLeg",
					"pivot": [2.45, 0.625, 0.1625],
					"cubes": [
						{"origin": [0.62271, 0.27477, -3.3], "size": [3.25, 1, 2.075], "pivot": [2.51727, 2.10882, -2.94985], "rotation": [17.5, 0, 0], "uv": [85, 69]},
						{"origin": [1.13701, 0.42542, -4.2544], "size": [1.55, 1.35, 2.45], "pivot": [2.25668, 1.61948, -2.78457], "rotation": [19.4254, -58.52505, -16.73958], "uv": [12, 95]},
						{"origin": [1.64771, 0.41974, -4.53666], "size": [1.2, 1.25, 1], "pivot": [2.25668, 1.61948, -2.78457], "rotation": [10, 0, 0], "uv": [102, 12]},
						{"origin": [1.82197, 0.34383, -4.26199], "size": [1.55, 1.35, 2.3], "pivot": [2.25668, 1.61948, -2.78457], "rotation": [19.4254, 58.52505, 16.73958], "uv": [94, 89]},
						{"origin": [0.59771, 0.03458, -2.99851], "size": [3.3, 1, 5.2], "uv": [51, 60]},
						{"origin": [0.59771, 1.03458, -0.99851], "size": [3.3, 1, 3.2], "uv": [78, 64]},
						{"origin": [0.3876, 1.80486, -1.99851], "size": [1, 1.25, 4.2], "pivot": [0, 2.66769, 0.10149], "rotation": [2.41492, 0.64686, -14.98637], "uv": [31, 80]},
						{"origin": [2.95464, 2.96836, -1.99851], "size": [1, 1.25, 4.2], "pivot": [0, 2.66769, 0.10149], "rotation": [2.41492, -0.64686, 14.98637], "uv": [80, 51]},
						{"origin": [0.96114, 0.04025, -4.41442], "size": [1.65, 1, 2.5], "pivot": [2.00382, 0.43448, -2.6548], "rotation": [0, -60, 0], "uv": [94, 65]},
						{"origin": [1.54771, 0.03458, -4.44851], "size": [1.4, 1, 1.1], "uv": [102, 9]},
						{"origin": [1.89543, 0.00866, -4.41631], "size": [1.65, 1, 2.4], "pivot": [2.50382, 0.43448, -2.6548], "rotation": [0, 60, 0], "uv": [94, 58]},
						{"origin": [0.64714, 0.94596, -3.25587], "size": [3.225, 1, 2.3], "pivot": [2.25668, 1.61948, -2.78457], "rotation": [24, 0, 0], "uv": [11, 34]},
						{"origin": [2.46068, 2.07149, -3.38977], "size": [1, 1, 2.1], "pivot": [2.45027, 2.07108, -2.4913], "rotation": [15.56447, -15.01996, 42.93565], "uv": [94, 52]},
						{"origin": [1.03812, 2.07675, -3.40015], "size": [1, 1, 2.1], "pivot": [2.06937, 2.09665, -2.50577], "rotation": [15.56447, 15.01996, -42.93565], "uv": [52, 94]},
						{"origin": [1.12271, 1.37206, -2.30142], "size": [2.25, 2.5, 1], "pivot": [0, 3.20539, -1.82642], "rotation": [-20, 0, 0], "uv": [23, 91]},
						{"origin": [1.94771, 3.09706, -2.32642], "size": [0.6, 0.6, 1], "pivot": [0, 3.20539, -1.82642], "rotation": [-20, 0, 0], "uv": [0.5, 60.5]},
						{"origin": [2.04771, 3.19706, -2.35142], "size": [0.4, 0.4, 1], "pivot": [0, 3.20539, -1.82642], "rotation": [-20, 0, 0], "uv": [60.5, 16.5]},
						{"origin": [0.62271, 1.20689, 1.48522], "size": [3.25, 2.5, 1], "pivot": [2.24771, 2.45689, 1.58522], "rotation": [-22.5, 0, 0], "uv": [33, 46]},
						{"origin": [1.25869, 1.65549, -3.3268], "size": [2, 1, 3.1], "pivot": [2.22349, 2.09926, -2.49059], "rotation": [21.82985, 0, 0], "uv": [79, 31]},
						{"origin": [0.70135, 2.52343, -3.20948], "size": [1.25, 0.5, 0.8], "pivot": [2.25869, 2.73343, -2.52465], "rotation": [42.81864, 11.11936, 10.13186], "uv": [33.5, 51.5]},
						{"origin": [1.10172, 2.52313, -4.06277], "size": [0.55, 0.5, 0.575], "pivot": [2.19797, 2.78313, -2.5066], "rotation": [60.8108, 40.1882, 49.11741], "uv": [0.5, 15.5]},
						{"origin": [1.75869, 2.12343, -3.20319], "size": [1, 1, 1], "pivot": [2.25869, 2.73343, -2.52465], "rotation": [41.82985, 0, 0], "uv": [38, 100]},
						{"origin": [2.91566, 2.46537, -4.1273], "size": [0.55, 0.5, 0.575], "pivot": [2.26941, 2.72537, -2.57113], "rotation": [60.8108, -40.1882, -49.11741], "uv": [6.5, 15.5]},
						{"origin": [2.56603, 2.52343, -3.20948], "size": [1.25, 0.5, 0.8], "pivot": [2.25869, 2.73343, -2.52465], "rotation": [42.81864, -11.11936, -10.13186], "uv": [36.5, 51.5]},
						{"origin": [2.24607, 1.59788, -4.03184], "size": [1.5, 1, 1.5], "pivot": [2.24849, 2.09926, -2.49059], "rotation": [32.02465, 40.1817, 21.9844], "uv": [5, 102]}
					]
				},
				{
					"name": "RightLeg",
					"parent": "Leg",
					"pivot": [-2.2, 17.45, -1],
					"cubes": [
						{"origin": [-3.825, 9.2, -2], "size": [3.15, 8, 4], "uv": [0, 34]},
						{"origin": [-3.775, 8.51118, -1.71606], "size": [3.025, 2, 3], "pivot": [-0.1125, 9.64765, -0.20133], "rotation": [44, 0, 0], "uv": [75, 71]}
					]
				},
				{
					"name": "RightLowerLeg",
					"parent": "RightLeg",
					"pivot": [-2, 9.75, 0.4],
					"cubes": [
						{"origin": [-3.8, 2.05, -1.9], "size": [3.1, 8, 4], "uv": [23, 33]}
					]
				},
				{
					"name": "RightFoot",
					"parent": "RightLowerLeg",
					"pivot": [-2.45, 0.625, 0.1625],
					"cubes": [
						{"origin": [-3.87271, 0.27477, -3.3], "size": [3.25, 1, 2.075], "pivot": [-2.51727, 2.10882, -2.94985], "rotation": [17.5, 0, 0], "uv": [20, 25]},
						{"origin": [-2.68701, 0.42542, -4.2544], "size": [1.55, 1.35, 2.45], "pivot": [-2.25668, 1.61948, -2.78457], "rotation": [19.4254, 58.52505, 16.73958], "uv": [94, 32]},
						{"origin": [-3.74607, 1.59788, -4.03184], "size": [1.5, 1, 1.5], "pivot": [-2.24849, 2.09926, -2.49059], "rotation": [32.02465, -40.1817, -21.9844], "uv": [99, 87]},
						{"origin": [-2.84771, 0.41974, -4.53666], "size": [1.2, 1.25, 1], "pivot": [-2.25668, 1.61948, -2.78457], "rotation": [10, 0, 0], "uv": [0, 102]},
						{"origin": [-3.37197, 0.34383, -4.26199], "size": [1.55, 1.35, 2.3], "pivot": [-2.25668, 1.61948, -2.78457], "rotation": [19.4254, -58.52505, -16.73958], "uv": [28, 94]},
						{"origin": [-3.89771, 0.03458, -2.99851], "size": [3.3, 1, 5.2], "uv": [60, 9]},
						{"origin": [-3.89771, 1.03458, -0.99851], "size": [3.3, 1, 3.2], "uv": [75, 77]},
						{"origin": [-3.95464, 2.96836, -1.99851], "size": [1, 1.25, 4.2], "pivot": [0, 2.66769, 0.10149], "rotation": [2.41492, 0.64686, -14.98637], "uv": [81, 7]},
						{"origin": [-1.3876, 1.80486, -1.99851], "size": [1, 1.25, 4.2], "pivot": [0, 2.66769, 0.10149], "rotation": [2.41492, -0.64686, 14.98637], "uv": [0, 81]},
						{"origin": [-3.87271, 1.20689, 1.48522], "size": [3.25, 2.5, 1], "pivot": [-2.24771, 2.45689, 1.58522], "rotation": [-22.5, 0, 0], "uv": [40, 70]},
						{"origin": [-3.37271, 1.37206, -2.30142], "size": [2.25, 2.5, 1], "pivot": [0, 3.20539, -1.82642], "rotation": [-20, 0, 0], "uv": [91, 73]},
						{"origin": [-2.54771, 3.09706, -2.32642], "size": [0.6, 0.6, 1], "pivot": [0, 3.20539, -1.82642], "rotation": [-20, 0, 0], "uv": [63.5, 16.5]},
						{"origin": [-2.44771, 3.19706, -2.35142], "size": [0.4, 0.4, 1], "pivot": [0, 3.20539, -1.82642], "rotation": [-20, 0, 0], "uv": [0.5, 62.5]},
						{"origin": [-2.61114, 0.04025, -4.41442], "size": [1.65, 1, 2.5], "pivot": [-2.00382, 0.43448, -2.6548], "rotation": [0, 60, 0], "uv": [92, 93]},
						{"origin": [-2.94771, 0.03458, -4.44851], "size": [1.4, 1, 1.1], "uv": [101, 90]},
						{"origin": [-3.54543, 0.00866, -4.41631], "size": [1.65, 1, 2.4], "pivot": [-2.50382, 0.43448, -2.6548], "rotation": [0, -60, 0], "uv": [93, 78]},
						{"origin": [-3.87214, 0.94596, -3.25587], "size": [3.225, 1, 3.3], "pivot": [-2.25668, 1.61948, -2.78457], "rotation": [24, 0, 0], "uv": [77, 36]},
						{"origin": [-3.46068, 2.07149, -3.38977], "size": [1, 1, 2.1], "pivot": [-2.45027, 2.07108, -2.4913], "rotation": [15.56447, 15.01996, -42.93565], "uv": [66, 93]},
						{"origin": [-2.03812, 2.07675, -3.40015], "size": [1, 1, 2.1], "pivot": [-2.06937, 2.09665, -2.50577], "rotation": [15.56447, -15.01996, 42.93565], "uv": [93, 46]},
						{"origin": [-3.25869, 1.65549, -3.3268], "size": [2, 1, 3.1], "pivot": [-2.22349, 2.09926, -2.49059], "rotation": [21.82985, 0, 0], "uv": [33, 20]},
						{"origin": [-2.75869, 2.12343, -3.20319], "size": [1, 1, 1], "pivot": [-2.25869, 2.73343, -2.52465], "rotation": [41.82985, 0, 0], "uv": [100, 46]},
						{"origin": [-3.46566, 2.46537, -4.1273], "size": [0.55, 0.5, 0.575], "pivot": [-2.26941, 2.72537, -2.57113], "rotation": [60.8108, 40.1882, 49.11741], "uv": [0.5, 0.5]},
						{"origin": [-1.65172, 2.52313, -4.06277], "size": [0.55, 0.5, 0.575], "pivot": [-2.19797, 2.78313, -2.5066], "rotation": [60.8108, -40.1882, -49.11741], "uv": [6.5, 0.5]},
						{"origin": [-3.81603, 2.52343, -3.20948], "size": [1.25, 0.5, 0.8], "pivot": [-2.25869, 2.73343, -2.52465], "rotation": [42.81864, 11.11936, 10.13186], "uv": [53.5, 42.5]},
						{"origin": [-1.95135, 2.52343, -3.20948], "size": [1.25, 0.5, 0.8], "pivot": [-2.25869, 2.73343, -2.52465], "rotation": [42.81864, -11.11936, -10.13186], "uv": [53.5, 38.5]}
					]
				}
			]
		}
	]
}