{
	"format_version": "1.12.0",
	"minecraft:geometry": [
		{
			"description": {
				"identifier": "geometry.default",
				"texture_width": 128,
				"texture_height": 128,
				"visible_bounds_width": 5,
				"visible_bounds_height": 4.5,
				"visible_bounds_offset": [0, 1.75, 0]
			},
			"bones": [
				{
					"name": "Root",
					"pivot": [0, -0.45, 0]
				},
				{
					"name": "AllBody",
					"parent": "Root",
					"pivot": [0, 22.1491, 0.575]
				},
				{
					"name": "UpBody",
					"parent": "AllBody",
					"pivot": [0, 20.09907, 0],
					"cubes": [
						{"origin": [-3.05, 22.775, 0.975], "size": [6.1, 1.2, 2], "pivot": [0.05, 26.575, 0.1], "rotation": [-17.5, 0, 0], "uv": [42, 23]},
						{"origin": [-3.42, 22.37945, 0.28463], "size": [1, 1.1, 2], "pivot": [-2.6, 24.27945, 1.34463], "rotation": [-17.14022, -3.58448, -11.45964], "uv": [9, 52]},
						{"origin": [2.42, 22.37945, 0.28463], "size": [1, 1.1, 2], "pivot": [2.6, 24.27945, 1.34463], "rotation": [-17.14022, 3.58448, 11.45964], "uv": [34, 31]},
						{"origin": [-2.45, 19.075, -1.8], "size": [4.9, 4, 3], "uv": [43, 5]},
						{"origin": [-2.5, 23.16635, -0.08266], "size": [5, 1.5, 2.1], "pivot": [0, 23.84135, 0.94234], "rotation": [2.5, 0, 0], "uv": [53, 12]},
						{"origin": [-3, 20.025, 0.575], "size": [6, 2, 1.25], "pivot": [0, 21.36174, 0.35], "rotation": [12.5, 0, 0], "uv": [52, 29]},
						{"origin": [-3.2261, 19.46834, 0.5], "size": [0.975, 3, 1.3], "pivot": [0, 21.36174, 0.35], "rotation": [12.3159, -2.1539, 9.7676], "uv": [15, 64]},
						{"origin": [-3.12283, 18.6, -1.775], "size": [1.85, 4, 2.95], "pivot": [0.00217, 21.95, -0.325], "rotation": [0, 0, 10], "uv": [12, 58]},
						{"origin": [1.27283, 18.6, -1.775], "size": [1.85, 4, 2.95], "pivot": [-0.00217, 21.95, -0.325], "rotation": [0, 0, -10], "uv": [22, 57]},
						{"origin": [2.2511, 19.46834, 0.5], "size": [0.975, 3, 1.3], "pivot": [0, 21.36174, 0.35], "rotation": [12.3159, 2.1539, -9.7676], "uv": [11, 64]},
						{"origin": [-3.63046, 23.63952, 0.85], "size": [2, 1.25, 1], "pivot": [0, 25.92407, -0.125], "rotation": [2.46207, 0.43399, -9.99067], "uv": [53, 15]},
						{"origin": [1.30232, 23.27429, 0.93981], "size": [2, 1.25, 1], "pivot": [2.30232, 23.89929, 1.43981], "rotation": [1.96207, -0.43399, 9.99067], "uv": [53, 15], "mirror": true},
						{"origin": [2.36904, 22.45271, -1.87073], "size": [0.875, 2, 2.9], "pivot": [1.79404, 23.45271, -0.42073], "rotation": [2.48633, -0.26124, 5.99433], "uv": [74, 119]},
						{"origin": [-2.5, 22.27534, -2.00499], "size": [5, 2, 2], "pivot": [0, 24.27534, -1.55499], "rotation": [5, 0, 0], "uv": [0, 48]},
						{"origin": [-3.63046, 22.81452, -1.975], "size": [1.125, 2, 2.9], "pivot": [0, 25.84907, -0.15], "rotation": [2.46207, 0.43399, -9.99067], "uv": [76, 121]}
					]
				},
				{
					"name": "UpperBody",
					"parent": "UpBody",
					"pivot": [0, 22.99907, -0.075],
					"cubes": [
						{"origin": [-3.35, 25.15, -2.175], "size": [6.65, 3.85, 3.95], "uv": [24, 10]},
						{"origin": [-3.695, 24.9, 1.484], "size": [7.39, 3.075, 1], "uv": [46, 0]},
						{"origin": [-3.69, 26.5, -0.1], "size": [7.38, 1, 1.25], "pivot": [-0.11, 26.45, 2.275], "rotation": [-55, 0, 0], "uv": [47, 41]},
						{"origin": [-3.1, 23.1931, -2.00476], "size": [6.2, 3, 3], "pivot": [0, 24.8931, -0.92976], "rotation": [5, 0, 0], "uv": [0, 35]},
						{"origin": [-3.1, 23.19433, 1.28267], "size": [6.2, 2, 1], "pivot": [0, 24.27923, 1.50267], "rotation": [-12.5, 0, 0], "uv": [51, 18]},
						{"origin": [-3.43083, 23.83676, 0.22267], "size": [1, 2.1, 2], "pivot": [0, 24.27923, 1.50267], "rotation": [-12.23516, -2.5792, -11.72352], "uv": [61, 41]},
						{"origin": [2.43083, 23.83676, 0.22267], "size": [1, 2.1, 2], "pivot": [0, 24.27923, 1.50267], "rotation": [-12.23516, 2.5792, 11.72352], "uv": [57, 60]},
						{"origin": [-3.63046, 23.81452, -1.95], "size": [2.9, 2, 3], "pivot": [0, 25.84907, -0.075], "rotation": [2.46207, 0.43399, -9.99067], "uv": [12, 53]},
						{"origin": [0.73046, 23.81452, -1.95], "size": [2.775, 2, 3], "pivot": [0, 25.84907, -0.075], "rotation": [2.46207, -0.43399, 9.99067], "uv": [52, 43]},
						{"origin": [-3.3, 26.97407, -2.325], "size": [6.55, 2, 2], "pivot": [-0.1, 27.97407, -2.225], "rotation": [-8.5, 0, 0], "uv": [83, 20]},
						{"origin": [-3.3, 24.32407, -2.55], "size": [6.55, 3.375, 2], "pivot": [-0.1, 27.97407, 2.225], "rotation": [8.5, 0, 0], "uv": [83, 35]},
						{"origin": [-1, 28.52407, -2.275], "size": [2, 0.325, 0.8], "uv": [115, 34]},
						{
							"origin": [-0.175, 28.52407, -2.325],
							"size": [0.325, 0.325, 0.85],
							"uv": {
								"north": {"uv": [115, 34], "uv_size": [0, 0]},
								"east": {"uv": [110, 51], "uv_size": [7, 6]},
								"south": {"uv": [112, 52], "uv_size": [4, 4]},
								"west": {"uv": [112, 52], "uv_size": [7, 4]},
								"up": {"uv": [115, 34], "uv_size": [0, 0]},
								"down": {"uv": [115, 34], "uv_size": [0, 0]}
							}
						},
						{
							"origin": [-0.175, 27.67407, -2.45],
							"size": [0.325, 0.325, 0.85],
							"pivot": [-0.00625, 27.83657, -2.0875],
							"rotation": [-10.75, 0, 0],
							"uv": {
								"north": {"uv": [115, 34], "uv_size": [0, 0]},
								"east": {"uv": [110, 51], "uv_size": [7, 6]},
								"south": {"uv": [112, 52], "uv_size": [4, 4]},
								"west": {"uv": [112, 52], "uv_size": [7, 4]},
								"up": {"uv": [115, 34], "uv_size": [0, 0]},
								"down": {"uv": [115, 34], "uv_size": [0, 0]}
							}
						},
						{"origin": [-1, 27.67407, -2.4], "size": [2, 0.325, 0.8], "pivot": [-0.00625, 27.83657, -2.0875], "rotation": [-10.75, 0, 0], "uv": [115, 34]}
					]
				},
				{
					"name": "AllHead",
					"parent": "UpperBody",
					"pivot": [0, 28.95, 0],
					"cubes": [
						{"origin": [-1.525, 28.6, -1.2], "size": [3.05, 0.975, 2.95], "uv": [116, 103]},
						{"origin": [-1.525, 28.6, -1.3], "size": [1.275, 0.975, 3.05], "uv": [116, 103]},
						{"origin": [0.25, 29.5, -1.325], "size": [1.3, 0.075, 3.1], "uv": [116, 91], "mirror": true},
						{"origin": [-0.325, 29.5, 0.35], "size": [0.925, 0.075, 1.425], "uv": [116, 91], "mirror": true},
						{"origin": [-0.34951, 28.32665, -1.3], "size": [0.325, 1.025, 0.15], "pivot": [-0.71201, 28.91415, 0.225], "rotation": [0, 0, -23.25], "uv": [116, 103]},
						{"origin": [0.02451, 28.32665, -1.3], "size": [0.325, 1.025, 0.15], "pivot": [0.71201, 28.91415, 0.225], "rotation": [0, 0, 23.25], "uv": [116, 103], "mirror": true},
						{"origin": [0.02451, 28.32665, -1.325], "size": [0.075, 1.025, 0.175], "pivot": [0.71201, 28.91415, 0.225], "rotation": [0, 0, 23.25], "uv": [116, 90], "mirror": true},
						{"origin": [-1.55, 29.5, -1.325], "size": [1.3, 0.075, 3.1], "uv": [116, 91]},
						{"origin": [-0.09951, 28.32665, -1.325], "size": [0.075, 1.025, 0.175], "pivot": [-0.71201, 28.91415, 0.225], "rotation": [0, 0, -23.25], "uv": [116, 90]},
						{"origin": [0.25, 28.6, -1.3], "size": [1.275, 0.975, 3.05], "uv": [116, 103], "mirror": true},
						{"origin": [-1.5, 28.6, -1.275], "size": [3, 2, 3], "uv": [0, 52]}
					]
				},
				{
					"name": "Head",
					"parent": "AllHead",
					"pivot": [0, 29.9, -0.5],
					"cubes": [
						{"origin": [-3.5, 29.9, -4], "size": [7, 7, 7], "uv": [0, 0]},
						{"origin": [0, 30.225, -4.025], "size": [0.15, 0.025, 2], "uv": [117, 108]},
						{"origin": [0.15058, 30.24087, -4.025], "size": [0.35, 0.025, 2], "pivot": [0.27558, 30.22837, -3.025], "rotation": [0, 0, -7.25], "uv": [117, 108]},
						{"origin": [-0.15, 30.225, -4.025], "size": [0.15, 0.025, 2], "uv": [117, 108]},
						{"origin": [-0.47541, 30.24107, -4.025], "size": [0.325, 0.025, 2], "pivot": [-0.32541, 30.25357, -3.025], "rotation": [0, 0, 5.25], "uv": [117, 108], "mirror": true},
						{"origin": [1.83319, 30.8, -1.83132], "size": [3, 3, 1], "pivot": [3.73319, 32.5, -1.33132], "rotation": [-3.2993, -22.26923, 8.64954], "uv": [34, 59], "mirror": true},
						{"origin": [-4.83319, 30.8, -1.83132], "size": [3, 3, 1], "pivot": [-3.73319, 32.5, -1.33132], "rotation": [-3.2993, 22.26923, -8.64954], "uv": [34, 59]}
					]
				},
				{
					"name": "Face",
					"parent": "Head",
					"pivot": [0, 31.85, 0]
				},
				{
					"name": "Eyes",
					"parent": "Face",
					"pivot": [0, 31.9, -0.5]
				},
				{
					"name": "Eyelid",
					"parent": "Eyes",
					"pivot": [0, 31.9, -0.5]
				},
				{
					"name": "RightEyelid",
					"parent": "Eyelid",
					"pivot": [-2.5, 31.1, -3.525],
					"cubes": [
						{"origin": [-3.5, 30.89, -4.025], "size": [2, 2.02, 1], "uv": [42, 50]}
					]
				},
				{
					"name": "RightEyelidBase",
					"parent": "RightEyelid",
					"pivot": [-2.325, 31.9, -3.575],
					"cubes": [
						{"origin": [-3.025, 30.9, -4.075], "size": [1.4, 2, 1], "uv": [21, 53]}
					]
				},
				{
					"name": "RightPupil",
					"parent": "RightEyelidBase",
					"pivot": [-2.3275, 31.8875, -3.6075],
					"cubes": [
						{"origin": [-2.505, 31.71, -4.12], "size": [0.35, 0.63, 1], "uv": [120, 125]},
						{"origin": [-2.575, 31.61, -4.095], "size": [0.5, 0.8, 1], "uv": [120, 116]}
					]
				},
				{
					"name": "RightEyesDot",
					"parent": "RightEyelidBase",
					"pivot": [-4.82, 31.7425, -3.9925],
					"cubes": [
						{"origin": [-3.2, 31.8, -4.1], "size": [0.46, 0.25, 0.2], "uv": [21, 47]},
						{"origin": [-3.025, 30.91, -4.085], "size": [1.4, 0.45, 0.2], "uv": [121, 118]}
					]
				},
				{
					"name": "LeftEyelid",
					"parent": "Eyelid",
					"pivot": [2.5, 31.1, -3.525],
					"cubes": [
						{"origin": [1.5, 30.89, -4.025], "size": [2, 2.02, 1], "uv": [34, 40]}
					]
				},
				{
					"name": "LeftEyelidBase",
					"parent": "LeftEyelid",
					"pivot": [2.325, 31.9, -3.575],
					"cubes": [
						{"origin": [1.625, 30.9, -4.075], "size": [1.4, 2, 1], "uv": [61, 76]}
					]
				},
				{
					"name": "LeftPupil",
					"parent": "LeftEyelidBase",
					"pivot": [2.3275, 31.8875, -3.6075],
					"cubes": [
						{"origin": [2.075, 31.61, -4.095], "size": [0.5, 0.8, 1], "uv": [120, 115]},
						{"origin": [2.155, 31.71, -4.12], "size": [0.35, 0.63, 1], "uv": [124, 125]}
					]
				},
				{
					"name": "LeftEyesDot",
					"parent": "LeftEyelidBase",
					"pivot": [2.5675, 31.7425, -3.9925],
					"cubes": [
						{"origin": [1.625, 30.91, -4.085], "size": [1.4, 0.45, 0.2], "uv": [121, 118]},
						{"origin": [1.425, 31.8, -4.1], "size": [0.46, 0.25, 0.2], "uv": [23, 46]}
					]
				},
				{
					"name": "LeftEyebrow",
					"parent": "Eyes",
					"pivot": [2.875, 32.7, -3.7],
					"cubes": [
						{"origin": [1.375, 32.7, -4.2], "size": [2.3, 1, 1], "uv": [34, 8]},
						{"origin": [3.35, 32.425, -4.375], "size": [1.1, 1, 1], "uv": [12, 48]}
					]
				},
				{
					"name": "RightEyebrow",
					"parent": "Eyes",
					"pivot": [-2.875, 32.7, -3.7],
					"cubes": [
						{"origin": [-3.675, 32.7, -4.2], "size": [2.3, 1, 1], "uv": [28, 8]},
						{"origin": [-4.45, 32.425, -4.375], "size": [1.1, 1, 1], "uv": [42, 12]}
					]
				},
				{
					"name": "Mouth",
					"parent": "Face",
					"pivot": [0, 30.85, -2.41]
				},
				{
					"name": "Mouth1",
					"parent": "Mouth",
					"pivot": [-0.01026, 30.54535, -2.96],
					"cubes": [
						{"origin": [-0.175, 30.475, -3.01], "size": [0.4, 0.15, 0.1], "pivot": [0.125, 30.55, -3.01], "rotation": [0, 0, -37.5], "uv": [0, 0]},
						{"origin": [-0.425, 30.775, -3.01], "size": [0.4, 0.15, 0.1], "pivot": [0.15, 30.55, -3.01], "rotation": [0, 0, -37.5], "uv": [0, 0]},
						{"origin": [-0.175, 30.25, -3.01], "size": [0.35, 0.15, 0.1], "pivot": [0.125, 30.55, -3.01], "rotation": [0, 0, 50], "uv": [0, 0]},
						{"origin": [-0.9603, 30.49994, -3.01], "size": [0.4, 0.15, 0.1], "pivot": [-0.7353, 30.62494, -2.96], "rotation": [0, 0, -42], "uv": [0, 0]},
						{"origin": [-0.65, 30.275, -3.01], "size": [0.4, 0.15, 0.1], "pivot": [-0.275, 30.55, -3.01], "rotation": [0, 0, 50], "uv": [0, 0]},
						{"origin": [0.5603, 30.49994, -3.01], "size": [0.4, 0.15, 0.1], "pivot": [0.7353, 30.62494, -2.96], "rotation": [0, 0, 42], "uv": [0, 0]},
						{"origin": [0.25, 30.275, -3.01], "size": [0.4, 0.15, 0.1], "pivot": [0.275, 30.55, -3.01], "rotation": [0, 0, -50], "uv": [0, 0]},
						{"origin": [0.025, 30.775, -3.01], "size": [0.4, 0.15, 0.1], "pivot": [-0.15, 30.55, -3.01], "rotation": [0, 0, 37.5], "uv": [0, 0]}
					]
				},
				{
					"name": "Mouth2",
					"parent": "Mouth",
					"pivot": [0.0125, 30.61, -3.01],
					"cubes": [
						{"origin": [-0.575, 30.26, -3.01], "size": [1.175, 0.7, 0.1], "uv": [0, 0]},
						{"origin": [0.015, 30.49313, -3.01], "size": [0.575, 0.45, 0.1], "pivot": [0.44047, 30.85002, -2.9725], "rotation": [0, 0, -110], "uv": [0, 0]},
						{"origin": [-0.08953, 30.70442, -3.01], "size": [0.45, 0.45, 0.1], "pivot": [0.44047, 30.85002, -2.9725], "rotation": [0, 0, -135], "uv": [0, 0]},
						{"origin": [-0.08042, 30.73755, -3.01], "size": [0.525, 0.275, 0.1], "pivot": [0.44047, 30.85002, -2.9725], "rotation": [0, 0, 17.5], "uv": [0, 0]},
						{"origin": [-0.59, 30.49313, -3.01], "size": [0.575, 0.45, 0.1], "pivot": [-0.44047, 30.85002, -2.9725], "rotation": [0, 0, 110], "uv": [0, 0]},
						{"origin": [-0.36047, 30.70442, -3.01], "size": [0.45, 0.45, 0.1], "pivot": [-0.44047, 30.85002, -2.9725], "rotation": [0, 0, 135], "uv": [0, 0]},
						{"origin": [-0.44458, 30.73755, -3.01], "size": [0.525, 0.275, 0.1], "pivot": [-0.44047, 30.85002, -2.9725], "rotation": [0, 0, -17.5], "uv": [0, 0]}
					]
				},
				{
					"name": "Mouth3",
					"parent": "Mouth",
					"pivot": [-0.00142, 30.47428, -2.96],
					"cubes": [
						{"origin": [-0.175, 30.675, -3.01], "size": [0.4, 0.35, 0.1], "pivot": [0.125, 30.95, -3.01], "rotation": [0, 0, -37.5], "uv": [0, 0]},
						{"origin": [-0.425, 30.8, -3.01], "size": [0.4, 0.525, 0.1], "pivot": [0.15, 30.95, -3.01], "rotation": [0, 0, -37.5], "uv": [0, 0]},
						{"origin": [-0.175, 30.65, -3.01], "size": [0.35, 0.15, 0.1], "pivot": [0.125, 30.95, -3.01], "rotation": [0, 0, 50], "uv": [0, 0]},
						{"origin": [-0.9603, 30.67494, -3.01], "size": [0.4, 0.375, 0.1], "pivot": [-0.7353, 31.02494, -2.96], "rotation": [0, 0, -42], "uv": [0, 0]},
						{"origin": [-1.6103, 30.09994, -3.01], "size": [0.7, 1.075, 0.1], "pivot": [-0.7353, 31.02494, -2.96], "rotation": [0, 0, -77], "uv": [0, 0]},
						{"origin": [0.9103, 30.04994, -3.01], "size": [0.7, 1.125, 0.1], "pivot": [0.7353, 31.02494, -2.96], "rotation": [0, 0, 77], "uv": [0, 0]},
						{"origin": [1.6103, 30.79994, -3.01], "size": [0.2, 0.375, 0.1], "pivot": [0.7353, 31.02494, -2.96], "rotation": [0, 0, 77], "uv": [0, 0]},
						{"origin": [1.6103, 30.42494, -3.01], "size": [0.1, 0.375, 0.1], "pivot": [0.7353, 31.02494, -2.96], "rotation": [0, 0, 77], "uv": [0, 0]},
						{"origin": [1.6103, 30.32494, -3.01], "size": [0.1, 0.175, 0.1], "pivot": [0.7353, 31.02494, -2.96], "rotation": [0, 0, 77], "uv": [0, 0]},
						{"origin": [-1.7103, 30.32494, -3.01], "size": [0.1, 0.175, 0.1], "pivot": [-0.7353, 31.02494, -2.96], "rotation": [0, 0, -77], "uv": [0, 0]},
						{"origin": [-1.7353, 30.47494, -3.01], "size": [0.125, 0.325, 0.1], "pivot": [-0.7353, 31.02494, -2.96], "rotation": [0, 0, -77], "uv": [0, 0]},
						{"origin": [-1.8103, 30.79994, -3.01], "size": [0.2, 0.375, 0.1], "pivot": [-0.7353, 31.02494, -2.96], "rotation": [0, 0, -77], "uv": [0, 0]},
						{"origin": [1.7353, 29.14994, -3.01], "size": [0.1, 2.25, 0.1], "pivot": [0.7353, 31.02494, -2.96], "rotation": [0, 0, 89.5], "uv": [0, 0]},
						{"origin": [-0.65, 30.675, -3.01], "size": [0.4, 0.15, 0.1], "pivot": [-0.275, 30.95, -3.01], "rotation": [0, 0, 50], "uv": [0, 0]},
						{"origin": [0.5603, 30.69994, -3.01], "size": [0.4, 0.35, 0.1], "pivot": [0.7353, 31.02494, -2.96], "rotation": [0, 0, 42], "uv": [0, 0]},
						{"origin": [0.25, 30.675, -3.01], "size": [0.4, 0.15, 0.1], "pivot": [0.275, 30.95, -3.01], "rotation": [0, 0, -50], "uv": [0, 0]},
						{"origin": [0.025, 30.95, -3.01], "size": [0.4, 0.375, 0.1], "pivot": [-0.15, 30.95, -3.01], "rotation": [0, 0, 37.5], "uv": [0, 0]}
					]
				},
				{
					"name": "Mouth4",
					"parent": "Mouth",
					"pivot": [0, 30.6321, -2.96],
					"cubes": [
						{"origin": [-0.02418, 30.77735, -3.01], "size": [0.925, 0.15, 0.1], "pivot": [0.43832, 30.85235, -3.01], "rotation": [0, 0, 8.25], "uv": [0, 0]},
						{"origin": [0.34582, 30.86735, -3.02], "size": [0.2, 0.2, 0.1], "pivot": [0.43832, 30.85235, -3.01], "rotation": [0, 0, 53.25], "uv": [0, 0]},
						{"origin": [-0.6, 30.1, -3.01], "size": [1.2, 0.75, 0.1], "uv": [0, 0]},
						{"origin": [0.02193, 30.32739, -3.01], "size": [0.675, 0.4, 0.1], "pivot": [0.48943, 30.66739, -3.01], "rotation": [0, 0, -65], "uv": [0, 0]},
						{"origin": [-0.90082, 30.77735, -3.01], "size": [0.925, 0.15, 0.1], "pivot": [-0.43832, 30.85235, -3.01], "rotation": [0, 0, -8.25], "uv": [0, 0]},
						{"origin": [-0.69693, 30.32739, -3.01], "size": [0.675, 0.4, 0.1], "pivot": [-0.48943, 30.66739, -3.01], "rotation": [0, 0, 65], "uv": [0, 0]}
					]
				},
				{
					"name": "Mouth5",
					"parent": "Mouth",
					"pivot": [0, 30.43939, -2.96],
					"cubes": [
						{"origin": [-0.0625, 30.33912, -3.01], "size": [0.125, 0.125, 0.1], "uv": [0, 0]},
						{"origin": [-0.25173, 30.36738, -3.01], "size": [0.25, 0.125, 0.1], "pivot": [-0.07673, 30.44238, -3.01], "rotation": [0, 0, 32], "uv": [0, 0]},
						{"origin": [0.00173, 30.36738, -3.01], "size": [0.25, 0.125, 0.1], "pivot": [0.07673, 30.44238, -3.01], "rotation": [0, 0, -32], "uv": [0, 0]}
					]
				},
				{
					"name": "Mouth6",
					"parent": "Mouth",
					"pivot": [-0.003, 31.02299, -0.09928],
					"cubes": [
						{"origin": [-0.15015, 30.72827, -0.15762], "size": [0.3003, 0.3003, 0.14024], "pivot": [0, 31.07061, -0.0375], "rotation": [-12.5, 0, 0], "uv": [0, 0]},
						{"origin": [-0.43844, 30.92046, -0.15762], "size": [0.85285, 0.68468, 0.14024], "pivot": [0, 31.07061, -0.0375], "rotation": [-12.5, 0, 0], "uv": [0, 0]},
						{"origin": [-0.28656, 30.7128, -0.15762], "size": [0.36036, 0.3003, 0.14024], "pivot": [0, 31.07061, -0.0375], "rotation": [-10.64776, 6.58606, 31.38559], "uv": [0, 0]},
						{"origin": [-0.0738, 30.7128, -0.15762], "size": [0.36036, 0.3003, 0.14024], "pivot": [0, 31.07061, -0.0375], "rotation": [-10.64776, -6.58606, -31.38559], "uv": [0, 0]}
					]
				},
				{
					"name": "Mouth7",
					"parent": "Mouth6",
					"pivot": [0.18434, 30.97634, -0.05762],
					"cubes": [
						{"origin": [-0.77643, 31.50046, -0.05762], "size": [0.77285, 0.18468, 0.24024], "uv": [0, 0]},
						{"origin": [0.00357, 31.50046, -0.05762], "size": [0.77285, 0.18468, 0.24024], "uv": [0, 0], "mirror": true}
					]
				},
				{
					"name": "Hair",
					"parent": "Head",
					"pivot": [-0.14783, 34.51957, -0.12826]
				},
				{
					"name": "TopHair",
					"parent": "Hair",
					"pivot": [0, 13.05, -0.75],
					"cubes": [
						{"origin": [1.499, 34.775, -5.55], "size": [1, 3, 1], "uv": [63, 60]},
						{"origin": [-1.5, 35.775, -5.375], "size": [3, 2, 1], "uv": [42, 33]},
						{"origin": [-2.495, 34.775, -5.225], "size": [1, 3, 1], "uv": [34, 63]},
						{"origin": [-4.3375, 33.575, -4.7], "size": [1, 2.575, 3], "uv": [43, 55]},
						{"origin": [-4.5, 30.15, -3.2], "size": [1, 8, 6], "uv": [20, 25]},
						{"origin": [-3, 31.425, 2.5], "size": [6, 6, 1], "uv": [0, 41]},
						{"origin": [-4, 30.35, 2.45], "size": [8, 7, 1], "uv": [28, 0]},
						{"origin": [-2.975, 38.05, -4.35], "size": [6, 1, 7], "uv": [0, 23]},
						{"origin": [2, 38.45, -2.35], "size": [1, 1, 3], "uv": [100, 5]},
						{"origin": [-3, 38.45, -2.35], "size": [1, 1, 3], "uv": [100, 26]},
						{"origin": [-2, 38.45, -3.35], "size": [4, 1, 5], "uv": [69, 42]},
						{"origin": [-2, 36.75, -4.95], "size": [4, 2, 1], "uv": [56, 21]},
						{"origin": [-4, 37.35, -4.55], "size": [8, 1, 8], "uv": [0, 14]},
						{"origin": [-3.975, 38.05, -3.35], "size": [1, 1, 5], "uv": [46, 12]},
						{"origin": [3.025, 38.05, -3.35], "size": [1, 1, 5], "uv": [45, 44]},
						{"origin": [-3.5, 33.675, -5.125], "size": [1, 3.65, 1], "uv": [41, 62]},
						{"origin": [-5.91253, 35.91813, 0.13833], "size": [2.025, 2, 1.525], "pivot": [-4.27503, 37.29313, 1.13833], "rotation": [-91.88605, -77.46172, 21.94474], "uv": [64, 98]},
						{"origin": [-4.85, 36.5, 1.475], "size": [1.125, 1.175, 1.95], "uv": [64, 98]},
						{"origin": [3.88753, 35.91813, 0.13833], "size": [2.025, 2, 1.525], "pivot": [4.27503, 37.29313, 1.13833], "rotation": [-91.88605, 77.46172, -21.94474], "uv": [64, 98], "mirror": true},
						{"origin": [3.725, 36.5, 1.475], "size": [1.125, 1.175, 1.95], "uv": [64, 98], "mirror": true},
						{"origin": [3.95282, 38.347, -1.32343], "size": [0.725, 0.1, 0.1], "pivot": [4.57554, 38.42537, -1.31502], "rotation": [-4.3284, -12.53505, -4.2744], "uv": [119, 100]},
						{"origin": [3.96677, 38.27363, -1.32343], "size": [0.725, 0.1, 0.1], "pivot": [4.57554, 38.42537, -1.31502], "rotation": [-5.73576, -11.96426, 2.35154], "uv": [119, 100]},
						{"origin": [3.89315, 38.41417, -1.2493], "size": [0.725, 0.1, 0.1], "pivot": [4.57554, 38.42537, -1.31502], "rotation": [-4.41281, -12.77109, -4.25591], "uv": [119, 100]},
						{"origin": [3.89988, 38.33362, -1.2493], "size": [0.725, 0.1, 0.1], "pivot": [4.57554, 38.42537, -1.31502], "rotation": [-5.84728, -12.18922, 2.37487], "uv": [119, 100]},
						{"origin": [3.84592, 38.60839, -1.525], "size": [0.725, 0.1, 0.1], "pivot": [4.57554, 38.42537, -1.31502], "rotation": [0, 0, -13.5], "uv": [119, 100]},
						{"origin": [3.97582, 38.24631, -1.525], "size": [0.725, 0.1, 0.1], "pivot": [4.61671, 38.22774, -1.475], "rotation": [0, 0, 10], "uv": [119, 100]},
						{"origin": [3.87582, 38.39631, -1.325], "size": [0.725, 0.1, 0.1], "pivot": [4.51671, 38.37774, -1.275], "rotation": [7.31972, 26.24185, 20.45337], "uv": [119, 100]},
						{"origin": [3.87582, 38.39631, -1.1], "size": [0.725, 0.1, 0.1], "pivot": [4.51671, 38.37774, -1.05], "rotation": [2.34145, 13.04512, 18.76774], "uv": [119, 100]},
						{"origin": [3.79622, 38.06167, -0.925], "size": [0.725, 0.1, 0.1], "pivot": [4.42621, 37.98215, -0.60252], "rotation": [0, 0, 33.75], "uv": [119, 100]},
						{"origin": [3.80858, 38.13596, -0.925], "size": [0.725, 0.1, 0.1], "pivot": [4.42621, 37.98215, -0.60252], "rotation": [0, 0, 27.25], "uv": [119, 100]},
						{"origin": [3.76594, 37.9178, -0.42726], "size": [0.725, 0.1, 0.1], "pivot": [4.42621, 37.98215, -0.60252], "rotation": [-5.84728, -12.18922, 34.37487], "uv": [119, 100]},
						{"origin": [4.4324, 37.92773, -0.42726], "size": [0.475, 0.1, 0.1], "pivot": [4.42621, 37.98215, -0.60252], "rotation": [-8.26824, -10.70912, 46.5263], "uv": [119, 100]},
						{"origin": [4.4124, 38.00388, -0.42726], "size": [0.475, 0.1, 0.1], "pivot": [4.42621, 37.98215, -0.60252], "rotation": [-6.99808, -11.57348, 39.96008], "uv": [119, 100]},
						{"origin": [3.76221, 37.99644, -0.42726], "size": [0.725, 0.1, 0.1], "pivot": [4.42621, 37.98215, -0.60252], "rotation": [-4.41281, -12.77109, 27.74409], "uv": [119, 100]},
						{"origin": [4.10254, 38.10014, -1.375], "size": [0.4, 0.775, 0.875], "pivot": [4.73011, 38.1521, -1.7], "rotation": [0, 0, 25.25], "uv": [119, 100]},
						{"origin": [4.10254, 38.10014, -2.25], "size": [0.4, 0.775, 0.875], "pivot": [4.73011, 38.1521, -1.7], "rotation": [0, 0, 25.25], "uv": [119, 100]},
						{"origin": [4.10254, 37.90014, -2.25], "size": [0.575, 0.65, 1.8], "pivot": [4.73011, 38.1521, -1.7], "rotation": [0, 0, 25.25], "uv": [119, 100]},
						{"origin": [-4.50254, 38.10014, -2.25], "size": [0.4, 0.775, 0.875], "pivot": [-4.73011, 38.1521, -1.7], "rotation": [0, 0, -25.25], "uv": [119, 100], "mirror": true},
						{"origin": [-4.50254, 38.10014, -1.375], "size": [0.4, 0.775, 0.875], "pivot": [-4.73011, 38.1521, -1.7], "rotation": [0, 0, -25.25], "uv": [119, 100], "mirror": true},
						{"origin": [-4.67754, 37.90014, -2.25], "size": [0.575, 0.65, 1.8], "pivot": [-4.73011, 38.1521, -1.7], "rotation": [0, 0, -25.25], "uv": [119, 100], "mirror": true}
					]
				},
				{
					"name": "bone16",
					"parent": "TopHair",
					"pivot": [3.03125, 37.625, -4],
					"cubes": [
						{"origin": [3.3875, 33.575, -4.75], "size": [1, 2.975, 3], "uv": [0, 14]},
						{"origin": [2.525, 33.675, -5.25], "size": [1, 3.75, 1], "uv": [45, 62]}
					]
				},
				{
					"name": "erduo",
					"parent": "TopHair",
					"pivot": [3.04573, 38.77401, -1.90333],
					"rotation": [-6.30288, 15.05855, 5.17206],
					"cubes": [
						{"origin": [3.23311, 39.38032, -1.91872], "size": [2.025, 0.275, 0.95], "pivot": [4.55811, 39.51782, -1.64372], "rotation": [0, 0, -10.25], "uv": [118, 102]},
						{"origin": [4.14106, 39.35389, -1.91872], "size": [0.775, 0.4, 0.95], "pivot": [4.52856, 39.60389, -1.44372], "rotation": [0, 0, -22.5], "uv": [118, 102]},
						{"origin": [1.62453, 39.10723, -1.21872], "size": [1.725, 0.275, 0.95], "pivot": [3.38057, 39.17039, -0.74372], "rotation": [-9.37201, 7.84794, -19.96915], "uv": [118, 102]},
						{"origin": [3.26279, 39.09144, -0.99372], "size": [1.6, 0.275, 0.725], "pivot": [3.38057, 39.17039, -0.74372], "rotation": [-8.11483, 9.14242, -11.47474], "uv": [118, 102]},
						{"origin": [1.60685, 39.09063, -1.91872], "size": [1.725, 0.275, 0.95], "pivot": [3.09435, 39.25313, -1.64372], "rotation": [0, 0, -18.75], "uv": [118, 102]},
						{"origin": [3.06204, 38.3539, -2.83731], "size": [1.75, 0.225, 0.275], "pivot": [4.73704, 37.5664, -2.69981], "rotation": [-3.38448, -2.13322, -32.18697], "uv": [116, 103]},
						{"origin": [3.36923, 38.42843, -2.28001], "size": [0.45, 0.225, 0.275], "pivot": [4.67819, 38.70147, -0.28059], "rotation": [-23.31298, -67.34522, -17.21707], "uv": [118, 90]},
						{"origin": [4.36862, 38.42843, -2.67251], "size": [0.45, 0.225, 0.275], "pivot": [4.67819, 38.70147, -0.28059], "rotation": [-10.36678, -32.10186, -33.35147], "uv": [116, 103]},
						{"origin": [4.49234, 38.42843, -2.62733], "size": [0.775, 0.225, 0.275], "pivot": [4.67819, 38.70147, -0.28059], "rotation": [-8.93041, -10.89743, -37.2025], "uv": [116, 103]},
						{"origin": [3.7113, 38.42843, -2.62625], "size": [0.975, 0.225, 0.275], "pivot": [4.67819, 38.70147, -0.28059], "rotation": [-8.81608, -5.95719, -37.98192], "uv": [116, 103]},
						{"origin": [2.36149, 38.36164, -2.67742], "size": [1.75, 0.225, 0.275], "pivot": [4.67819, 38.70147, -0.28059], "rotation": [-8.97658, -1.2086, -31.88458], "uv": [116, 103]},
						{"origin": [3.26923, 38.62843, -2.18001], "size": [0.45, 0.225, 0.275], "pivot": [4.57819, 38.90147, -0.18059], "rotation": [-23.31298, -67.34522, -17.21707], "uv": [118, 90]},
						{"origin": [4.26862, 38.62843, -2.57251], "size": [0.45, 0.225, 0.275], "pivot": [4.57819, 38.90147, -0.18059], "rotation": [-10.36678, -32.10186, -33.35147], "uv": [116, 103]},
						{"origin": [4.39234, 38.62843, -2.52733], "size": [0.775, 0.225, 0.275], "pivot": [4.57819, 38.90147, -0.18059], "rotation": [-8.93041, -10.89743, -37.2025], "uv": [116, 103]},
						{"origin": [3.6113, 38.62843, -2.52625], "size": [0.975, 0.225, 0.275], "pivot": [4.57819, 38.90147, -0.18059], "rotation": [-8.81608, -5.95719, -37.98192], "uv": [116, 103]},
						{"origin": [2.26149, 38.56164, -2.57742], "size": [1.75, 0.225, 0.275], "pivot": [4.57819, 38.90147, -0.18059], "rotation": [-8.97658, -1.2086, -31.88458], "uv": [116, 103]},
						{"origin": [3.11923, 38.65343, -2.08001], "size": [0.45, 0.225, 0.275], "pivot": [4.42819, 38.92647, -0.08059], "rotation": [-23.31298, -67.34522, -17.21707], "uv": [116, 103]},
						{"origin": [4.11862, 38.65343, -2.47251], "size": [0.45, 0.225, 0.275], "pivot": [4.42819, 38.92647, -0.08059], "rotation": [-10.36678, -32.10186, -33.35147], "uv": [116, 103]},
						{"origin": [1.98649, 38.61164, -2.37742], "size": [1.75, 0.225, 0.275], "pivot": [4.30319, 38.95147, 0.01941], "rotation": [-8.97658, -1.2086, -31.88458], "uv": [116, 103]},
						{"origin": [3.3363, 38.67843, -2.32625], "size": [0.975, 0.225, 0.275], "pivot": [4.30319, 38.95147, 0.01941], "rotation": [-8.81608, -5.95719, -37.98192], "uv": [116, 103]},
						{"origin": [4.11734, 38.67843, -2.32733], "size": [0.775, 0.225, 0.275], "pivot": [4.30319, 38.95147, 0.01941], "rotation": [-8.93041, -10.89743, -37.2025], "uv": [116, 103]},
						{"origin": [2.99423, 38.67843, -1.98001], "size": [0.45, 0.225, 0.275], "pivot": [4.30319, 38.95147, 0.01941], "rotation": [-23.31298, -67.34522, -17.21707], "uv": [116, 103]},
						{"origin": [3.99362, 38.67843, -2.37251], "size": [0.45, 0.225, 0.275], "pivot": [4.30319, 38.95147, 0.01941], "rotation": [-10.36678, -32.10186, -33.35147], "uv": [116, 103]},
						{"origin": [1.81149, 38.58664, -2.37742], "size": [1.75, 0.225, 0.275], "pivot": [4.12819, 38.92647, 0.01941], "rotation": [-8.97658, -1.2086, -31.88458], "uv": [116, 103]},
						{"origin": [3.1613, 38.65343, -2.32625], "size": [0.975, 0.225, 0.275], "pivot": [4.12819, 38.92647, 0.01941], "rotation": [-8.81608, -5.95719, -37.98192], "uv": [116, 103]},
						{"origin": [3.94234, 38.65343, -2.32733], "size": [0.775, 0.225, 0.275], "pivot": [4.12819, 38.92647, 0.01941], "rotation": [-8.93041, -10.89743, -37.2025], "uv": [116, 103]},
						{"origin": [2.81923, 38.65343, -1.98001], "size": [0.45, 0.225, 0.275], "pivot": [4.12819, 38.92647, 0.01941], "rotation": [-23.31298, -67.34522, -17.21707], "uv": [116, 103]},
						{"origin": [3.81862, 38.65343, -2.37251], "size": [0.45, 0.225, 0.275], "pivot": [4.12819, 38.92647, 0.01941], "rotation": [-10.36678, -32.10186, -33.35147], "uv": [116, 103]},
						{"origin": [1.68649, 38.53664, -2.37742], "size": [1.75, 0.225, 0.275], "pivot": [4.00319, 38.87647, 0.01941], "rotation": [-8.97658, -1.2086, -31.88458], "uv": [116, 103]},
						{"origin": [3.0363, 38.60343, -2.32625], "size": [0.975, 0.225, 0.275], "pivot": [4.00319, 38.87647, 0.01941], "rotation": [-8.81608, -5.95719, -37.98192], "uv": [116, 103]},
						{"origin": [3.81734, 38.60343, -2.32733], "size": [0.775, 0.225, 0.275], "pivot": [4.00319, 38.87647, 0.01941], "rotation": [-8.93041, -10.89743, -37.2025], "uv": [116, 103]},
						{"origin": [1.63049, 38.92785, -2.29753], "size": [1.75, 0.225, 0.275], "pivot": [3.87275, 39.14969, -1.89582], "rotation": [-8.97658, -1.2086, -28.13458], "uv": [116, 103]},
						{"origin": [3.12395, 38.98507, -2.25636], "size": [0.975, 0.225, 0.275], "pivot": [3.87275, 39.14969, -1.89582], "rotation": [-8.81608, -5.95719, -34.23192], "uv": [116, 103]},
						{"origin": [4.43155, 38.98507, -3.18835], "size": [0.45, 0.225, 0.275], "pivot": [3.87275, 39.14969, -1.89582], "rotation": [-23.31298, -67.34522, -13.46707], "uv": [116, 103]},
						{"origin": [4.64411, 38.98507, -2.6085], "size": [0.45, 0.225, 0.275], "pivot": [3.87275, 39.14969, -1.89582], "rotation": [-10.36678, -32.10186, -29.60147], "uv": [116, 103]},
						{"origin": [4.07718, 38.98507, -2.284], "size": [0.775, 0.225, 0.275], "pivot": [3.87275, 39.14969, -1.89582], "rotation": [-8.93041, -10.89743, -33.4525], "uv": [116, 103]},
						{"origin": [1.55549, 38.97785, -2.22253], "size": [1.75, 0.225, 0.275], "pivot": [3.79775, 39.19969, -1.82082], "rotation": [-8.97658, -1.2086, -22.13458], "uv": [116, 103]},
						{"origin": [3.04895, 39.03507, -2.18136], "size": [0.975, 0.225, 0.275], "pivot": [3.79775, 39.19969, -1.82082], "rotation": [-8.81608, -5.95719, -28.23192], "uv": [116, 103]},
						{"origin": [4.35655, 39.03507, -3.11335], "size": [0.45, 0.225, 0.275], "pivot": [3.79775, 39.19969, -1.82082], "rotation": [-23.31298, -67.34522, -7.46707], "uv": [116, 103]},
						{"origin": [4.56911, 39.03507, -2.5335], "size": [0.45, 0.225, 0.275], "pivot": [3.79775, 39.19969, -1.82082], "rotation": [-10.36678, -32.10186, -23.60147], "uv": [116, 103]},
						{"origin": [4.00218, 39.03507, -2.209], "size": [0.775, 0.225, 0.275], "pivot": [3.79775, 39.19969, -1.82082], "rotation": [-8.93041, -10.89743, -27.4525], "uv": [116, 103]},
						{"origin": [1.55549, 39.02785, -2.12253], "size": [1.75, 0.225, 0.275], "pivot": [3.79775, 39.24969, -1.72082], "rotation": [-8.97658, -1.2086, -15.88458], "uv": [116, 103]},
						{"origin": [3.04895, 39.08507, -2.08136], "size": [0.975, 0.225, 0.275], "pivot": [3.79775, 39.24969, -1.72082], "rotation": [-8.81608, -5.95719, -21.98192], "uv": [116, 103]},
						{"origin": [4.35655, 39.08507, -3.01335], "size": [0.45, 0.225, 0.275], "pivot": [3.79775, 39.24969, -1.72082], "rotation": [-23.31298, -67.34522, -1.21707], "uv": [116, 103]},
						{"origin": [4.56911, 39.08507, -2.4335], "size": [0.45, 0.225, 0.275], "pivot": [3.79775, 39.24969, -1.72082], "rotation": [-10.36678, -32.10186, -17.35147], "uv": [116, 103]},
						{"origin": [4.00218, 39.08507, -2.109], "size": [0.775, 0.225, 0.275], "pivot": [3.79775, 39.24969, -1.72082], "rotation": [-8.93041, -10.89743, -21.2025], "uv": [116, 103]},
						{"origin": [1.55549, 39.07785, -2.02253], "size": [1.75, 0.225, 0.275], "pivot": [3.79775, 39.29969, -1.62082], "rotation": [-8.97658, -1.2086, -11.13458], "uv": [116, 103]},
						{"origin": [3.04895, 39.13507, -1.98136], "size": [0.975, 0.225, 0.275], "pivot": [3.79775, 39.29969, -1.62082], "rotation": [-8.81608, -5.95719, -17.23192], "uv": [116, 103]},
						{"origin": [4.35655, 39.13507, -2.91335], "size": [0.45, 0.225, 0.275], "pivot": [3.79775, 39.29969, -1.62082], "rotation": [-23.31298, -67.34522, 3.53293], "uv": [116, 103]},
						{"origin": [4.56911, 39.13507, -2.3335], "size": [0.45, 0.225, 0.275], "pivot": [3.79775, 39.29969, -1.62082], "rotation": [-10.36678, -32.10186, -12.60147], "uv": [116, 103]},
						{"origin": [4.00218, 39.13507, -2.009], "size": [0.775, 0.225, 0.275], "pivot": [3.79775, 39.29969, -1.62082], "rotation": [-8.93041, -10.89743, -16.4525], "uv": [116, 103]},
						{"origin": [2.69423, 38.60343, -1.98001], "size": [0.45, 0.225, 0.275], "pivot": [4.00319, 38.87647, 0.01941], "rotation": [-23.31298, -67.34522, -17.21707], "uv": [116, 103]},
						{"origin": [3.69362, 38.60343, -2.37251], "size": [0.45, 0.225, 0.275], "pivot": [4.00319, 38.87647, 0.01941], "rotation": [-10.36678, -32.10186, -33.35147], "uv": [116, 103]},
						{"origin": [4.24234, 38.65343, -2.42733], "size": [0.775, 0.225, 0.275], "pivot": [4.42819, 38.92647, -0.08059], "rotation": [-8.93041, -10.89743, -37.2025], "uv": [116, 103]},
						{"origin": [3.4613, 38.65343, -2.42625], "size": [0.975, 0.225, 0.275], "pivot": [4.42819, 38.92647, -0.08059], "rotation": [-8.81608, -5.95719, -37.98192], "uv": [116, 103]},
						{"origin": [2.11149, 38.58664, -2.47742], "size": [1.75, 0.225, 0.275], "pivot": [4.42819, 38.92647, -0.08059], "rotation": [-8.97658, -1.2086, -31.88458], "uv": [116, 103]},
						{"origin": [4.81075, 38.9549, -2.62538], "size": [0.775, 0.225, 0.275], "pivot": [5.19825, 39.0674, -2.51288], "rotation": [-3.16856, -11.25296, -38.44944], "uv": [117, 93]},
						{"origin": [5.5078, 38.95079, -2.75089], "size": [0.45, 0.225, 0.275], "pivot": [5.1953, 39.06329, -2.48839], "rotation": [-3.69425, -32.71554, -37.06977], "uv": [118, 90]},
						{"origin": [5.70507, 39.27046, -2.54034], "size": [0.45, 0.225, 0.275], "pivot": [5.60507, 39.38296, -2.30284], "rotation": [-8.71993, -69.04827, -30.91696], "uv": [118, 90]},
						{"origin": [5.68156, 39.44368, -1.72528], "size": [0.45, 0.225, 0.275], "pivot": [5.90656, 39.58118, -1.63778], "rotation": [-59.34262, -79.71685, 20.3953], "uv": [118, 90]},
						{"origin": [5.73374, 39.36479, -1.33179], "size": [0.45, 0.225, 0.275], "pivot": [5.95874, 39.50229, -1.19429], "rotation": [-70.39609, -74.25857, 31.72543], "uv": [118, 90]},
						{"origin": [6.03577, 39.38414, -1.44009], "size": [0.45, 0.225, 0.275], "pivot": [5.93577, 39.49664, -1.20259], "rotation": [-133.6255, -53.88104, 102.83721], "uv": [118, 90]},
						{"origin": [5.8967, 39.10629, -0.83013], "size": [0.45, 0.225, 0.275], "pivot": [5.9467, 39.21879, -0.71763], "rotation": [-143.70683, -43.8741, 116.14337], "uv": [118, 90]},
						{"origin": [5.47922, 38.73343, -0.48144], "size": [3.25, 0.225, 0.275], "pivot": [5.70422, 38.84593, -0.39394], "rotation": [-153.70653, -15.58033, 135.55953], "uv": [116, 103]},
						{"origin": [5.33374, 39.48979, -1.33179], "size": [0.45, 0.225, 0.275], "pivot": [5.55874, 39.62729, -1.19429], "rotation": [-70.39609, -74.25857, 31.72543], "uv": [118, 90]},
						{"origin": [5.10874, 39.58979, -1.33179], "size": [0.45, 0.225, 0.275], "pivot": [5.33374, 39.72729, -1.19429], "rotation": [-70.39609, -74.25857, 31.72543], "uv": [116, 103]},
						{"origin": [5.63577, 39.50914, -1.44009], "size": [0.45, 0.225, 0.275], "pivot": [5.53577, 39.62164, -1.20259], "rotation": [-133.6255, -53.88104, 102.83721], "uv": [116, 103]},
						{"origin": [5.41077, 39.60914, -1.44009], "size": [0.45, 0.225, 0.275], "pivot": [5.31077, 39.72164, -1.20259], "rotation": [-133.6255, -53.88104, 102.83721], "uv": [116, 103]},
						{"origin": [5.4967, 39.23129, -0.83013], "size": [0.45, 0.225, 0.275], "pivot": [5.5467, 39.34379, -0.71763], "rotation": [-143.70683, -43.8741, 116.14337], "uv": [116, 103]},
						{"origin": [5.2717, 39.33129, -0.83013], "size": [0.45, 0.225, 0.275], "pivot": [5.3217, 39.44379, -0.71763], "rotation": [-143.70683, -43.8741, 116.14337], "uv": [116, 103]},
						{"origin": [4.85422, 38.95843, -0.48144], "size": [3.25, 0.225, 0.275], "pivot": [5.07922, 39.07093, -0.39394], "rotation": [-153.70653, -15.58033, 135.55953], "uv": [116, 103]},
						{"origin": [5.07922, 38.85843, -0.48144], "size": [3.25, 0.225, 0.275], "pivot": [5.30422, 38.97093, -0.39394], "rotation": [-153.70653, -15.58033, 135.55953], "uv": [116, 103]},
						{"origin": [4.90874, 39.61479, -1.33179], "size": [0.45, 0.225, 0.275], "pivot": [5.13374, 39.75229, -1.19429], "rotation": [-70.39609, -74.25857, 31.72543], "uv": [116, 103]},
						{"origin": [5.21077, 39.63414, -1.44009], "size": [0.45, 0.225, 0.275], "pivot": [5.11077, 39.74664, -1.20259], "rotation": [-133.6255, -53.88104, 102.83721], "uv": [116, 103]},
						{"origin": [4.98577, 39.73414, -1.44009], "size": [0.45, 0.225, 0.275], "pivot": [4.88577, 39.84664, -1.20259], "rotation": [-133.6255, -53.88104, 102.83721], "uv": [116, 103]},
						{"origin": [4.8467, 39.45629, -0.83013], "size": [0.45, 0.225, 0.275], "pivot": [4.8967, 39.56879, -0.71763], "rotation": [-143.70683, -43.8741, 116.14337], "uv": [116, 103]},
						{"origin": [5.0717, 39.35629, -0.83013], "size": [0.45, 0.225, 0.275], "pivot": [5.1217, 39.46879, -0.71763], "rotation": [-143.70683, -43.8741, 116.14337], "uv": [116, 103]},
						{"origin": [4.42922, 39.08343, -0.48144], "size": [3.25, 0.225, 0.275], "pivot": [4.65422, 39.19593, -0.39394], "rotation": [-153.70653, -15.58033, 135.55953], "uv": [116, 103]},
						{"origin": [3.62715, 38.95337, -1.14378], "size": [3.25, 0.225, 0.275], "pivot": [4.13022, 39.04519, -0.70577], "rotation": [-159.78168, -14.88688, 133.43578], "uv": [116, 103]},
						{"origin": [1.70794, 38.10317, -0.15753], "size": [3.075, 0.275, 0.275], "pivot": [3.15794, 38.59067, -0.09503], "rotation": [176.21832, -14.88688, 133.43578], "uv": [116, 103]},
						{"origin": [2.08294, 38.37817, -0.00753], "size": [2.7, 0.275, 0.275], "pivot": [3.15794, 38.59067, -0.09503], "rotation": [176.21832, -14.88688, 133.43578], "uv": [116, 103]},
						{"origin": [2.25794, 38.60317, -0.00753], "size": [2.525, 0.2, 0.275], "pivot": [3.15794, 38.59067, -0.09503], "rotation": [176.21832, -14.88688, 133.43578], "uv": [116, 103]},
						{"origin": [4.65422, 38.98343, -0.48144], "size": [3.25, 0.225, 0.275], "pivot": [4.87922, 39.09593, -0.39394], "rotation": [-153.70653, -15.58033, 135.55953], "uv": [116, 103]},
						{"origin": [5.45656, 39.54368, -1.72528], "size": [0.45, 0.225, 0.275], "pivot": [5.68156, 39.68118, -1.63778], "rotation": [-59.34262, -79.71685, 20.3953], "uv": [118, 90]},
						{"origin": [5.53156, 39.76868, -1.67528], "size": [0.45, 0.225, 0.275], "pivot": [5.68156, 39.68118, -1.63778], "rotation": [-59.34262, -79.71685, 20.3953], "uv": [118, 90]},
						{"origin": [5.65656, 39.91868, -1.62528], "size": [0.45, 0.225, 0.275], "pivot": [5.68156, 39.68118, -1.63778], "rotation": [-59.34262, -79.71685, 20.3953], "uv": [116, 103]},
						{"origin": [5.74515, 40.17059, -1.15418], "size": [0.45, 0.225, 0.275], "pivot": [5.69515, 39.88309, -1.66668], "rotation": [-59.34262, -79.71685, 20.3953], "uv": [116, 103]},
						{"origin": [5.50874, 39.46479, -1.33179], "size": [0.45, 0.225, 0.275], "pivot": [5.73374, 39.60229, -1.19429], "rotation": [-70.39609, -74.25857, 31.72543], "uv": [118, 90]},
						{"origin": [5.81077, 39.48414, -1.44009], "size": [0.45, 0.225, 0.275], "pivot": [5.71077, 39.59664, -1.20259], "rotation": [-133.6255, -53.88104, 102.83721], "uv": [118, 90]},
						{"origin": [5.6717, 39.20629, -0.83013], "size": [0.45, 0.225, 0.275], "pivot": [5.7217, 39.31879, -0.71763], "rotation": [-143.70683, -43.8741, 116.14337], "uv": [116, 103]},
						{"origin": [5.25422, 38.83343, -0.48144], "size": [3.25, 0.225, 0.275], "pivot": [5.47922, 38.94593, -0.39394], "rotation": [-153.70653, -15.58033, 135.55953], "uv": [116, 103]},
						{"origin": [3.94774, 38.65727, -2.70316], "size": [0.975, 0.225, 0.275], "pivot": [4.82274, 38.76977, -2.61566], "rotation": [-3.12624, -6.2605, -38.72711], "uv": [116, 103]}
					]
				},
				{
					"name": "erduo2",
					"parent": "Hair",
					"pivot": [-3.22993, 38.92822, -1.84248],
					"rotation": [-2.58821, -21.51779, -3.48546],
					"cubes": [
						{"origin": [-5.23071, 39.29106, -1.71969], "size": [2.025, 0.275, 0.95], "pivot": [-4.53071, 39.42856, -1.44469], "rotation": [0, 0, 10.25], "uv": [120, 100], "mirror": true},
						{"origin": [-4.88867, 39.26463, -1.71969], "size": [0.775, 0.4, 0.95], "pivot": [-4.50117, 39.51463, -1.24469], "rotation": [0, 0, 22.5], "uv": [120, 100], "mirror": true},
						{"origin": [-3.32213, 39.01796, -1.01969], "size": [1.725, 0.275, 0.95], "pivot": [-3.35318, 39.08112, -0.54469], "rotation": [-9.37201, -7.84794, 19.96915], "uv": [120, 100], "mirror": true},
						{"origin": [-4.8354, 39.00218, -0.79469], "size": [1.6, 0.275, 0.725], "pivot": [-3.35318, 39.08112, -0.54469], "rotation": [-8.11483, -9.14242, 11.47474], "uv": [120, 100], "mirror": true},
						{"origin": [-3.30445, 39.00137, -1.71969], "size": [1.725, 0.275, 0.95], "pivot": [-3.06695, 39.16387, -1.44469], "rotation": [0, 0, 18.75], "uv": [120, 100], "mirror": true},
						{"origin": [-4.78465, 38.26463, -2.63828], "size": [1.75, 0.225, 0.275], "pivot": [-4.70965, 37.47713, -2.50078], "rotation": [-3.38448, 2.13322, 32.18697], "uv": [118, 101], "mirror": true},
						{"origin": [-3.79183, 38.33916, -2.08098], "size": [0.45, 0.225, 0.275], "pivot": [-4.6508, 38.61221, -0.08156], "rotation": [-23.31298, 67.34522, 17.21707], "uv": [118, 92], "mirror": true},
						{"origin": [-4.79123, 38.33916, -2.47348], "size": [0.45, 0.225, 0.275], "pivot": [-4.6508, 38.61221, -0.08156], "rotation": [-10.36678, 32.10186, 33.35147], "uv": [118, 92], "mirror": true},
						{"origin": [-5.23995, 38.33916, -2.42829], "size": [0.775, 0.225, 0.275], "pivot": [-4.6508, 38.61221, -0.08156], "rotation": [-8.93041, 10.89743, 37.2025], "uv": [118, 101], "mirror": true},
						{"origin": [-4.65891, 38.33916, -2.42722], "size": [0.975, 0.225, 0.275], "pivot": [-4.6508, 38.61221, -0.08156], "rotation": [-8.81608, 5.95719, 37.98192], "uv": [118, 101], "mirror": true},
						{"origin": [-4.08409, 38.27238, -2.47839], "size": [1.75, 0.225, 0.275], "pivot": [-4.6508, 38.61221, -0.08156], "rotation": [-8.97658, 1.2086, 31.88458], "uv": [118, 101], "mirror": true},
						{"origin": [-3.69183, 38.53916, -1.98098], "size": [0.45, 0.225, 0.275], "pivot": [-4.5508, 38.81221, 0.01844], "rotation": [-23.31298, 67.34522, 17.21707], "uv": [118, 92], "mirror": true},
						{"origin": [-4.69123, 38.53916, -2.37348], "size": [0.45, 0.225, 0.275], "pivot": [-4.5508, 38.81221, 0.01844], "rotation": [-10.36678, 32.10186, 33.35147], "uv": [118, 101], "mirror": true},
						{"origin": [-5.13995, 38.53916, -2.32829], "size": [0.775, 0.225, 0.275], "pivot": [-4.5508, 38.81221, 0.01844], "rotation": [-8.93041, 10.89743, 37.2025], "uv": [118, 101], "mirror": true},
						{"origin": [-4.55891, 38.53916, -2.32722], "size": [0.975, 0.225, 0.275], "pivot": [-4.5508, 38.81221, 0.01844], "rotation": [-8.81608, 5.95719, 37.98192], "uv": [118, 101], "mirror": true},
						{"origin": [-3.98409, 38.47238, -2.37839], "size": [1.75, 0.225, 0.275], "pivot": [-4.5508, 38.81221, 0.01844], "rotation": [-8.97658, 1.2086, 31.88458], "uv": [118, 101], "mirror": true},
						{"origin": [-3.54183, 38.56416, -1.88098], "size": [0.45, 0.225, 0.275], "pivot": [-4.4008, 38.83721, 0.11844], "rotation": [-23.31298, 67.34522, 17.21707], "uv": [118, 92], "mirror": true},
						{"origin": [-4.54123, 38.56416, -2.27348], "size": [0.45, 0.225, 0.275], "pivot": [-4.4008, 38.83721, 0.11844], "rotation": [-10.36678, 32.10186, 33.35147], "uv": [118, 101], "mirror": true},
						{"origin": [-3.70909, 38.52238, -2.17839], "size": [1.75, 0.225, 0.275], "pivot": [-4.2758, 38.86221, 0.21844], "rotation": [-8.97658, 1.2086, 31.88458], "uv": [118, 101], "mirror": true},
						{"origin": [-4.28391, 38.58916, -2.12722], "size": [0.975, 0.225, 0.275], "pivot": [-4.2758, 38.86221, 0.21844], "rotation": [-8.81608, 5.95719, 37.98192], "uv": [118, 101], "mirror": true},
						{"origin": [-4.86495, 38.58916, -2.12829], "size": [0.775, 0.225, 0.275], "pivot": [-4.2758, 38.86221, 0.21844], "rotation": [-8.93041, 10.89743, 37.2025], "uv": [118, 101], "mirror": true},
						{"origin": [-3.41683, 38.58916, -1.78098], "size": [0.45, 0.225, 0.275], "pivot": [-4.2758, 38.86221, 0.21844], "rotation": [-23.31298, 67.34522, 17.21707], "uv": [118, 101], "mirror": true},
						{"origin": [-4.41623, 38.58916, -2.17348], "size": [0.45, 0.225, 0.275], "pivot": [-4.2758, 38.86221, 0.21844], "rotation": [-10.36678, 32.10186, 33.35147], "uv": [118, 101], "mirror": true},
						{"origin": [-3.53409, 38.49738, -2.17839], "size": [1.75, 0.225, 0.275], "pivot": [-4.1008, 38.83721, 0.21844], "rotation": [-8.97658, 1.2086, 31.88458], "uv": [118, 101], "mirror": true},
						{"origin": [-4.10891, 38.56416, -2.12722], "size": [0.975, 0.225, 0.275], "pivot": [-4.1008, 38.83721, 0.21844], "rotation": [-8.81608, 5.95719, 37.98192], "uv": [118, 101], "mirror": true},
						{"origin": [-4.68995, 38.56416, -2.12829], "size": [0.775, 0.225, 0.275], "pivot": [-4.1008, 38.83721, 0.21844], "rotation": [-8.93041, 10.89743, 37.2025], "uv": [118, 101], "mirror": true},
						{"origin": [-3.24183, 38.56416, -1.78098], "size": [0.45, 0.225, 0.275], "pivot": [-4.1008, 38.83721, 0.21844], "rotation": [-23.31298, 67.34522, 17.21707], "uv": [118, 101], "mirror": true},
						{"origin": [-4.24123, 38.56416, -2.17348], "size": [0.45, 0.225, 0.275], "pivot": [-4.1008, 38.83721, 0.21844], "rotation": [-10.36678, 32.10186, 33.35147], "uv": [118, 101], "mirror": true},
						{"origin": [-3.40909, 38.44738, -2.17839], "size": [1.75, 0.225, 0.275], "pivot": [-3.9758, 38.78721, 0.21844], "rotation": [-8.97658, 1.2086, 31.88458], "uv": [118, 101], "mirror": true},
						{"origin": [-3.98391, 38.51416, -2.12722], "size": [0.975, 0.225, 0.275], "pivot": [-3.9758, 38.78721, 0.21844], "rotation": [-8.81608, 5.95719, 37.98192], "uv": [118, 101], "mirror": true},
						{"origin": [-4.56495, 38.51416, -2.12829], "size": [0.775, 0.225, 0.275], "pivot": [-3.9758, 38.78721, 0.21844], "rotation": [-8.93041, 10.89743, 37.2025], "uv": [118, 101], "mirror": true},
						{"origin": [-3.35309, 38.83859, -2.09849], "size": [1.75, 0.225, 0.275], "pivot": [-3.84535, 39.06043, -1.69679], "rotation": [-8.97658, 1.2086, 28.13458], "uv": [118, 101], "mirror": true},
						{"origin": [-4.07156, 38.8958, -2.05733], "size": [0.975, 0.225, 0.275], "pivot": [-3.84535, 39.06043, -1.69679], "rotation": [-8.81608, 5.95719, 34.23192], "uv": [118, 101], "mirror": true},
						{"origin": [-4.85415, 38.8958, -2.98932], "size": [0.45, 0.225, 0.275], "pivot": [-3.84535, 39.06043, -1.69679], "rotation": [-23.31298, 67.34522, 13.46707], "uv": [118, 101], "mirror": true},
						{"origin": [-5.06672, 38.8958, -2.40947], "size": [0.45, 0.225, 0.275], "pivot": [-3.84535, 39.06043, -1.69679], "rotation": [-10.36678, 32.10186, 29.60147], "uv": [118, 101], "mirror": true},
						{"origin": [-4.82478, 38.8958, -2.08497], "size": [0.775, 0.225, 0.275], "pivot": [-3.84535, 39.06043, -1.69679], "rotation": [-8.93041, 10.89743, 33.4525], "uv": [118, 101], "mirror": true},
						{"origin": [-3.27809, 38.88859, -2.02349], "size": [1.75, 0.225, 0.275], "pivot": [-3.77035, 39.11043, -1.62179], "rotation": [-8.97658, 1.2086, 22.13458], "uv": [118, 101], "mirror": true},
						{"origin": [-3.99656, 38.9458, -1.98233], "size": [0.975, 0.225, 0.275], "pivot": [-3.77035, 39.11043, -1.62179], "rotation": [-8.81608, 5.95719, 28.23192], "uv": [118, 101], "mirror": true},
						{"origin": [-4.77915, 38.9458, -2.91432], "size": [0.45, 0.225, 0.275], "pivot": [-3.77035, 39.11043, -1.62179], "rotation": [-23.31298, 67.34522, 7.46707], "uv": [118, 101], "mirror": true},
						{"origin": [-4.99172, 38.9458, -2.33447], "size": [0.45, 0.225, 0.275], "pivot": [-3.77035, 39.11043, -1.62179], "rotation": [-10.36678, 32.10186, 23.60147], "uv": [118, 101], "mirror": true},
						{"origin": [-4.74978, 38.9458, -2.00997], "size": [0.775, 0.225, 0.275], "pivot": [-3.77035, 39.11043, -1.62179], "rotation": [-8.93041, 10.89743, 27.4525], "uv": [118, 101], "mirror": true},
						{"origin": [-3.27809, 38.93859, -1.92349], "size": [1.75, 0.225, 0.275], "pivot": [-3.77035, 39.16043, -1.52179], "rotation": [-8.97658, 1.2086, 15.88458], "uv": [118, 101], "mirror": true},
						{"origin": [-3.99656, 38.9958, -1.88233], "size": [0.975, 0.225, 0.275], "pivot": [-3.77035, 39.16043, -1.52179], "rotation": [-8.81608, 5.95719, 21.98192], "uv": [118, 101], "mirror": true},
						{"origin": [-4.77915, 38.9958, -2.81432], "size": [0.45, 0.225, 0.275], "pivot": [-3.77035, 39.16043, -1.52179], "rotation": [-23.31298, 67.34522, 1.21707], "uv": [118, 101], "mirror": true},
						{"origin": [-4.99172, 38.9958, -2.23447], "size": [0.45, 0.225, 0.275], "pivot": [-3.77035, 39.16043, -1.52179], "rotation": [-10.36678, 32.10186, 17.35147], "uv": [118, 101], "mirror": true},
						{"origin": [-4.74978, 38.9958, -1.90997], "size": [0.775, 0.225, 0.275], "pivot": [-3.77035, 39.16043, -1.52179], "rotation": [-8.93041, 10.89743, 21.2025], "uv": [118, 101], "mirror": true},
						{"origin": [-3.27809, 38.98859, -1.82349], "size": [1.75, 0.225, 0.275], "pivot": [-3.77035, 39.21043, -1.42179], "rotation": [-8.97658, 1.2086, 11.13458], "uv": [118, 101], "mirror": true},
						{"origin": [-3.99656, 39.0458, -1.78233], "size": [0.975, 0.225, 0.275], "pivot": [-3.77035, 39.21043, -1.42179], "rotation": [-8.81608, 5.95719, 17.23192], "uv": [118, 101], "mirror": true},
						{"origin": [-4.77915, 39.0458, -2.71432], "size": [0.45, 0.225, 0.275], "pivot": [-3.77035, 39.21043, -1.42179], "rotation": [-23.31298, 67.34522, -3.53293], "uv": [118, 101], "mirror": true},
						{"origin": [-4.99172, 39.0458, -2.13447], "size": [0.45, 0.225, 0.275], "pivot": [-3.77035, 39.21043, -1.42179], "rotation": [-10.36678, 32.10186, 12.60147], "uv": [118, 101], "mirror": true},
						{"origin": [-4.74978, 39.0458, -1.80997], "size": [0.775, 0.225, 0.275], "pivot": [-3.77035, 39.21043, -1.42179], "rotation": [-8.93041, 10.89743, 16.4525], "uv": [118, 101], "mirror": true},
						{"origin": [-3.11683, 38.51416, -1.78098], "size": [0.45, 0.225, 0.275], "pivot": [-3.9758, 38.78721, 0.21844], "rotation": [-23.31298, 67.34522, 17.21707], "uv": [118, 101], "mirror": true},
						{"origin": [-4.11623, 38.51416, -2.17348], "size": [0.45, 0.225, 0.275], "pivot": [-3.9758, 38.78721, 0.21844], "rotation": [-10.36678, 32.10186, 33.35147], "uv": [118, 101], "mirror": true},
						{"origin": [-4.98995, 38.56416, -2.22829], "size": [0.775, 0.225, 0.275], "pivot": [-4.4008, 38.83721, 0.11844], "rotation": [-8.93041, 10.89743, 37.2025], "uv": [118, 101], "mirror": true},
						{"origin": [-4.40891, 38.56416, -2.22722], "size": [0.975, 0.225, 0.275], "pivot": [-4.4008, 38.83721, 0.11844], "rotation": [-8.81608, 5.95719, 37.98192], "uv": [118, 101], "mirror": true},
						{"origin": [-3.83409, 38.49738, -2.27839], "size": [1.75, 0.225, 0.275], "pivot": [-4.4008, 38.83721, 0.11844], "rotation": [-8.97658, 1.2086, 31.88458], "uv": [118, 101], "mirror": true},
						{"origin": [-5.55835, 38.86564, -2.42634], "size": [0.775, 0.225, 0.275], "pivot": [-5.17085, 38.97814, -2.31384], "rotation": [-3.16856, 11.25296, 38.44944], "uv": [118, 92], "mirror": true},
						{"origin": [-5.9304, 38.86153, -2.55186], "size": [0.45, 0.225, 0.275], "pivot": [-5.1679, 38.97403, -2.28936], "rotation": [-3.69425, 32.71554, 37.06977], "uv": [118, 92], "mirror": true},
						{"origin": [-6.12767, 39.18119, -2.34131], "size": [0.45, 0.225, 0.275], "pivot": [-5.57767, 39.29369, -2.10381], "rotation": [-8.71993, 69.04827, 30.91696], "uv": [118, 92], "mirror": true},
						{"origin": [-6.10416, 39.35442, -1.52625], "size": [0.45, 0.225, 0.275], "pivot": [-5.87916, 39.49192, -1.43875], "rotation": [-59.34262, 79.71685, -20.3953], "uv": [118, 92], "mirror": true},
						{"origin": [-6.15634, 39.27553, -1.13276], "size": [0.45, 0.225, 0.275], "pivot": [-5.93134, 39.41303, -0.99526], "rotation": [-70.39609, 74.25857, -31.72543], "uv": [118, 92], "mirror": true},
						{"origin": [-6.45837, 39.29487, -1.24106], "size": [0.45, 0.225, 0.275], "pivot": [-5.90837, 39.40737, -1.00356], "rotation": [-133.6255, 53.88104, -102.83721], "uv": [118, 92], "mirror": true},
						{"origin": [-6.3193, 39.01703, -0.6311], "size": [0.45, 0.225, 0.275], "pivot": [-5.9193, 39.12953, -0.5186], "rotation": [-143.70683, 43.8741, -116.14337], "uv": [118, 101], "mirror": true},
						{"origin": [-8.70182, 38.64417, -0.28241], "size": [3.25, 0.225, 0.275], "pivot": [-5.67682, 38.75667, -0.19491], "rotation": [-153.70653, 15.58033, -135.55953], "uv": [118, 101], "mirror": true},
						{"origin": [-5.75634, 39.40053, -1.13276], "size": [0.45, 0.225, 0.275], "pivot": [-5.53134, 39.53803, -0.99526], "rotation": [-70.39609, 74.25857, -31.72543], "uv": [118, 101], "mirror": true},
						{"origin": [-5.53134, 39.50053, -1.13276], "size": [0.45, 0.225, 0.275], "pivot": [-5.30634, 39.63803, -0.99526], "rotation": [-70.39609, 74.25857, -31.72543], "uv": [118, 101], "mirror": true},
						{"origin": [-6.05837, 39.41987, -1.24106], "size": [0.45, 0.225, 0.275], "pivot": [-5.50837, 39.53237, -1.00356], "rotation": [-133.6255, 53.88104, -102.83721], "uv": [118, 101], "mirror": true},
						{"origin": [-5.83337, 39.51987, -1.24106], "size": [0.45, 0.225, 0.275], "pivot": [-5.28337, 39.63237, -1.00356], "rotation": [-133.6255, 53.88104, -102.83721], "uv": [118, 101], "mirror": true},
						{"origin": [-5.9193, 39.14203, -0.6311], "size": [0.45, 0.225, 0.275], "pivot": [-5.5193, 39.25453, -0.5186], "rotation": [-143.70683, 43.8741, -116.14337], "uv": [118, 101], "mirror": true},
						{"origin": [-5.6943, 39.24203, -0.6311], "size": [0.45, 0.225, 0.275], "pivot": [-5.2943, 39.35453, -0.5186], "rotation": [-143.70683, 43.8741, -116.14337], "uv": [118, 101], "mirror": true},
						{"origin": [-8.07682, 38.86917, -0.28241], "size": [3.25, 0.225, 0.275], "pivot": [-5.05182, 38.98167, -0.19491], "rotation": [-153.70653, 15.58033, -135.55953], "uv": [118, 101], "mirror": true},
						{"origin": [-8.30182, 38.76917, -0.28241], "size": [3.25, 0.225, 0.275], "pivot": [-5.27682, 38.88167, -0.19491], "rotation": [-153.70653, 15.58033, -135.55953], "uv": [118, 101], "mirror": true},
						{"origin": [-5.33134, 39.52553, -1.13276], "size": [0.45, 0.225, 0.275], "pivot": [-5.10634, 39.66303, -0.99526], "rotation": [-70.39609, 74.25857, -31.72543], "uv": [118, 101], "mirror": true},
						{"origin": [-5.63337, 39.54487, -1.24106], "size": [0.45, 0.225, 0.275], "pivot": [-5.08337, 39.65737, -1.00356], "rotation": [-133.6255, 53.88104, -102.83721], "uv": [118, 101], "mirror": true},
						{"origin": [-5.40837, 39.64487, -1.24106], "size": [0.45, 0.225, 0.275], "pivot": [-4.85837, 39.75737, -1.00356], "rotation": [-133.6255, 53.88104, -102.83721], "uv": [118, 101], "mirror": true},
						{"origin": [-5.2693, 39.36703, -0.6311], "size": [0.45, 0.225, 0.275], "pivot": [-4.8693, 39.47953, -0.5186], "rotation": [-143.70683, 43.8741, -116.14337], "uv": [118, 101], "mirror": true},
						{"origin": [-5.4943, 39.26703, -0.6311], "size": [0.45, 0.225, 0.275], "pivot": [-5.0943, 39.37953, -0.5186], "rotation": [-143.70683, 43.8741, -116.14337], "uv": [118, 101], "mirror": true},
						{"origin": [-7.65182, 38.99417, -0.28241], "size": [3.25, 0.225, 0.275], "pivot": [-4.62682, 39.10667, -0.19491], "rotation": [-153.70653, 15.58033, -135.55953], "uv": [118, 101], "mirror": true},
						{"origin": [-6.84975, 38.8641, -0.94474], "size": [3.25, 0.225, 0.275], "pivot": [-4.10282, 38.95593, -0.50674], "rotation": [-159.78168, 14.88688, -133.43578], "uv": [118, 101], "mirror": true},
						{"origin": [-4.75554, 38.01391, 0.0415], "size": [3.075, 0.275, 0.275], "pivot": [-3.13054, 38.50141, 0.104], "rotation": [176.21832, 14.88688, -133.43578], "uv": [118, 101], "mirror": true},
						{"origin": [-4.75554, 38.28891, 0.1915], "size": [2.7, 0.275, 0.275], "pivot": [-3.13054, 38.50141, 0.104], "rotation": [176.21832, 14.88688, -133.43578], "uv": [118, 101], "mirror": true},
						{"origin": [-4.75554, 38.51391, 0.1915], "size": [2.525, 0.2, 0.275], "pivot": [-3.13054, 38.50141, 0.104], "rotation": [176.21832, 14.88688, -133.43578], "uv": [118, 101], "mirror": true},
						{"origin": [-7.87682, 38.89417, -0.28241], "size": [3.25, 0.225, 0.275], "pivot": [-4.85182, 39.00667, -0.19491], "rotation": [-153.70653, 15.58033, -135.55953], "uv": [118, 101], "mirror": true},
						{"origin": [-5.87916, 39.45442, -1.52625], "size": [0.45, 0.225, 0.275], "pivot": [-5.65416, 39.59192, -1.43875], "rotation": [-59.34262, 79.71685, -20.3953], "uv": [118, 92], "mirror": true},
						{"origin": [-5.95416, 39.67942, -1.47625], "size": [0.45, 0.225, 0.275], "pivot": [-5.65416, 39.59192, -1.43875], "rotation": [-59.34262, 79.71685, -20.3953], "uv": [118, 92], "mirror": true},
						{"origin": [-6.07916, 39.82942, -1.42625], "size": [0.45, 0.225, 0.275], "pivot": [-5.65416, 39.59192, -1.43875], "rotation": [-59.34262, 79.71685, -20.3953], "uv": [118, 101], "mirror": true},
						{"origin": [-6.16775, 40.08133, -0.95515], "size": [0.45, 0.225, 0.275], "pivot": [-5.66775, 39.79383, -1.46765], "rotation": [-59.34262, 79.71685, -20.3953], "uv": [118, 101], "mirror": true},
						{"origin": [-5.93134, 39.37553, -1.13276], "size": [0.45, 0.225, 0.275], "pivot": [-5.70634, 39.51303, -0.99526], "rotation": [-70.39609, 74.25857, -31.72543], "uv": [118, 92], "mirror": true},
						{"origin": [-6.23337, 39.39487, -1.24106], "size": [0.45, 0.225, 0.275], "pivot": [-5.68337, 39.50737, -1.00356], "rotation": [-133.6255, 53.88104, -102.83721], "uv": [118, 101], "mirror": true},
						{"origin": [-6.0943, 39.11703, -0.6311], "size": [0.45, 0.225, 0.275], "pivot": [-5.6943, 39.22953, -0.5186], "rotation": [-143.70683, 43.8741, -116.14337], "uv": [118, 101], "mirror": true},
						{"origin": [-8.47682, 38.74417, -0.28241], "size": [3.25, 0.225, 0.275], "pivot": [-5.45182, 38.85667, -0.19491], "rotation": [-153.70653, 15.58033, -135.55953], "uv": [118, 101], "mirror": true},
						{"origin": [-4.89535, 38.568, -2.50413], "size": [0.975, 0.225, 0.275], "pivot": [-4.79535, 38.6805, -2.41663], "rotation": [-3.12624, 6.2605, 38.72711], "uv": [118, 101], "mirror": true}
					]
				},
				{
					"name": "RightHair",
					"parent": "Hair",
					"pivot": [0, 13.05, -0.75],
					"cubes": [
						{"origin": [4.5, 31.15, 0.275], "size": [1, 6, 2], "uv": [0, 57]},
						{"origin": [-5.1, 32.15, -1.725], "size": [1, 4, 1], "uv": [62, 24]},
						{"origin": [-1.72316, 32.75, 1.52043], "size": [1, 4.1, 2], "pivot": [-0.94816, 29.725, 3.67043], "rotation": [0, 88.75, 0], "uv": [0, 57], "mirror": true},
						{"origin": [-1.72316, 32.75, 5.52043], "size": [1, 4.1, 2], "pivot": [-0.94816, 29.725, 3.67043], "rotation": [0, 88.75, 0], "uv": [0, 57], "mirror": true},
						{"origin": [-4.5, 31.075, 2.225], "size": [1, 6, 2], "pivot": [-5, 34.15, 3.225], "rotation": [0, 30.5, 0], "uv": [0, 57], "mirror": true},
						{"origin": [-5.775, 35.96642, -0.77196], "size": [0.45, 0.175, 1], "pivot": [-5.55, 36.05392, -0.27196], "rotation": [-135, 0, 0], "uv": [117, 73], "mirror": true},
						{"origin": [-5.8, 36.00689, -0.21074], "size": [0.425, 0.075, 0.2], "pivot": [-5.5875, 36.04439, -0.29824], "rotation": [-134.5, 0, 0], "uv": [113, 63], "mirror": true},
						{"origin": [-5.75, 35.91642, -0.87196], "size": [0.425, 0.275, 1.2], "pivot": [-5.5375, 36.05392, -0.27196], "rotation": [44.75, 0, 0], "uv": [112, 53], "mirror": true},
						{"origin": [-6.08921, 35.97405, 0.93033], "size": [0.475, 0.7, 0.075], "pivot": [-5.75412, 36.32882, 0.58641], "rotation": [12.31738, -13.47974, 2.18805], "uv": [115, 62], "mirror": true},
						{"origin": [-5.8, 37.025, -1.525], "size": [0.475, 0.075, 0.225], "pivot": [-5.5375, 34.8625, -2.2125], "rotation": [-43.5, 0, 0], "uv": [113, 63], "mirror": true},
						{"origin": [-5.8, 36.00689, -0.61074], "size": [0.425, 0.075, 0.2], "pivot": [-5.5875, 36.04439, -0.29824], "rotation": [-134.5, 0, 0], "uv": [113, 63], "mirror": true},
						{"origin": [-5.8, 37.025, -1.925], "size": [0.425, 0.075, 0.2], "pivot": [-5.5875, 34.8625, -2.2125], "rotation": [-43.5, 0, 0], "uv": [113, 63], "mirror": true},
						{"origin": [-5.775, 35.98189, -0.78574], "size": [0.45, 0.175, 1], "pivot": [-5.5375, 36.04439, -0.29824], "rotation": [-43.5, 0, 0], "uv": [117, 73], "mirror": true},
						{"origin": [-5.75, 35.93189, -0.88574], "size": [0.425, 0.275, 1.2], "pivot": [-5.5375, 36.04439, -0.29824], "rotation": [-43.5, 0, 0], "uv": [112, 53], "mirror": true},
						{"origin": [-5.72343, 35.17115, -0.53596], "size": [0.075, 0.7, 1.475], "pivot": [-5.76279, 35.52451, 0.51081], "rotation": [-24.09472, -2.31868, 4.39378], "uv": [115, 62], "mirror": true},
						{"origin": [-5.96003, 35.17115, 0.84233], "size": [0.425, 0.7, 0.075], "pivot": [-5.76279, 35.52451, 0.51081], "rotation": [-24.95996, -14.83862, 10.15495], "uv": [115, 62], "mirror": true},
						{"origin": [-5.96003, 35.17115, -0.55767], "size": [0.125, 0.7, 1.475], "pivot": [-5.76279, 35.52451, 0.51081], "rotation": [-24.95996, -14.83862, 10.15495], "uv": [117, 64], "mirror": true},
						{"origin": [-5.98223, 35.97405, -0.49073], "size": [0.125, 0.7, 1.475], "pivot": [-5.75412, 36.32882, 0.58641], "rotation": [13.44985, -26.88742, -1.071], "uv": [115, 62], "mirror": true},
						{"origin": [-5.68921, 35.97405, -0.46967], "size": [0.075, 0.7, 1.475], "pivot": [-5.75412, 36.32882, 0.58641], "rotation": [12.31738, -13.47974, 2.18805], "uv": [115, 62], "mirror": true},
						{"origin": [-5.325, 32.325, -0.725], "size": [1, 4.825, 1], "uv": [30, 58]},
						{"origin": [-5.5, 31.15, 0.275], "size": [1, 6, 2], "uv": [0, 57], "mirror": true},
						{"origin": [3.5, 31.075, 2.225], "size": [1, 6, 2], "pivot": [5, 34.15, 3.225], "rotation": [0, -30.5, 0], "uv": [0, 57]},
						{"origin": [3.5, 30.15, -3.2], "size": [1, 8, 6], "uv": [20, 25], "mirror": true},
						{"origin": [4.325, 32.325, -0.725], "size": [1, 4.825, 1], "uv": [30, 58], "mirror": true},
						{"origin": [4.1, 32.15, -1.725], "size": [1, 4, 1], "uv": [62, 24], "mirror": true}
					]
				},
				{
					"name": "youtoufa",
					"parent": "RightHair",
					"pivot": [-3.5, 34.6, 1.475],
					"cubes": [
						{"origin": [-5.23837, 29.95, 2.96746], "size": [1, 6, 2], "pivot": [-4.13837, 30.0125, 2.71746], "rotation": [0, 83.75, 0], "uv": [0, 57], "mirror": true},
						{"origin": [-1.32316, 28.825, 1.67043], "size": [1, 4.1, 1.85], "pivot": [-0.94816, 29.725, 3.67043], "rotation": [0, 88.75, 0], "uv": [1, 60], "mirror": true},
						{"origin": [-5.78818, 19.9, 2.75193], "size": [1, 10.35, 2], "pivot": [-4.60556, 24.96142, 2.65163], "rotation": [0, 83.75, 6], "uv": [0, 90], "mirror": true},
						{"origin": [-5.27495, 18.4, 2.57826], "size": [1, 2.65, 1.05], "pivot": [-4.60556, 24.96142, 2.65163], "rotation": [0, 30.5, 6], "uv": [0, 96], "mirror": true},
						{"origin": [-5.27495, 21.025, 1.62826], "size": [1, 10.35, 2], "pivot": [-4.60556, 24.96142, 2.65163], "rotation": [0, 30.5, 6], "uv": [0, 90], "mirror": true},
						{"origin": [-5.27495, 19.9, 1.65326], "size": [1, 1.15, 0.975], "pivot": [-4.60556, 24.96142, 2.65163], "rotation": [0, 30.5, 6], "uv": [0, 96], "mirror": true},
						{"origin": [-6.125, 22.975, 1.675], "size": [1, 6, 1.725], "pivot": [-4.60556, 24.96142, 2.65163], "rotation": [0, 0, 6], "uv": [122, 6], "mirror": true},
						{"origin": [-6.125, 28.20388, 3.41114], "size": [1, 3.6, 1.725], "pivot": [-4.60556, 24.96142, 2.65163], "rotation": [26.5, 0, 6], "uv": [122, 6], "mirror": true}
					]
				},
				{
					"name": "bone10",
					"parent": "RightHair",
					"pivot": [-4.825, 29.98877, -0.79664]
				},
				{
					"name": "zuotoufa",
					"parent": "RightHair",
					"pivot": [3.5, 33.275, 1.475],
					"cubes": [
						{"origin": [-1.32316, 28.825, 5.52043], "size": [1, 4.1, 2], "pivot": [-0.94816, 29.725, 3.67043], "rotation": [0, 88.75, 0], "uv": [0, 57], "mirror": true},
						{"origin": [4.23837, 29.95, 2.96746], "size": [1, 6, 2], "pivot": [4.13837, 30.0125, 2.71746], "rotation": [0, -83.75, 0], "uv": [0, 57]},
						{"origin": [4.71318, 19.875, 2.75193], "size": [1, 10.35, 2], "pivot": [4.53056, 24.93642, 2.65163], "rotation": [0, -83.75, -6.5], "uv": [0, 90]},
						{"origin": [4.19995, 18.375, 2.57826], "size": [1, 2.65, 1.05], "pivot": [4.53056, 24.93642, 2.65163], "rotation": [0, -30.5, -6.5], "uv": [0, 96]},
						{"origin": [4.19995, 21, 1.62826], "size": [1, 10.35, 2], "pivot": [4.53056, 24.93642, 2.65163], "rotation": [0, -30.5, -6.5], "uv": [0, 90]},
						{"origin": [4.19995, 19.875, 1.65326], "size": [1, 1.15, 0.975], "pivot": [4.53056, 24.93642, 2.65163], "rotation": [0, -30.5, -6.5], "uv": [0, 96]},
						{"origin": [5.05, 22.95, 1.675], "size": [1, 6, 1.725], "pivot": [4.53056, 24.93642, 2.65163], "rotation": [0, 0, -6.5], "uv": [122, 6]},
						{"origin": [5.05, 28.17888, 3.41114], "size": [1, 3.6, 1.725], "pivot": [4.53056, 24.93642, 2.65163], "rotation": [26.5, 0, -6.5], "uv": [122, 6]}
					]
				},
				{
					"name": "bone9",
					"parent": "RightHair",
					"pivot": [4.825, 32.56377, -0.79664],
					"cubes": [
						{"origin": [3.875, 21.82928, -2.38245], "size": [1, 6.525, 1], "pivot": [4.375, 29.14178, -1.45745], "rotation": [-3.5, 0, 0], "uv": [30, 58], "mirror": true},
						{"origin": [3.875, 27.80387, -1.6853], "size": [1, 2.425, 1], "pivot": [4.375, 29.59137, -1.0853], "rotation": [-29.75, 0, 0], "uv": [30, 58], "mirror": true},
						{"origin": [3.875, 30.2, -0.725], "size": [1, 2.475, 1], "pivot": [4.375, 33.15, -0.225], "rotation": [-10.25, 0, 0], "uv": [30, 58], "mirror": true},
						{"origin": [3.875, 30.05127, -1.42164], "size": [1, 0.675, 1], "pivot": [4.375, 29.98877, -0.79664], "rotation": [-21.25, 0, 0], "uv": [116, 101], "mirror": true}
					]
				},
				{
					"name": "hudiejie",
					"parent": "RightHair",
					"pivot": [6.14815, 36.24147, 2.00288],
					"cubes": [
						{"origin": [5.61421, 35.97405, -0.46967], "size": [0.075, 0.7, 1.475], "pivot": [5.75412, 36.32882, 0.58641], "rotation": [12.31738, 13.47974, -2.18805], "uv": [115, 64]},
						{"origin": [5.61421, 35.97405, 0.93033], "size": [0.475, 0.7, 0.075], "pivot": [5.75412, 36.32882, 0.58641], "rotation": [12.31738, 13.47974, -2.18805], "uv": [115, 64]},
						{"origin": [5.85723, 35.97405, -0.49073], "size": [0.125, 0.7, 1.475], "pivot": [5.75412, 36.32882, 0.58641], "rotation": [13.44985, 26.88742, 1.071], "uv": [115, 64]}
					]
				},
				{
					"name": "hudiejie1",
					"parent": "hudiejie",
					"pivot": [5.82271, 35.54989, 0.62467],
					"rotation": [-38.50319, 5.28414, 10.7253],
					"cubes": [
						{"origin": [5.78565, 35.14147, -0.65962], "size": [0.125, 0.7, 1.475], "pivot": [6.07315, 35.49147, 0.30288], "rotation": [13.27381, 17.88889, 1.00374], "uv": [117, 63]},
						{"origin": [5.48565, 35.14147, 0.74038], "size": [0.425, 0.7, 0.075], "pivot": [6.07315, 35.49147, 0.30288], "rotation": [13.27381, 17.88889, 1.00374], "uv": [118, 63]},
						{"origin": [5.625, 35.09423, -0.52561], "size": [0.075, 0.7, 1.475], "pivot": [5.7375, 35.44423, 0.17439], "rotation": [12.66063, 4.48611, -2.13429], "uv": [118, 63]}
					]
				},
				{
					"name": "bone3",
					"parent": "hudiejie",
					"pivot": [5.5625, 36.0429, -0.2997],
					"rotation": [0, 22.75, 0],
					"cubes": [
						{"origin": [5.375, 37.025, -1.925], "size": [0.425, 0.075, 0.2], "pivot": [5.5875, 34.8625, -2.2125], "rotation": [-43.5, 0, 0], "uv": [113, 63]},
						{"origin": [5.375, 36.00689, -0.61074], "size": [0.425, 0.075, 0.2], "pivot": [5.5875, 36.04439, -0.29824], "rotation": [-134.5, 0, 0], "uv": [113, 63]},
						{"origin": [5.375, 36.00689, -0.21074], "size": [0.425, 0.075, 0.2], "pivot": [5.5875, 36.04439, -0.29824], "rotation": [-134.5, 0, 0], "uv": [113, 63]},
						{"origin": [5.325, 37.025, -1.525], "size": [0.475, 0.075, 0.225], "pivot": [5.5375, 34.8625, -2.2125], "rotation": [-43.5, 0, 0], "uv": [113, 63]},
						{"origin": [5.325, 35.93189, -0.88574], "size": [0.425, 0.275, 1.2], "pivot": [5.5375, 36.04439, -0.29824], "rotation": [-43.5, 0, 0], "uv": [112, 53]},
						{"origin": [5.325, 35.91642, -0.87196], "size": [0.425, 0.275, 1.2], "pivot": [5.5375, 36.05392, -0.27196], "rotation": [44.75, 0, 0], "uv": [112, 53]}
					]
				},
				{
					"name": "bone2",
					"parent": "bone3",
					"pivot": [5.5375, 36.04439, -0.29824],
					"cubes": [
						{"origin": [5.325, 35.98189, -0.78574], "size": [0.45, 0.175, 1], "pivot": [5.5375, 36.04439, -0.29824], "rotation": [-43.5, 0, 0], "uv": [117, 73]},
						{"origin": [5.325, 35.96642, -0.77196], "size": [0.45, 0.175, 1], "pivot": [5.55, 36.05392, -0.27196], "rotation": [-135, 0, 0], "uv": [117, 73]}
					]
				},
				{
					"name": "FrontHair",
					"parent": "Hair",
					"pivot": [0, 12.25, -0.75]
				},
				{
					"name": "FrontHair1",
					"parent": "FrontHair",
					"pivot": [2, 36.025, -5.25],
					"cubes": [
						{"origin": [1.175, 34.75, -5.675], "size": [1, 3, 1], "pivot": [2, 36.025, -5.25], "rotation": [0, 0, -22.5], "uv": [19, 63]}
					]
				},
				{
					"name": "bone18",
					"parent": "FrontHair1",
					"pivot": [-0.54813, 35.66568, -5.25],
					"cubes": [
						{"origin": [-1.06891, 32.68442, -5.75], "size": [1, 4.65, 1], "pivot": [-0.54813, 35.66568, -5.25], "rotation": [0, 0, 0.25], "uv": [60, 48]},
						{"origin": [-0.09391, 32.68442, -5.75], "size": [1, 4.65, 1], "pivot": [-0.54813, 35.66568, -5.25], "rotation": [0, 0, 0.25], "uv": [60, 48]}
					]
				},
				{
					"name": "bone13",
					"parent": "FrontHair1",
					"pivot": [-0.54813, 37.04068, -5.25]
				},
				{
					"name": "bone17",
					"parent": "bone13",
					"pivot": [-0.54813, 35.66568, -5.25],
					"cubes": [
						{"origin": [-2.06891, 33.30942, -5.75], "size": [1, 4, 1], "pivot": [-0.54813, 35.66568, -5.25], "rotation": [0, 0, 0.25], "uv": [23, 63]}
					]
				},
				{
					"name": "bone14",
					"parent": "FrontHair1",
					"pivot": [-2, 36.025, -5.125],
					"cubes": [
						{"origin": [-2.3, 33.65, -5.625], "size": [1, 3, 1], "pivot": [-2, 36.025, -5.125], "rotation": [0, 0, 25], "uv": [63, 7]}
					]
				},
				{
					"name": "bone15",
					"parent": "FrontHair1",
					"pivot": [1.15, 37.225, -5.25],
					"cubes": [
						{"origin": [1.16724, 33.31268, -5.75], "size": [1, 4, 1], "pivot": [0.76724, 35.31268, -5.25], "rotation": [0, 0, -0.25], "uv": [62, 0]},
						{"origin": [0.27951, 33.42589, -5.75], "size": [1, 4, 1], "pivot": [1.40451, 35.30089, -5.25], "rotation": [0, 0, -10.25], "uv": [62, 0]},
						{"origin": [1.93516, 33.8664, -5.675], "size": [1, 3, 1], "pivot": [2.43516, 35.3664, -5.175], "rotation": [0, 0, -4], "uv": [63, 7]}
					]
				},
				{
					"name": "FrontHair2",
					"parent": "FrontHair",
					"pivot": [-4.37735, 33.37243, -3.41577],
					"cubes": [
						{"origin": [3.64985, 35.12093, -4.24748], "size": [1.025, 2.375, 1], "pivot": [4.57735, 35.29743, -3.41577], "rotation": [-0.4948, -0.2395, -7.4885], "uv": [42, 36]},
						{"origin": [3.64985, 35.12093, -3.24748], "size": [1.025, 2, 1], "pivot": [4.57735, 35.29743, -2.41577], "rotation": [-0.4948, -0.2395, -7.4885], "uv": [42, 36]},
						{"origin": [3.68759, 30.85523, -2.32755], "size": [1.025, 5.725, 1], "pivot": [4.20009, 33.28023, -2.05255], "rotation": [-2.0218, -0.1729, 0.0112], "uv": [117, 101]},
						{"origin": [3.64985, 36.47093, -2.19748], "size": [1.025, 2, 1], "pivot": [4.57735, 36.64743, -1.36577], "rotation": [-0.4948, -0.2395, -7.4885], "uv": [42, 36]},
						{"origin": [-4.71259, 30.85523, -2.32755], "size": [1.025, 5.725, 1], "pivot": [-4.20009, 33.28023, -2.05255], "rotation": [-2.0218, 0.1729, -0.0112], "uv": [117, 101], "mirror": true},
						{"origin": [-4.67485, 36.47093, -2.19748], "size": [1.025, 2, 1], "pivot": [-4.57735, 36.64743, -1.36577], "rotation": [-0.4948, 0.2395, 7.4885], "uv": [42, 36], "mirror": true},
						{"origin": [-4.67485, 35.12093, -3.24748], "size": [1.025, 2, 1], "pivot": [-4.57735, 35.29743, -2.41577], "rotation": [-0.4948, 0.2395, 7.4885], "uv": [42, 36], "mirror": true}
					]
				},
				{
					"name": "bone12",
					"parent": "FrontHair2",
					"pivot": [-4.57735, 35.29743, -3.41577],
					"cubes": [
						{"origin": [-4.71118, 28.58899, -4.22248], "size": [1.025, 6.6, 1], "pivot": [-4.57735, 35.29743, -3.41577], "rotation": [-0.5218, 0.1729, -0.0112], "uv": [117, 101], "mirror": true},
						{"origin": [-4.71259, 29.50523, -3.37755], "size": [1.025, 5.725, 1], "pivot": [-4.20009, 31.93023, -3.10255], "rotation": [-2.0218, 0.1729, -0.0112], "uv": [117, 101], "mirror": true},
						{"origin": [-4.67485, 35.12093, -4.24748], "size": [1.025, 2.375, 1], "pivot": [-4.57735, 35.29743, -3.41577], "rotation": [-0.4948, 0.2395, 7.4885], "uv": [42, 36], "mirror": true}
					]
				},
				{
					"name": "bone19",
					"parent": "bone12",
					"pivot": [-4.57735, 35.29743, -3.41577]
				},
				{
					"name": "bone11",
					"parent": "FrontHair2",
					"pivot": [4.20009, 34.93023, -3.10255],
					"cubes": [
						{"origin": [-5.025, 21.82928, -2.38245], "size": [1, 6.525, 1], "pivot": [-4.525, 29.14178, -1.45745], "rotation": [-3.5, 0, 0], "uv": [30, 58]},
						{"origin": [-5.025, 27.80387, -1.6853], "size": [1, 2.425, 1], "pivot": [-4.525, 29.59137, -1.0853], "rotation": [-29.75, 0, 0], "uv": [30, 58]},
						{"origin": [-5.025, 30.2, -0.725], "size": [1, 2.475, 1], "pivot": [-4.525, 33.15, -0.225], "rotation": [-10.25, 0, 0], "uv": [30, 58]},
						{"origin": [-5.025, 30.05127, -1.42164], "size": [1, 0.675, 1], "pivot": [-4.525, 29.98877, -0.79664], "rotation": [-21.25, 0, 0], "uv": [116, 101]},
						{"origin": [3.68618, 28.58899, -4.22248], "size": [1.025, 6.6, 1], "pivot": [4.57735, 35.29743, -3.41577], "rotation": [-0.5218, -0.1729, 0.0112], "uv": [117, 101]},
						{"origin": [3.36118, 28.98899, -4.22248], "size": [1.025, 3.85, 1], "pivot": [4.57735, 35.29743, -3.41577], "rotation": [-0.5218, -0.1729, 0.0112], "uv": [117, 101]},
						{"origin": [-4.43618, 28.98899, -4.22248], "size": [1.025, 3.85, 1], "pivot": [-4.57735, 35.29743, -3.41577], "rotation": [-0.5218, 0.1729, -0.0112], "uv": [117, 101], "mirror": true},
						{"origin": [3.68759, 29.50523, -3.37755], "size": [1.025, 5.725, 1], "pivot": [4.20009, 31.93023, -3.10255], "rotation": [-2.0218, -0.1729, 0.0112], "uv": [117, 101]}
					]
				},
				{
					"name": "BackHair",
					"parent": "Hair",
					"pivot": [0.325, 12.51866, 3.03289]
				},
				{
					"name": "Arm",
					"parent": "UpperBody",
					"pivot": [0, 22.99907, -0.075]
				},
				{
					"name": "LeftArm",
					"parent": "Arm",
					"pivot": [4.4, 27.55, 0],
					"rotation": [0, 0, -15],
					"cubes": [
						{"origin": [2.75, 22.5, -1.5], "size": [3.05, 6.2, 3.05], "uv": [38, 40]},
						{"origin": [2.775, 22.3, -1.5], "size": [3.025, 0.225, 3.05], "uv": [112, 41]}
					]
				},
				{
					"name": "LeftForeArm",
					"parent": "LeftArm",
					"pivot": [3.875, 22.35, 0.025],
					"cubes": [
						{"origin": [3.075, 21.40086, -0.60842], "size": [2.475, 1.875, 1.925], "pivot": [4.275, 22.77586, 0.09158], "rotation": [-45, 0, 0], "uv": [56, 32]},
						{"origin": [3.0017, 17.56294, -1.35], "size": [2.575, 5.025, 2.7], "uv": [77, 69]}
					]
				},
				{
					"name": "LeftHand",
					"parent": "LeftForeArm",
					"pivot": [4.375, 16.875, 0.025],
					"cubes": [
						{"origin": [3.025, 17.05, -1.075], "size": [2.5, 1.825, 1.825], "pivot": [0, 17.55, -0.575], "rotation": [-45, 0, 0], "uv": [82, 8]},
						{"origin": [3.0017, 15.56294, -1.35], "size": [2.575, 2, 2.7], "uv": [46, 50]}
					]
				},
				{
					"name": "LeftHandLocator",
					"parent": "LeftHand",
					"pivot": [4.375, 15.875, 0.025]
				},
				{
					"name": "RightArm",
					"parent": "Arm",
					"pivot": [-4.4, 27.55, 0],
					"rotation": [0, 0, 15],
					"cubes": [
						{"origin": [-5.775, 22.275, -1.5], "size": [3.025, 0.225, 3.05], "uv": [113, 41], "mirror": true},
						{"origin": [-5.8, 22.5, -1.5], "size": [3.05, 6.2, 3.05], "uv": [38, 40], "mirror": true}
					]
				},
				{
					"name": "RightForeArm",
					"parent": "RightArm",
					"pivot": [-3.875, 22.35, 0.025],
					"cubes": [
						{"origin": [-5.43778, 21.51949, -0.42705], "size": [2.45, 1.825, 1.625], "pivot": [-4.275, 22.77586, 0.09158], "rotation": [-45, 0, 0], "uv": [56, 32], "mirror": true},
						{"origin": [-5.51904, 17.45471, -1.475], "size": [2.575, 5.05, 2.7], "uv": [47, 33], "mirror": true}
					]
				},
				{
					"name": "RightHand",
					"parent": "RightForeArm",
					"pivot": [-4.375, 16.875, 0.025],
					"cubes": [
						{"origin": [-5.48778, 16.81863, -1.16863], "size": [2.525, 1.925, 1.9], "pivot": [0, 17.5, -0.575], "rotation": [-45, 0, 0], "uv": [82, 8], "mirror": true},
						{"origin": [-5.51904, 15.45471, -1.475], "size": [2.575, 2, 2.7], "uv": [46, 50], "mirror": true}
					]
				},
				{
					"name": "RightHandLocator",
					"parent": "RightHand",
					"pivot": [-4.375, 15.875, 0.025]
				},
				{
					"name": "Breast",
					"parent": "UpperBody",
					"pivot": [0, 24.84747, -1.63334]
				},
				{
					"name": "Breast1",
					"parent": "Breast",
					"pivot": [0.0125, 25.28714, -1.13014]
				},
				{
					"name": "qianqun",
					"parent": "UpBody",
					"pivot": [0.025, 15.21157, -1.55]
				},
				{
					"name": "bone8",
					"parent": "UpBody",
					"pivot": [-0.00001, 20.96547, 1.15084],
					"cubes": [
						{"origin": [-3.075, 17.54907, 1.575], "size": [6.2, 4.725, 0.6], "pivot": [0, 19.89661, 1.875], "rotation": [167.0005, 0.01281, -179.88753], "uv": [41, 114]},
						{"origin": [2.57708, 17.01986, 1.575], "size": [0.975, 4.725, 0.6], "pivot": [0, 19.89661, 1.875], "rotation": [167.16592, 2.0848, -170.87057], "uv": [45, 114]},
						{"origin": [-3.55208, 17.01986, 1.575], "size": [0.975, 4.725, 0.6], "pivot": [0, 19.89661, 1.875], "rotation": [167.1619, -2.05949, 171.09566], "uv": [45, 114], "mirror": true},
						{"origin": [-3.2, 21.62407, -1.95], "size": [6.45, 0.925, 3.85], "uv": [113, 23]}
					]
				},
				{
					"name": "houquan",
					"parent": "bone8",
					"pivot": [0.70633, 13.89442, 2.59447],
					"cubes": [
						{"origin": [3.00633, 10.18192, 2.06947], "size": [1.1, 7.425, 0.875], "pivot": [0.70633, 13.89442, 2.59447], "rotation": [3.74569, 0.17979, -2.74412], "uv": [42, 80], "mirror": true},
						{"origin": [-3.35, 10.39907, 2.25], "size": [6.8, 7.425, 0.7], "pivot": [0, 13.86157, 4.175], "rotation": [3.75, 0, 0], "uv": [42, 80]},
						{"origin": [-4.10633, 10.18192, 2.06947], "size": [1.1, 7.425, 0.875], "pivot": [-0.70633, 13.89442, 2.59447], "rotation": [3.74569, -0.17979, 2.74412], "uv": [42, 80]},
						{"origin": [-4.10633, 10.03192, 2.06947], "size": [1.1, 0.15, 0.875], "pivot": [-0.70633, 13.89442, 2.59447], "rotation": [3.74569, -0.17979, 2.74412], "uv": [113, 43]},
						{"origin": [-3.35, 10.24907, 2.25], "size": [6.8, 0.15, 0.7], "pivot": [0, 13.86157, 4.175], "rotation": [3.75, 0, 0], "uv": [105, 42]},
						{"origin": [3.00633, 10.03192, 2.06947], "size": [1.1, 0.15, 0.875], "pivot": [0.70633, 13.89442, 2.59447], "rotation": [3.74569, 0.17979, -2.74412], "uv": [116, 45], "mirror": true}
					]
				},
				{
					"name": "DownBody",
					"parent": "AllBody",
					"pivot": [0, 22.1491, 0],
					"cubes": [
						{"origin": [-3, 17.475, 0.625], "size": [6, 2.7, 1.225], "pivot": [0, 20.81174, 0.35], "rotation": [12.5, 0, 0], "uv": [48, 26]},
						{"origin": [1.98427, 17.01455, 1.25], "size": [1, 1, 1.125], "pivot": [0.98427, 17.68955, -0.25], "rotation": [0, 0, -20], "uv": [14, 41]},
						{"origin": [-2.98427, 17.01455, 1.25], "size": [1, 1, 1.125], "pivot": [-0.98427, 17.68955, -0.25], "rotation": [0, 0, 20], "uv": [23, 23]},
						{"origin": [-0.5, 16.6, -1.8], "size": [1, 1.3, 4.325], "uv": [54, 51]},
						{"origin": [-3.24783, 16.875, -1.8], "size": [1.925, 2, 3], "pivot": [0.00217, 21.225, -0.3], "rotation": [0, 0, 10], "uv": [33, 54]},
						{"origin": [1.32283, 16.875, -1.8], "size": [1.925, 2, 3], "pivot": [-0.00217, 21.225, -0.3], "rotation": [0, 0, -10], "uv": [33, 54], "mirror": true},
						{"origin": [-2.20927, 16.81455, -1.79], "size": [2, 1, 4.125], "pivot": [-0.98427, 17.51455, -0.3], "rotation": [0, 0, 20], "uv": [34, 49]},
						{"origin": [0.20927, 16.81455, -1.79], "size": [2, 1, 4.125], "pivot": [0.98427, 17.51455, -0.3], "rotation": [0, 0, -20], "uv": [34, 49], "mirror": true},
						{"origin": [-3.55, 16.725, -1.425], "size": [7.1, 1.2, 3.55], "uv": [0, 31]},
						{"origin": [-2.5, 17.525, -1.825], "size": [5, 2, 3.05], "uv": [38, 18]},
						{"origin": [2.3261, 16.76834, 0.5], "size": [1, 2.7, 1.35], "pivot": [0, 20.66174, 0.35], "rotation": [12.3159, 2.1539, -9.7676], "uv": [15, 35]},
						{"origin": [-3.3511, 16.76834, 0.5], "size": [1.025, 2.7, 1.35], "pivot": [0, 20.66174, 0.35], "rotation": [12.3159, -2.1539, 9.7676], "uv": [15, 35], "mirror": true}
					]
				},
				{
					"name": "LeftLeg",
					"parent": "DownBody",
					"pivot": [2.32, 19.55, 0],
					"cubes": [
						{"origin": [0.545, 9.725, -1.7], "size": [3.4, 7.825, 4.1], "uv": [28, 19]},
						{"origin": [0.23135, 12.14821, -1.65], "size": [0.675, 5.4, 4], "pivot": [0.61885, 14.84821, 0.35], "rotation": [0, 0, -7.25], "uv": [28, 40]},
						{"origin": [3.97, 10.4, -0.3], "size": [0.2, 7.35, 2.65], "pivot": [4.595, 14.075, 1.025], "rotation": [0, 0, -3.5], "uv": [74, 113]},
						{"origin": [3.97, 10.25, -0.375], "size": [0.2, 0.125, 2.725], "pivot": [4.595, 14.075, 1.025], "rotation": [0, 0, -3.5], "uv": [117, 41]},
						{"origin": [3.94607, 10.6399, -0.95], "size": [0.225, 7.35, 1.975], "pivot": [4.02107, 14.0399, 1.025], "rotation": [10.5, 0, -3.5], "uv": [74, 113]},
						{"origin": [3.97107, 10.6399, -1.05], "size": [0.2, 7.35, 0.125], "pivot": [4.02107, 14.0399, 1.025], "rotation": [10.5, 0, -3.5], "uv": [122, 41]}
					]
				},
				{
					"name": "LeftLowerLeg",
					"parent": "LeftLeg",
					"pivot": [2.12, 11.1, 0.25],
					"cubes": [
						{"origin": [0.57, 8.475, -1.6], "size": [3.35, 2.875, 2.9], "pivot": [-0.08, 10.425, 0.325], "rotation": [45, 0, 0], "uv": [54, 4]},
						{"origin": [0.545, 1.9, -1.65], "size": [3.375, 7.825, 4], "uv": [14, 39]}
					]
				},
				{
					"name": "LeftFoot",
					"parent": "LeftLowerLeg",
					"pivot": [2.1075, 2.75, 0.4375],
					"cubes": [
						{"origin": [0.545, 0, -1.79], "size": [3.375, 3.3, 4.15], "uv": [38, 26]}
					]
				},
				{
					"name": "bone",
					"parent": "LeftFoot",
					"pivot": [4.30417, 2.21502, -1.47213],
					"cubes": [
						{"origin": [3.72449, 2.06882, -1.54713], "size": [1.15, 0.275, 0.175], "pivot": [4.30417, 2.21502, -1.47213], "rotation": [84.72438, -68.65817, -84.51607], "uv": [115, 34]},
						{"origin": [3.72335, 2.07338, -1.54713], "size": [1.15, 0.275, 0.175], "pivot": [4.30417, 2.21502, -1.47213], "rotation": [79.09675, -79.8103, -78.69645], "uv": [115, 34]},
						{
							"origin": [4.14792, 2.04907, -1.59713],
							"size": [0.325, 0.35, 0.225],
							"pivot": [4.30417, 2.21502, -1.47213],
							"rotation": [83.28046, -73.38258, -82.99045],
							"uv": {
								"north": {"uv": [115, 34], "uv_size": [0, 0]},
								"east": {"uv": [110, 51], "uv_size": [7, 6]},
								"south": {"uv": [112, 52], "uv_size": [4, 4]},
								"west": {"uv": [112, 52], "uv_size": [7, 4]},
								"up": {"uv": [115, 34], "uv_size": [0, 0]},
								"down": {"uv": [115, 34], "uv_size": [0, 0]}
							}
						}
					]
				},
				{
					"name": "LeftSole",
					"parent": "LeftFoot",
					"pivot": [2.1575, 1.64523, -1.45569],
					"cubes": [
						{"origin": [0.49, 0.575, -3.725], "size": [3.45, 2, 3], "pivot": [2.6075, 1.4, -2.725], "rotation": [30.25, 0, 0], "uv": [0, 123]},
						{"origin": [0.47, 0.01, -4.175], "size": [3.475, 1.9, 3], "uv": [24, 53]}
					]
				},
				{
					"name": "bone6",
					"parent": "LeftLeg",
					"pivot": [0.025, 15.21157, -1.55],
					"cubes": [
						{"origin": [-0.05, 10.37407, -1.95], "size": [3.175, 4.725, 0.6], "pivot": [0.025, 15.21157, -1.55], "rotation": [-2, 0, 0], "uv": [41, 114]},
						{"origin": [-0.075, 15.09907, -1.95], "size": [3.2, 2.475, 0.6], "pivot": [0.025, 15.21157, -1.55], "rotation": [-2, 0, 0], "uv": [41, 114]},
						{"origin": [2.775, 10.62756, -1.94994], "size": [0.925, 7.275, 1.3], "pivot": [0.025, 15.21506, -1.64994], "rotation": [-1.99513, 0.13948, 3.99757], "uv": [70, 114]},
						{"origin": [3.675, 10.62756, -1.94994], "size": [0.1, 7.275, 1.3], "pivot": [0.025, 15.21506, -1.64994], "rotation": [-1.99513, 0.13948, 3.99757], "uv": [120, 40]},
						{"origin": [-0.05, 10.24907, -1.95], "size": [3.45, 0.175, 0.6], "pivot": [0.025, 15.21157, -1.55], "rotation": [-2, 0, 0], "uv": [110, 42]}
					]
				},
				{
					"name": "RightLeg",
					"parent": "DownBody",
					"pivot": [-2.32, 19.55, 0],
					"cubes": [
						{"origin": [-4.17, 10.25, -0.375], "size": [0.2, 0.125, 2.725], "pivot": [-4.595, 14.075, 1.025], "rotation": [0, 0, 3.5], "uv": [117, 41], "mirror": true},
						{"origin": [-4.17, 10.4, -0.3], "size": [0.2, 7.35, 2.65], "pivot": [-4.595, 14.075, 1.025], "rotation": [0, 0, 3.5], "uv": [74, 113], "mirror": true},
						{"origin": [-4.17107, 10.6399, -0.95], "size": [0.225, 7.35, 1.975], "pivot": [-4.02107, 14.0399, 1.025], "rotation": [10.5, 0, 3.5], "uv": [74, 113], "mirror": true},
						{"origin": [-4.17107, 10.6399, -1.05], "size": [0.2, 7.35, 0.125], "pivot": [-4.02107, 14.0399, 1.025], "rotation": [10.5, 0, 3.5], "uv": [122, 41], "mirror": true},
						{"origin": [-3.945, 9.725, -1.7], "size": [3.4, 7.825, 4.1], "uv": [28, 19], "mirror": true},
						{"origin": [-0.95115, 12.34676, -1.65], "size": [0.725, 5.2, 4], "pivot": [-0.58865, 14.94676, 0.35], "rotation": [0, 0, 6.75], "uv": [28, 40], "mirror": true}
					]
				},
				{
					"name": "RightLowerLeg",
					"parent": "RightLeg",
					"pivot": [-2.12, 11.1, 0.25],
					"cubes": [
						{"origin": [-3.87, 8.475, -1.6], "size": [3.3, 2.875, 2.875], "pivot": [0.08, 10.425, 0.325], "rotation": [45, 0, 0], "uv": [54, 4], "mirror": true},
						{"origin": [-3.92, 1.9, -1.65], "size": [3.35, 7.825, 4], "uv": [14, 39], "mirror": true}
					]
				},
				{
					"name": "RightFoot",
					"parent": "RightLowerLeg",
					"pivot": [-2.1075, 2.75, 0.4375],
					"cubes": [
						{"origin": [-3.92, 0, -1.79], "size": [3.375, 3.3, 4.15], "uv": [38, 26], "mirror": true}
					]
				},
				{
					"name": "bone4",
					"parent": "RightFoot",
					"pivot": [-4.30417, 2.21502, -1.47213],
					"cubes": [
						{"origin": [-4.87449, 2.06882, -1.54713], "size": [1.15, 0.275, 0.175], "pivot": [-4.30417, 2.21502, -1.47213], "rotation": [84.72438, 68.65817, 84.51607], "uv": [115, 34], "mirror": true},
						{"origin": [-4.87335, 2.07338, -1.54713], "size": [1.15, 0.275, 0.175], "pivot": [-4.30417, 2.21502, -1.47213], "rotation": [79.09675, 79.8103, 78.69645], "uv": [115, 34], "mirror": true},
						{
							"origin": [-4.47292, 2.04907, -1.59713],
							"size": [0.325, 0.35, 0.225],
							"pivot": [-4.30417, 2.21502, -1.47213],
							"rotation": [83.28046, 73.38258, 82.99045],
							"uv": {
								"north": {"uv": [115, 34], "uv_size": [0, 0]},
								"east": {"uv": [119, 52], "uv_size": [-7, 4]},
								"south": {"uv": [116, 52], "uv_size": [-4, 4]},
								"west": {"uv": [117, 51], "uv_size": [-7, 6]},
								"up": {"uv": [115, 34], "uv_size": [0, 0]},
								"down": {"uv": [115, 34], "uv_size": [0, 0]}
							}
						}
					]
				},
				{
					"name": "RightSole",
					"parent": "RightFoot",
					"pivot": [-2.1575, 1.64523, -1.45569],
					"cubes": [
						{"origin": [-3.94, 0.575, -3.725], "size": [3.39, 2, 3], "pivot": [-2.6075, 1.4, -2.725], "rotation": [30.25, 0, 0], "uv": [0, 123], "mirror": true},
						{"origin": [-3.945, 0.01, -4.175], "size": [3.4, 1.9, 3], "uv": [24, 53], "mirror": true}
					]
				},
				{
					"name": "bone7",
					"parent": "RightLeg",
					"pivot": [0.025, 15.21157, -1.55],
					"cubes": [
						{"origin": [-3.075, 15.09907, -1.95], "size": [3.2, 2.475, 0.6], "pivot": [0.025, 15.21157, -1.55], "rotation": [-2, 0, 0], "uv": [41, 114]},
						{"origin": [-3.075, 10.37407, -1.95], "size": [3.025, 4.725, 0.6], "pivot": [0.025, 15.21157, -1.55], "rotation": [-2, 0, 0], "uv": [41, 114]},
						{"origin": [-3.7, 10.62756, -1.94994], "size": [0.925, 7.275, 1.3], "pivot": [-0.025, 15.21506, -1.64994], "rotation": [-1.99513, -0.13948, -3.99757], "uv": [70, 114], "mirror": true},
						{"origin": [-3.775, 10.62756, -1.94994], "size": [0.1, 7.25, 1.3], "pivot": [-0.025, 15.21506, -1.64994], "rotation": [-1.99513, -0.13948, -3.99757], "uv": [120, 40], "mirror": true},
						{"origin": [-3.425, 10.24907, -1.95], "size": [3.375, 0.175, 0.6], "pivot": [0.025, 15.21157, -1.55], "rotation": [-2, 0, 0], "uv": [110, 42]}
					]
				},
				{
					"name": "bone5",
					"parent": "DownBody",
					"pivot": [-0.025, 19.91157, -1.55],
					"cubes": [
						{"origin": [-3.075, 17.54907, -1.85], "size": [6.2, 4.725, 0.6], "uv": [41, 114]},
						{"origin": [2.575, 17.02407, -1.85], "size": [0.975, 4.725, 0.6], "pivot": [0.025, 19.91157, -1.55], "rotation": [0, 0, -9.25], "uv": [45, 114]},
						{"origin": [-3.55, 17.02407, -1.85], "size": [0.975, 4.725, 0.6], "pivot": [-0.025, 19.91157, -1.55], "rotation": [0, 0, 9.25], "uv": [45, 114], "mirror": true}
					]
				}
			]
		}
	]
}