{
	"format_version": "1.12.0",
	"minecraft:geometry": [
		{
			"description": {
				"identifier": "geometry.unknown",
				"texture_width": 256,
				"texture_height": 256,
				"visible_bounds_width": 19,
				"visible_bounds_height": 17,
				"visible_bounds_offset": [0, 0.5, 0]
			},
			"bones": [
				{
					"name": "RightArm",
					"pivot": [-1.65, 29.7, 0],
					"cubes": [
						{"origin": [-3.8, 23.75, -1.8], "size": [3.55, 5, 3.5], "uv": [108, 79]},
						{"origin": [-4.89671, 27.95904, -1.606], "size": [3.5405, 2.263, 3.139], "pivot": [-2.67903, 27.73476, 0], "rotation": [0, 0, 45], "uv": [118, 90]},
						{"origin": [-4.19808, 27.85931, -1.606], "size": [1, 1.533, 3.139], "pivot": [-2.67903, 27.73476, 0], "rotation": [0, 0, 3], "uv": [132, 95]},
						{"origin": [-4.71421, 27.81304, -2.0805], "size": [3.65, 2.336, 4.21575], "pivot": [-2.67903, 27.73476, 0], "rotation": [0, 0, 45], "uv": [176, 25]},
						{"origin": [-4.28536, 24.86828, -2.19], "size": [2.50025, 2.241, 4.453], "pivot": [-2.67903, 27.73476, 0], "rotation": [0, 0, 3.5], "uv": [182, 87]},
						{"origin": [-4.14333, 24.93931, -2.044], "size": [4.21425, 4.234, 4.161], "inflate": 0.05, "pivot": [-2.67903, 27.73476, 0], "rotation": [0, 0, 3], "uv": [166, 71]}
					]
				},
				{
					"name": "RightForeArm",
					"parent": "RightArm",
					"pivot": [-1.875, 23.75, 0.025],
					"cubes": [
						{"origin": [-3.8, 19.75, -1.8], "size": [3.55, 4, 3.5], "uv": [148, 72]}
					]
				},
				{
					"name": "RightHand",
					"parent": "RightForeArm",
					"pivot": [-1.875, 20.225, 0.025],
					"cubes": [
						{"origin": [-3.8, 16.75, -1.8], "size": [3.55, 3, 3.5], "uv": [148, 76]},
						{"origin": [-2.375, 17.725, -0.475], "size": [1, 1, 1], "uv": [128, 70]},
						{"origin": [-4.04056, 18.71228, -1.9], "size": [4.025, 2, 3.7], "pivot": [-2.02806, 20.41228, -0.05], "rotation": [0, 0, -2.75], "uv": [180, 55]}
					]
				},
				{
					"name": "RightHandLocator",
					"parent": "RightHand",
					"pivot": [-2.175, 18.325, 0.05]
				},
				{
					"name": "BladeLocator",
					"parent": "RightHand",
					"pivot": [-2.175, 18.325, 0.05]
				},
				{
					"name": "LeftArm",
					"pivot": [1.65, 29.7, 0],
					"cubes": [
						{"origin": [0.25, 23.75, -1.8], "size": [3.55, 5, 3.5], "uv": [108, 79], "mirror": true},
						{"origin": [3.19808, 27.85931, -1.606], "size": [1, 1.533, 3.139], "pivot": [2.67903, 27.73476, 0], "rotation": [0, 0, -3], "uv": [132, 95], "mirror": true},
						{"origin": [1.35621, 27.95904, -1.606], "size": [3.5405, 2.263, 3.139], "pivot": [2.67903, 27.73476, 0], "rotation": [0, 0, -45], "uv": [118, 90], "mirror": true},
						{"origin": [1.06421, 27.81304, -2.0805], "size": [3.65, 2.336, 4.21575], "pivot": [2.67903, 27.73476, 0], "rotation": [0, 0, -45], "uv": [176, 25], "mirror": true},
						{"origin": [1.78511, 24.86828, -2.19], "size": [2.50025, 2.241, 4.453], "pivot": [2.67903, 27.73476, 0], "rotation": [0, 0, -3.5], "uv": [182, 87], "mirror": true},
						{"origin": [-0.07092, 24.93931, -2.044], "size": [4.21425, 4.234, 4.161], "inflate": 0.05, "pivot": [2.67903, 27.73476, 0], "rotation": [0, 0, -3], "uv": [166, 71], "mirror": true}
					]
				},
				{
					"name": "LeftForeArm",
					"parent": "LeftArm",
					"pivot": [1.875, 23.75, 0.025],
					"cubes": [
						{"origin": [0.25, 19.75, -1.8], "size": [3.55, 4, 3.5], "uv": [148, 72], "mirror": true}
					]
				},
				{
					"name": "LeftHand",
					"parent": "LeftForeArm",
					"pivot": [1.875, 20.225, 0.025],
					"cubes": [
						{"origin": [0.25, 16.75, -1.8], "size": [3.55, 3, 3.5], "uv": [148, 76], "mirror": true},
						{"origin": [1.375, 17.725, -0.475], "size": [1, 1, 1], "uv": [128, 70], "mirror": true},
						{"origin": [0.01556, 18.71228, -1.9], "size": [4.025, 2, 3.7], "pivot": [2.02806, 20.41228, -0.05], "rotation": [0, 0, 2.75], "uv": [180, 55], "mirror": true}
					]
				},
				{
					"name": "LeftWaistLocator",
					"parent": "LeftHand",
					"pivot": [2.175, 18.325, 0.05]
				},
				{
					"name": "LeftHandLocator",
					"parent": "LeftHand",
					"pivot": [2.175, 18.325, 0.05]
				},
				{
					"name": "SheathLocator",
					"parent": "LeftHand",
					"pivot": [2.175, 18.325, 0.05]
				}
			]
		}
	]
}