{
	"format_version": "1.12.0",
	"minecraft:geometry": [
		{
			"description": {
				"identifier": "geometry.unknown",
				"texture_width": 128,
				"texture_height": 128,
				"visible_bounds_width": 3,
				"visible_bounds_height": 4.5,
				"visible_bounds_offset": [0, 1.75, 0]
			},
			"bones": [
				{
					"name": "LeftArm",
					"pivot": [4.4, 28.7, 0],
					"cubes": [
						{"origin": [2.85, 22.75, -1.5], "size": [3.05, 7, 3], "uv": [80, 61]},
						{"origin": [2.75773, 21.42673, -1.1], "size": [2.55, 2, 2.2], "uv": [93, 37]},
						{"origin": [2.65773, 21.40173, -1.125], "size": [2.7, 2.05, 2.3], "uv": [16, 93]},
						{"origin": [2.7, 22.575, -1.7], "size": [3.25, 7.3, 3.4], "uv": [48, 80]}
					]
				},
				{
					"name": "XiuTao",
					"parent": "LeftArm",
					"pivot": [4.2, 25.575, -0.46875],
					"rotation": [0, 5, 0],
					"cubes": [
						{"origin": [2.4, 24.575, -1.925], "size": [3.85, 2.3, 3.9], "uv": [85, 77]},
						{"origin": [2.375, 24.775, -1.95], "size": [3.9, 0.2, 3.95], "uv": [114, 5]},
						{"origin": [5.375, 25.075, -0.825], "size": [0.9, 0.2, 1.35], "pivot": [5.825, 24.875, -0.975], "rotation": [57.5, 0, 0], "uv": [114, 5]},
						{"origin": [5.375, 25.13199, -1.83475], "size": [0.9, 0.2, 1.35], "pivot": [5.825, 25.73199, -0.78475], "rotation": [122.5, 0, 0], "uv": [114, 5]},
						{"origin": [3.375, 24.975, -1.95], "size": [0.9, 0.2, 0], "uv": [114, 5]},
						{"origin": [2.375, 26.525, -1.95], "size": [3.9, 0.2, 3.95], "uv": [114, 5]}
					]
				},
				{
					"name": "LeftForeArm",
					"parent": "LeftArm",
					"pivot": [3.875, 22.5, 0.025],
					"cubes": [
						{"origin": [2.875, 15.75, -1.475], "size": [3, 7, 3], "uv": [24, 80]},
						{"origin": [2.775, 18.05, -1.575], "size": [3.2, 5, 3.2], "uv": [0, 83]}
					]
				},
				{
					"name": "LeftHand",
					"parent": "LeftForeArm",
					"pivot": [3.875, 17.5, 0.025]
				},
				{
					"name": "LeftHandLocator",
					"parent": "LeftHand",
					"pivot": [3.875, 22.5, 0.025]
				},
				{
					"name": "RightArm",
					"pivot": [-4.4, 28.7, 0],
					"cubes": [
						{"origin": [-5.9, 22.75, -1.5], "size": [3.05, 7, 3], "uv": [80, 61], "mirror": true},
						{"origin": [-5.30773, 21.42673, -1.1], "size": [2.55, 2, 2.2], "uv": [93, 37], "mirror": true},
						{"origin": [-5.35773, 21.40173, -1.125], "size": [2.7, 2.05, 2.3], "uv": [16, 93], "mirror": true},
						{"origin": [-5.95, 22.575, -1.7], "size": [3.25, 7.3, 3.4], "uv": [48, 80], "mirror": true}
					]
				},
				{
					"name": "RightForeArm",
					"parent": "RightArm",
					"pivot": [-3.875, 22.5, 0.025],
					"cubes": [
						{"origin": [-5.875, 15.75, -1.475], "size": [3, 7, 3], "uv": [24, 80], "mirror": true},
						{"origin": [-5.975, 18.05, -1.575], "size": [3.2, 5, 3.2], "uv": [0, 83], "mirror": true}
					]
				},
				{
					"name": "RightHand",
					"parent": "RightForeArm",
					"pivot": [-3.875, 17.5, 0.025]
				},
				{
					"name": "RightHandLocator",
					"parent": "RightHand",
					"pivot": [-3.875, 17.5, 0.025]
				}
			]
		}
	]
}