{
	"format_version": "1.12.0",
	"minecraft:geometry": [
		{
			"description": {
				"identifier": "geometry.unknown",
				"texture_width": 128,
				"texture_height": 128,
				"visible_bounds_width": 3,
				"visible_bounds_height": 4.5,
				"visible_bounds_offset": [0, 1.75, 0]
			},
			"bones": [
				{
					"name": "Root",
					"pivot": [0, 2.65, 0]
				},
				{
					"name": "AllBody",
					"parent": "Root",
					"pivot": [0, 10.65, 0]
				},
				{
					"name": "UpBody",
					"parent": "AllBody",
					"pivot": [0, 19.88333, -0.025],
					"cubes": [
						{"origin": [-2.7, 28.15, -2.125], "size": [5.4, 2, 4.2], "uv": [64, 27]},
						{"origin": [-3.5, 17.75, -2.025], "size": [7, 12, 4], "uv": [0, 24]},
						{"origin": [-3.5, 20.85, -2.95], "size": [7, 4, 1], "pivot": [0, 20.75, -2.025], "rotation": [-12.5, 0, 0], "uv": [87, 119]}
					]
				},
				{
					"name": "AllHead",
					"parent": "UpBody",
					"pivot": [0, 27.88333, -0.025],
					"cubes": [
						{"origin": [-1.5, 29.75, -1.525], "size": [3, 2, 3], "uv": [87, 0]}
					]
				},
				{
					"name": "Head",
					"parent": "AllHead",
					"pivot": [0, 30.9, 0],
					"cubes": [
						{"origin": [-2.325, 31.3, -3.51], "size": [0.2, 4.2, 1], "pivot": [-2.175, 33.4, -3.01], "rotation": [0, 0, 2.5], "uv": [123, 17], "mirror": true},
						{"origin": [-3.5, 30.9, -3.5], "size": [7, 7, 7], "uv": [0, 10]}
					]
				},
				{
					"name": "Face",
					"parent": "Head",
					"pivot": [-1.05, 13.9, -4.5]
				},
				{
					"name": "Eyes",
					"parent": "Face",
					"pivot": [-1.05, 13.9, -4.5]
				},
				{
					"name": "YanJing",
					"parent": "Eyes",
					"pivot": [-1.05, 13.9, -4.55]
				},
				{
					"name": "Eyebrow",
					"parent": "Eyes",
					"pivot": [2.875, 33.7, -3.2]
				},
				{
					"name": "LeftEyebrow",
					"parent": "Eyebrow",
					"pivot": [2.875, 33.7, -3.2],
					"cubes": [
						{"origin": [1.375, 33.7, -3.7], "size": [2.3, 1, 1], "uv": [102, 0]},
						{"origin": [3.35, 33.425, -3.875], "size": [1.1, 1, 1], "uv": [108, 0]}
					]
				},
				{
					"name": "RightEyebrow",
					"parent": "Eyebrow",
					"pivot": [-2.875, 33.7, -3.2],
					"cubes": [
						{"origin": [-3.675, 33.7, -3.7], "size": [2.3, 1, 1], "uv": [102, 0]},
						{"origin": [-4.45, 33.425, -3.95], "size": [1.1, 1, 1], "uv": [108, 0]}
					]
				},
				{
					"name": "Eyelid",
					"parent": "Eyes",
					"pivot": [0, 32.9, 0]
				},
				{
					"name": "RightEyelid",
					"parent": "Eyelid",
					"pivot": [-2.5, 32.9, -3.025],
					"cubes": [
						{"origin": [-3.5, 31.9, -3.525], "size": [2, 2, 1], "uv": [105, 28]}
					]
				},
				{
					"name": "RightEyesBase",
					"parent": "RightEyelid",
					"pivot": [-2.325, 32.9, -3.075],
					"cubes": [
						{"origin": [-3.025, 31.9, -3.575], "size": [1.4, 2, 1], "uv": [105, 39]}
					]
				},
				{
					"name": "GaoGuang",
					"parent": "RightEyesBase",
					"pivot": [-1.8, 33.4, -3.1],
					"cubes": [
						{"origin": [-2.05, 33.25, -3.6], "size": [0.5, 0.3, 1], "uv": [6, 108]}
					]
				},
				{
					"name": "LeftEyelid",
					"parent": "Eyelid",
					"pivot": [2.5, 32.9, -3.025],
					"cubes": [
						{"origin": [1.5, 31.9, -3.525], "size": [2, 2, 1], "uv": [105, 28]}
					]
				},
				{
					"name": "LeftEyesBase",
					"parent": "LeftEyelid",
					"pivot": [2.325, 32.9, -3.075],
					"cubes": [
						{"origin": [1.625, 31.9, -3.575], "size": [1.4, 2, 1], "uv": [105, 39]}
					]
				},
				{
					"name": "GaoGuang2",
					"parent": "LeftEyesBase",
					"pivot": [2.825, 33.4, -3.1],
					"cubes": [
						{"origin": [2.575, 33.25, -3.6], "size": [0.5, 0.3, 1], "uv": [6, 108]}
					]
				},
				{
					"name": "Hair",
					"parent": "Head",
					"pivot": [-0.14783, 35.36957, 0.62174],
					"cubes": [
						{"origin": [-0.5, 33.9, -5], "size": [1, 5, 1], "uv": [35, 96]},
						{"origin": [1.5, 35.9, -5], "size": [1, 3, 1], "uv": [14, 50]},
						{"origin": [4.2, 31.9, 3], "size": [1, 5, 1], "uv": [31, 96]},
						{"origin": [4.2, 30.9, 2], "size": [1, 7, 1], "uv": [60, 94]},
						{"origin": [4.2, 30.9, 0], "size": [1, 7, 2], "uv": [86, 88]},
						{"origin": [3.2, 31.9, 0], "size": [1, 2, 3], "uv": [92, 89]},
						{"origin": [3.2, 32.9, -1], "size": [1, 1, 1], "uv": [37, 71]},
						{"origin": [-4.2, 32.9, -1], "size": [1, 1, 1], "uv": [42, 67]},
						{"origin": [-4.2, 31.9, 0], "size": [1, 2, 3], "uv": [92, 84]},
						{"origin": [-3.8, 31.025, 2.1], "size": [8, 3, 2], "uv": [64, 41]},
						{"origin": [4.2, 33.9, -1], "size": [1, 3, 1], "uv": [0, 46]},
						{"origin": [-5.2, 30.9, 2], "size": [1, 7, 1], "uv": [52, 90]},
						{"origin": [-5.2, 30.9, 0], "size": [1, 7, 2], "uv": [42, 58]},
						{"origin": [-5.2, 33.9, -1], "size": [1, 3, 1], "uv": [18, 24]},
						{"origin": [-5.2, 31.9, 3], "size": [1, 5, 1], "uv": [27, 96]},
						{"origin": [-1.5, 34.9, -5], "size": [1, 4, 1], "uv": [97, 25]},
						{"origin": [0.5, 34.9, -5], "size": [1, 4, 1], "uv": [16, 97]},
						{"origin": [-2.5, 35.9, -5], "size": [1, 3, 1], "uv": [49, 51]},
						{"origin": [-4.45, 34.95, -3.7], "size": [1, 4, 3], "uv": [43, 0]},
						{"origin": [3.475, 34.95, -4], "size": [1, 4, 3], "uv": [23, 0]},
						{"origin": [-4.5, 32, -1.825], "size": [1, 7, 6], "uv": [0, 60]},
						{"origin": [3.5, 32, -1.825], "size": [1, 7, 6], "uv": [57, 58]},
						{"origin": [-4.4, 33.6, -3.6], "size": [1, 4, 2], "uv": [22, 63]},
						{"origin": [-2, 36.6, -4.2], "size": [4, 3, 1], "uv": [24, 50]},
						{"origin": [-2.9, 38.9, -3.6], "size": [6, 1, 8], "uv": [23, 0]},
						{"origin": [-3.475, 38.1, -3.975], "size": [7, 1, 9], "uv": [0, 0]},
						{"origin": [-1.9, 39.9, -2.6], "size": [4, 1, 6], "uv": [55, 0]},
						{"origin": [-2.9, 39.9, -1.6], "size": [1, 1, 4], "uv": [8, 60]},
						{"origin": [2.1, 39.9, -1.6], "size": [1, 1, 4], "uv": [28, 40]},
						{"origin": [-3.9, 38.9, -2.6], "size": [1, 1, 6], "uv": [80, 32]},
						{"origin": [3.1, 38.9, -2.6], "size": [1, 1, 6], "uv": [79, 11]},
						{"origin": [2.5, 34.8, -4.5], "size": [1, 4, 1], "uv": [97, 80]},
						{"origin": [-3.5, 34.8, -4.5], "size": [1, 4, 1], "uv": [12, 97]}
					]
				},
				{
					"name": "QianTouFa2",
					"parent": "Hair",
					"pivot": [-3.9125, 36.61167, -1.84979],
					"rotation": [-0.5, 0, 0],
					"cubes": [
						{"origin": [-4.425, 30.11167, -3.84979], "size": [1.025, 6, 2], "uv": [46, 90]},
						{"origin": [-4.0242, 35.18677, -4.69389], "size": [1, 2, 1], "pivot": [-4.0242, 36.32427, -3.54389], "rotation": [-88.50032, 76.82121, -164.96906], "uv": [3, 122], "mirror": true},
						{"origin": [-4.0242, 35.46177, -3.39389], "size": [1, 2, 1], "pivot": [-4.0242, 36.32427, -3.54389], "rotation": [-88.50032, 76.82121, -164.96906], "uv": [3, 122], "mirror": true},
						{"origin": [-5.425, 32.21167, -3.87479], "size": [1.025, 4, 1], "uv": [8, 97]},
						{"origin": [-5.425, 31.21167, -2.87479], "size": [1.025, 6, 1], "uv": [92, 94]}
					]
				},
				{
					"name": "bone6",
					"parent": "QianTouFa2",
					"pivot": [-4.2, 33.38667, -2.82479],
					"rotation": [0, 0, 12.5]
				},
				{
					"name": "QianTouFa3",
					"parent": "Hair",
					"pivot": [3.9125, 36.93667, -1.79979],
					"rotation": [-0.5, 0, 0],
					"cubes": [
						{"origin": [3.4, 30.43667, -3.79979], "size": [1.025, 6, 2], "uv": [40, 90]},
						{"origin": [4.4, 32.53667, -3.82479], "size": [1.025, 4, 1], "uv": [96, 94]},
						{"origin": [4.4, 31.53667, -2.82479], "size": [1.025, 6, 1], "uv": [80, 94]}
					]
				},
				{
					"name": "bone4",
					"parent": "QianTouFa3",
					"pivot": [4.2, 33.71167, -2.77479],
					"rotation": [0, 0, -12.5]
				},
				{
					"name": "Xu1_QianTouFa2",
					"parent": "Hair",
					"pivot": [3.9125, 34.23667, -1.19979],
					"rotation": [-22.48436, -0.75155, -2.38443],
					"cubes": [
						{"origin": [4.4, 29.23667, -2.12479], "size": [1, 5, 1.5], "uv": [23, 96]},
						{"origin": [3.4, 28.23667, -2.12479], "size": [1, 6, 1.5], "uv": [76, 94]}
					]
				},
				{
					"name": "Xu1_QianTouFa3",
					"parent": "Xu1_QianTouFa2",
					"pivot": [4.3125, 29.66167, -1.39979],
					"rotation": [4.62111, -1.91134, 9.92287],
					"cubes": [
						{"origin": [3.5, 26.66167, -2.02479], "size": [1, 3, 1.2], "uv": [72, 94]},
						{"origin": [4.075, 25.96167, -1.97479], "size": [1, 4, 1.2], "uv": [72, 94]}
					]
				},
				{
					"name": "Xu1_QianTouFa4",
					"parent": "Xu1_QianTouFa3",
					"pivot": [4.2375, 26.96167, -1.29979],
					"rotation": [4.95744, 0.65182, -17.47178],
					"cubes": [
						{"origin": [3.725, 22.96167, -1.92479], "size": [1, 4, 1.2], "uv": [96, 41]}
					]
				},
				{
					"name": "Xu1_QianTouFa5",
					"parent": "Hair",
					"pivot": [-3.9125, 34.23667, -1.19979],
					"rotation": [-22.48436, 0.75155, 2.38443],
					"cubes": [
						{"origin": [-5.4, 29.23667, -2.12479], "size": [1, 5, 1.5], "uv": [23, 96], "mirror": true},
						{"origin": [-4.4, 28.23667, -2.12479], "size": [1, 6, 1.5], "uv": [76, 94], "mirror": true}
					]
				},
				{
					"name": "Xu1_QianTouFa6",
					"parent": "Xu1_QianTouFa5",
					"pivot": [-4.3125, 29.66167, -1.39979],
					"rotation": [4.62111, 1.91134, -9.92287],
					"cubes": [
						{"origin": [-4.5, 26.66167, -2.02479], "size": [1, 3, 1.2], "uv": [72, 94], "mirror": true},
						{"origin": [-5.075, 25.96167, -1.97479], "size": [1, 4, 1.2], "uv": [72, 94], "mirror": true}
					]
				},
				{
					"name": "Xu1_QianTouFa7",
					"parent": "Xu1_QianTouFa6",
					"pivot": [-4.2375, 26.96167, -1.29979],
					"rotation": [4.95744, -0.65182, 17.47178],
					"cubes": [
						{"origin": [-4.725, 22.96167, -1.92479], "size": [1, 4, 1.2], "uv": [96, 41], "mirror": true}
					]
				},
				{
					"name": "TouFa_Chang4",
					"parent": "Hair",
					"pivot": [0, 36.875, 4.8],
					"cubes": [
						{"origin": [3, 32.15, 4.05], "size": [1, 6, 1], "uv": [56, 94]},
						{"origin": [-3, 31.125, 4.05], "size": [6, 7, 1], "uv": [81, 50]},
						{"origin": [-4, 32.125, 4.1], "size": [1, 6, 1], "uv": [64, 94]},
						{"origin": [-2.5, 33.1, 5], "size": [5, 5, 1], "uv": [12, 87]}
					]
				},
				{
					"name": "TouFa_MaWei",
					"parent": "Hair",
					"pivot": [5.125, 39.75, 0.8]
				},
				{
					"name": "HuDieJie",
					"parent": "TouFa_MaWei",
					"pivot": [5.34584, 38.96203, 1.07146],
					"rotation": [1.10479, 15.88702, -18.43209],
					"cubes": [
						{"origin": [3.72858, 37.79747, 0.25795], "size": [3, 2, 1], "pivot": [5.10358, 38.79747, 0.85795], "rotation": [90.65208, -82.6141, -89.34792], "uv": [3, 122]}
					]
				},
				{
					"name": "MaWei",
					"parent": "TouFa_MaWei",
					"pivot": [5.625, 38.825, 1.475],
					"cubes": [
						{"origin": [4.625, 32.325, 1.375], "size": [2, 6, 1], "uv": [0, 10]},
						{"origin": [6.325, 34.425, 0.575], "size": [1, 3, 1], "uv": [95, 75]}
					]
				},
				{
					"name": "MaWei3",
					"parent": "MaWei",
					"pivot": [5.825, 38.625, 1.075],
					"cubes": [
						{"origin": [5.325, 34.325, 0.575], "size": [1, 5, 1], "uv": [4, 96]}
					]
				},
				{
					"name": "MaWei4",
					"parent": "MaWei3",
					"pivot": [5.875, 34.775, 0.925],
					"cubes": [
						{"origin": [5.375, 30.275, 0.425], "size": [1, 5, 1], "uv": [96, 5]}
					]
				},
				{
					"name": "MaWei2",
					"parent": "MaWei",
					"pivot": [5.8, 35.025, 1.375],
					"cubes": [
						{"origin": [4.8, 29.525, 1.275], "size": [2, 5, 1], "uv": [0, 60]},
						{"origin": [6.5, 30.775, 0.475], "size": [1, 5, 1], "uv": [0, 96]}
					]
				},
				{
					"name": "MaWei5",
					"parent": "MaWei2",
					"pivot": [5.875, 32.025, 1.45],
					"cubes": [
						{"origin": [4.875, 25.525, 1.35], "size": [2, 5, 1], "uv": [22, 27]},
						{"origin": [5.875, 23.525, 1.35], "size": [1, 2, 1], "uv": [121, 40]},
						{"origin": [6.575, 27.625, 0.55], "size": [1, 5, 1], "uv": [95, 69]}
					]
				},
				{
					"name": "TouFa_MaWei2",
					"parent": "Hair",
					"pivot": [-5.125, 39.75, 0.8]
				},
				{
					"name": "HuDieJie2",
					"parent": "TouFa_MaWei2",
					"pivot": [-5.34584, 38.96203, 1.07146],
					"rotation": [1.10479, -15.88702, 18.43209],
					"cubes": [
						{"origin": [-6.72858, 37.79747, 0.25795], "size": [3, 2, 1], "pivot": [-5.10358, 38.79747, 0.85795], "rotation": [90.65208, 82.6141, 89.34792], "uv": [3, 122], "mirror": true}
					]
				},
				{
					"name": "MaWei6",
					"parent": "TouFa_MaWei2",
					"pivot": [-5.625, 38.825, 1.475],
					"cubes": [
						{"origin": [-6.625, 32.325, 1.375], "size": [2, 6, 1], "uv": [0, 10], "mirror": true},
						{"origin": [-7.325, 34.425, 0.575], "size": [1, 3, 1], "uv": [95, 75], "mirror": true}
					]
				},
				{
					"name": "MaWei7",
					"parent": "MaWei6",
					"pivot": [-5.825, 38.625, 1.075],
					"cubes": [
						{"origin": [-6.325, 34.325, 0.575], "size": [1, 5, 1], "uv": [4, 96], "mirror": true}
					]
				},
				{
					"name": "MaWei8",
					"parent": "MaWei7",
					"pivot": [-5.875, 34.775, 0.925],
					"cubes": [
						{"origin": [-6.375, 30.275, 0.425], "size": [1, 5, 1], "uv": [96, 5], "mirror": true}
					]
				},
				{
					"name": "MaWei9",
					"parent": "MaWei6",
					"pivot": [-5.8, 35.025, 1.375],
					"cubes": [
						{"origin": [-6.8, 29.525, 1.275], "size": [2, 5, 1], "uv": [0, 60], "mirror": true},
						{"origin": [-7.5, 30.775, 0.475], "size": [1, 5, 1], "uv": [0, 96], "mirror": true}
					]
				},
				{
					"name": "MaWei10",
					"parent": "MaWei9",
					"pivot": [-5.875, 32.025, 1.45],
					"cubes": [
						{"origin": [-6.875, 25.525, 1.35], "size": [2, 5, 1], "uv": [22, 27], "mirror": true},
						{"origin": [-6.875, 23.525, 1.35], "size": [1, 2, 1], "uv": [121, 40], "mirror": true},
						{"origin": [-7.575, 27.625, 0.55], "size": [1, 5, 1], "uv": [95, 69], "mirror": true}
					]
				},
				{
					"name": "Arm",
					"parent": "UpBody",
					"pivot": [-0.2, 4.95, 0]
				},
				{
					"name": "LeftArm",
					"parent": "Arm",
					"pivot": [4.4, 28.7, 0],
					"rotation": [0, 0, -18],
					"cubes": [
						{"origin": [2.85, 22.75, -1.5], "size": [3.05, 7, 3], "uv": [80, 61]},
						{"origin": [2.75773, 21.42673, -1.1], "size": [2.55, 2, 2.2], "uv": [93, 37]},
						{"origin": [2.65773, 21.40173, -1.125], "size": [2.7, 2.05, 2.3], "uv": [16, 93]},
						{"origin": [2.7, 22.575, -1.7], "size": [3.25, 7.3, 3.4], "uv": [48, 80]}
					]
				},
				{
					"name": "XiuTao",
					"parent": "LeftArm",
					"pivot": [4.2, 25.575, -0.46875],
					"rotation": [0, 5, 0],
					"cubes": [
						{"origin": [2.4, 24.575, -1.925], "size": [3.85, 2.3, 3.9], "uv": [85, 77]},
						{"origin": [2.375, 24.775, -1.95], "size": [3.9, 0.2, 3.95], "uv": [114, 5]},
						{"origin": [5.375, 25.075, -0.825], "size": [0.9, 0.2, 1.35], "pivot": [5.825, 24.875, -0.975], "rotation": [57.5, 0, 0], "uv": [114, 5]},
						{"origin": [5.375, 25.13199, -1.83475], "size": [0.9, 0.2, 1.35], "pivot": [5.825, 25.73199, -0.78475], "rotation": [122.5, 0, 0], "uv": [114, 5]},
						{"origin": [3.375, 24.975, -1.95], "size": [0.9, 0.2, 0], "uv": [114, 5]},
						{"origin": [2.375, 26.525, -1.95], "size": [3.9, 0.2, 3.95], "uv": [114, 5]}
					]
				},
				{
					"name": "LeftForeArm",
					"parent": "LeftArm",
					"pivot": [3.875, 22.5, 0.025],
					"cubes": [
						{"origin": [2.875, 15.75, -1.475], "size": [3, 7, 3], "uv": [24, 80]},
						{"origin": [2.775, 18.05, -1.575], "size": [3.2, 5, 3.2], "uv": [0, 83]}
					]
				},
				{
					"name": "LeftHand",
					"parent": "LeftForeArm",
					"pivot": [3.875, 17.5, 0.025]
				},
				{
					"name": "LeftHandLocator",
					"parent": "LeftHand",
					"pivot": [3.875, 17.5, 0.025]
				},
				{
					"name": "RightArm",
					"parent": "Arm",
					"pivot": [-4.4, 28.7, 0],
					"rotation": [0, 0, 18],
					"cubes": [
						{"origin": [-5.9, 22.75, -1.5], "size": [3.05, 7, 3], "uv": [80, 61], "mirror": true},
						{"origin": [-5.30773, 21.42673, -1.1], "size": [2.55, 2, 2.2], "uv": [93, 37], "mirror": true},
						{"origin": [-5.35773, 21.40173, -1.125], "size": [2.7, 2.05, 2.3], "uv": [16, 93], "mirror": true},
						{"origin": [-5.95, 22.575, -1.7], "size": [3.25, 7.3, 3.4], "uv": [48, 80], "mirror": true}
					]
				},
				{
					"name": "RightForeArm",
					"parent": "RightArm",
					"pivot": [-3.875, 22.5, 0.025],
					"cubes": [
						{"origin": [-5.875, 15.75, -1.475], "size": [3, 7, 3], "uv": [24, 80], "mirror": true},
						{"origin": [-5.975, 18.05, -1.575], "size": [3.2, 5, 3.2], "uv": [0, 83], "mirror": true}
					]
				},
				{
					"name": "RightHand",
					"parent": "RightForeArm",
					"pivot": [-3.875, 17.5, 0.025]
				},
				{
					"name": "RightHandLocator",
					"parent": "RightHand",
					"pivot": [-3.875, 17.5, 0.025]
				},
				{
					"name": "Beast",
					"parent": "UpBody",
					"pivot": [-0.0125, 26.74747, -1.63334],
					"rotation": [-25, 0, 0],
					"cubes": [
						{"origin": [-3.55, 25.24747, -2.68334], "size": [7.075, 3, 2], "pivot": [-0.0125, 26.74747, -1.63334], "rotation": [-12.5, 0, 0], "uv": [69, 0]},
						{"origin": [-1.5, 25.89747, -2.93334], "size": [3, 2, 1], "uv": [3, 122]}
					]
				},
				{
					"name": "Jecket",
					"parent": "UpBody",
					"pivot": [0.5, 11.65, 0]
				},
				{
					"name": "BT_HS",
					"parent": "Jecket",
					"pivot": [0.5, 11.65, 0],
					"cubes": [
						{"origin": [-4.025, 25.2, 0.625], "size": [8, 5, 2], "uv": [48, 34]}
					]
				},
				{
					"name": "HS",
					"parent": "BT_HS",
					"pivot": [-0.025, 26.3, 2.625],
					"rotation": [15, 0, 0],
					"cubes": [
						{"origin": [-4.125, 22.3, 0.625], "size": [8.2, 4, 2], "uv": [62, 7]}
					]
				},
				{
					"name": "HS2",
					"parent": "HS",
					"pivot": [-0.025, 22.3, 2.625],
					"rotation": [-12.5, 0, 0],
					"cubes": [
						{"origin": [-5.225, 18.625, 0.625], "size": [10.4, 4, 2], "uv": [0, 40]}
					]
				},
				{
					"name": "WT_Z",
					"parent": "BT_HS",
					"pivot": [3.625, 28.15, 2.025],
					"cubes": [
						{"origin": [3.125, 25.15, -2.475], "size": [1, 5, 5], "uv": [36, 74]}
					]
				},
				{
					"name": "WT_Zuo",
					"parent": "WT_Z",
					"pivot": [4.075, 26.3, 1.625],
					"rotation": [0, 0, -20],
					"cubes": [
						{"origin": [2.875, 22.3, -3.375], "size": [1.2, 4, 6], "uv": [42, 64]}
					]
				},
				{
					"name": "WT_Zuo2",
					"parent": "WT_Zuo",
					"pivot": [4.075, 22.3, 1.25],
					"rotation": [0, 0, 15],
					"cubes": [
						{"origin": [1.875, 18.3, -3.75], "size": [2.2, 4, 7], "uv": [44, 2]},
						{"origin": [4.075, 18.025, -0.75], "size": [1, 3, 3], "uv": [89, 58]},
						{"origin": [3.975, 20.225, -0.85], "size": [1.2, 1.4, 3.3], "uv": [64, 17]},
						{"origin": [3.9, 18.225, -2.95], "size": [1, 3, 2], "pivot": [4.575, 20.0875, -2.425], "rotation": [0, 7.5, 0], "uv": [50, 64]},
						{"origin": [3.8, 20.35, -3.05], "size": [1.2, 1, 2.2], "pivot": [4.575, 20.0875, -2.425], "rotation": [0, 7.5, 0], "uv": [59, 31]}
					]
				},
				{
					"name": "WaiTao_QianShenYou2",
					"parent": "WT_Z",
					"pivot": [3.475, 29.7, -2.525],
					"rotation": [7.5, 0, 0],
					"cubes": [
						{"origin": [0.975, 28.26188, -2.77892], "size": [3, 2, 1], "pivot": [0, 29.20979, -2.57436], "rotation": [-17.5, 0, 0], "uv": [55, 41]}
					]
				},
				{
					"name": "DuiJiangJi2",
					"parent": "WaiTao_QianShenYou2",
					"pivot": [3.425, 28.72273, -3.59091],
					"rotation": [-12.45392, -1.08089, -4.88206],
					"cubes": [
						{"origin": [2.5, 27.25, -4.05], "size": [2, 3, 1], "uv": [10, 46]},
						{"origin": [2.575, 28.05, -4.1], "size": [0.4, 0.2, 1], "uv": [112, 54]},
						{"origin": [2.475, 28.45, -4.1], "size": [2.05, 0.1, 1], "uv": [104, 17]},
						{"origin": [2.475, 30.175, -4.1], "size": [2.05, 0.1, 1], "uv": [104, 17]},
						{"origin": [2.475, 27.225, -4.1], "size": [2.05, 0.1, 1], "uv": [104, 17]},
						{"origin": [4.475, 27.3, -4.125], "size": [0.1, 2.9, 1], "uv": [104, 17]},
						{"origin": [2.425, 27.3, -4.125], "size": [0.1, 2.9, 1], "uv": [104, 17]},
						{"origin": [2.575, 27.75, -4.1], "size": [0.4, 0.2, 1], "uv": [112, 54]},
						{"origin": [4.075, 27.45, -4.1], "size": [0.4, 0.2, 1], "uv": [46, 106]},
						{"origin": [3.575, 27.45, -4.1], "size": [0.4, 0.2, 1], "uv": [46, 106]},
						{"origin": [2.575, 27.45, -4.1], "size": [0.4, 0.2, 1], "uv": [112, 54]}
					]
				},
				{
					"name": "Yuan",
					"parent": "DuiJiangJi2",
					"pivot": [3.475, 29.2, -4.1],
					"cubes": [
						{"origin": [3.225, 28.775, -4.1], "size": [0.5, 0.2, 1], "pivot": [3.475, 29.375, -4.1], "rotation": [0, 0, 45], "uv": [112, 54]},
						{"origin": [3.225, 28.775, -4.1], "size": [0.5, 0.2, 1], "pivot": [3.475, 29.375, -4.1], "rotation": [0, 0, 90], "uv": [112, 54]},
						{"origin": [3.225, 28.775, -4.1], "size": [0.5, 0.2, 1], "pivot": [3.475, 29.375, -4.1], "rotation": [0, 0, 135], "uv": [112, 54]},
						{"origin": [3.225, 28.775, -4.1], "size": [0.5, 0.2, 1], "pivot": [3.475, 29.375, -4.1], "rotation": [0, 0, -180], "uv": [112, 54]},
						{"origin": [3.225, 28.775, -4.1], "size": [0.5, 0.2, 1], "pivot": [3.475, 29.375, -4.1], "rotation": [0, 0, -45], "uv": [112, 54]},
						{"origin": [3.225, 28.775, -4.1], "size": [0.5, 0.2, 1], "pivot": [3.475, 29.375, -4.1], "rotation": [0, 0, -90], "uv": [112, 54]},
						{"origin": [3.225, 28.775, -4.1], "size": [0.5, 0.2, 1], "pivot": [3.475, 29.375, -4.1], "rotation": [0, 0, -135], "uv": [112, 54]},
						{"origin": [3.225, 28.775, -4.1], "size": [0.5, 0.2, 1], "uv": [112, 54]}
					]
				},
				{
					"name": "WaiTao_QianShenZhuan2",
					"parent": "WaiTao_QianShenYou2",
					"pivot": [-0.025, 28.9, -3.025],
					"rotation": [-17.5, 0, 0],
					"cubes": [
						{"origin": [1.875, 25.9, -3.025], "size": [2, 3, 2], "uv": [92, 64]}
					]
				},
				{
					"name": "WaiTao_Zhuan5",
					"parent": "WaiTao_QianShenZhuan2",
					"pivot": [3.25, 26.3, -3.125],
					"rotation": [-2.5, 0, 0],
					"cubes": [
						{"origin": [2.125, 22.03152, -3.06548], "size": [2, 4, 2], "uv": [32, 90]},
						{"origin": [1.325, 25.60652, -3.36548], "size": [3, 1, 1], "pivot": [2.825, 26.10652, -2.36548], "rotation": [0, -7.5, 0], "uv": [65, 122]}
					]
				},
				{
					"name": "WaiTao_Zhuan6",
					"parent": "WaiTao_Zhuan5",
					"pivot": [3.25, 22.3, -3.125],
					"rotation": [10, 0, 0],
					"cubes": [
						{"origin": [2.525, 18.09734, -3.14887], "size": [2, 4, 2], "uv": [24, 90]}
					]
				},
				{
					"name": "WT_Y",
					"parent": "BT_HS",
					"pivot": [-3.625, 28.15, 2.025],
					"cubes": [
						{"origin": [-4.125, 25.15, -2.475], "size": [1, 5, 5], "uv": [0, 73]}
					]
				},
				{
					"name": "WT_Zuo3",
					"parent": "WT_Y",
					"pivot": [-4.075, 26.3, 1.625],
					"rotation": [0, 0, 20],
					"cubes": [
						{"origin": [-4.075, 22.3, -3.375], "size": [1.2, 4, 6], "uv": [14, 63]}
					]
				},
				{
					"name": "WT_Zuo4",
					"parent": "WT_Zuo3",
					"pivot": [-4.075, 22.3, 1.25],
					"rotation": [0, 0, -15],
					"cubes": [
						{"origin": [-4.075, 18.3, -3.75], "size": [2.2, 4, 7], "uv": [17, 39]}
					]
				},
				{
					"name": "WaiTao_QianShenYou3",
					"parent": "WT_Y",
					"pivot": [-3.475, 29.7, -2.525],
					"rotation": [7.5, 0, 0],
					"cubes": [
						{"origin": [-3.975, 28.26188, -2.77892], "size": [3, 2, 1], "pivot": [0, 29.20979, -2.57436], "rotation": [-17.5, 0, 0], "uv": [68, 38]},
						{"origin": [-2.8, 24.69688, 1.06414], "size": [5.6, 3, 2.2], "pivot": [0, 26.47188, 2.93914], "rotation": [-32.5, 0, 0], "uv": [82, 5]},
						{"origin": [-3.8, 27.325, 1.875], "size": [7.6, 2.1, 2.2], "pivot": [0, 28.225, 3.3625], "rotation": [-10, 0, 0], "uv": [7, 73]}
					]
				},
				{
					"name": "WaiTao_QianShenZhuan3",
					"parent": "WaiTao_QianShenYou3",
					"pivot": [0.025, 28.9, -3.025],
					"rotation": [-17.5, 0, 0],
					"cubes": [
						{"origin": [-3.875, 25.9, -3.025], "size": [2, 3, 2], "uv": [91, 16]}
					]
				},
				{
					"name": "WaiTao_Zhuan2",
					"parent": "WaiTao_QianShenZhuan3",
					"pivot": [-3.25, 26.3, -3.125],
					"rotation": [-2.5, 0, 0],
					"cubes": [
						{"origin": [-4.125, 22.03152, -3.06548], "size": [2, 4, 2], "uv": [58, 71]},
						{"origin": [-3.525, 25.25652, -3.21548], "size": [3, 1, 1], "pivot": [-2.825, 26.10652, -2.36548], "rotation": [4.31837, 6.13784, 35.23163], "uv": [65, 122], "mirror": true}
					]
				},
				{
					"name": "WaiTao_Zhuan3",
					"parent": "WaiTao_Zhuan2",
					"pivot": [-3.25, 22.3, -3.125],
					"rotation": [10, 0, 0],
					"cubes": [
						{"origin": [-4.525, 18.09734, -3.14887], "size": [2, 4, 2], "uv": [46, 18]}
					]
				},
				{
					"name": "package",
					"parent": "UpBody",
					"pivot": [-0.5, 10.65, 0.375]
				},
				{
					"name": "bone7",
					"parent": "package",
					"pivot": [2.6, 30.45, -0.225],
					"rotation": [0, -10, -2.5],
					"cubes": [
						{"origin": [2.1, 25.45, -3.725], "size": [1, 5, 1], "uv": [76, 119], "mirror": true},
						{"origin": [2.1, 29.725, -2.725], "size": [1, 1, 5], "uv": [80, 82], "mirror": true},
						{"origin": [2.1, 25.45, 2.275], "size": [1, 5, 1], "uv": [95, 50], "mirror": true},
						{"origin": [3.13959, 19.93432, -4.18234], "size": [1, 6, 1], "pivot": [3.58959, 23.65932, -3.45734], "rotation": [-12.5, 0, -27.5], "uv": [68, 94], "mirror": true},
						{"origin": [3.69101, 18.98226, 2.675], "size": [1, 7, 1], "pivot": [3.91601, 23.03226, 2.8], "rotation": [4.98107, 0.43523, -32.48107], "uv": [28, 54], "mirror": true}
					]
				},
				{
					"name": "Bao2",
					"parent": "bone7",
					"pivot": [5.01579, 20.89525, -0.575],
					"rotation": [0, 0, 7.5],
					"cubes": [
						{"origin": [4.71787, 16.47375, -4.175], "size": [3, 5, 7.2], "pivot": [5.21787, 22.24875, 1.675], "rotation": [0, 0, 5], "uv": [22, 27], "mirror": true},
						{"origin": [7.09585, 16.51721, -1.05], "size": [1, 2, 1], "pivot": [7.57085, 19.19221, -0.575], "rotation": [0, 0, 17.5], "uv": [50, 44], "mirror": true},
						{"origin": [7.07941, 18.06168, -1.075], "size": [1, 2, 1], "pivot": [6.57941, 19.06168, -0.575], "rotation": [0, 0, -7.5], "uv": [35, 45], "mirror": true},
						{"origin": [4.86579, 18.09525, -4.075], "size": [3, 3, 7], "pivot": [6.01579, 19.89525, -0.575], "rotation": [0, 0, -7.5], "uv": [35, 34], "mirror": true}
					]
				},
				{
					"name": "Collar",
					"parent": "UpBody",
					"pivot": [-0.02643, 28.84088, -1.3836],
					"rotation": [-15, 0, 0],
					"cubes": [
						{"origin": [-0.625, 27.906, -2.50781], "size": [3.4, 2, 2.2], "pivot": [1.5, 28.906, -1.13281], "rotation": [2.20462, -12.3071, -10.23772], "uv": [52, 47]},
						{"origin": [-2.875, 27.906, -2.30781], "size": [3.4, 2, 2.2], "pivot": [-1.5, 28.906, -1.13281], "rotation": [2.20462, 12.3071, 10.23772], "uv": [52, 47], "mirror": true}
					]
				},
				{
					"name": "WeiJin",
					"parent": "UpBody",
					"pivot": [0.5, 10.5, 0.75],
					"cubes": [
						{"origin": [-4, 29.375, -1.9], "size": [8, 1, 4.2], "uv": [43, 13]}
					]
				},
				{
					"name": "DownBody",
					"parent": "AllBody",
					"pivot": [0, 20, 1]
				},
				{
					"name": "Skirt",
					"parent": "DownBody",
					"pivot": [0, 18.375, 0.1]
				},
				{
					"name": "QunZi",
					"parent": "Skirt",
					"pivot": [0, 20.225, -0.0625]
				},
				{
					"name": "QunZi_Wai",
					"parent": "QunZi",
					"pivot": [0, 19.75, 0.0125]
				},
				{
					"name": "Xia",
					"parent": "QunZi_Wai",
					"pivot": [0, 19.75, 0.0125]
				},
				{
					"name": "You",
					"parent": "Xia",
					"pivot": [-3.525, 21.425, 0.0375],
					"rotation": [0, 0, 17.5],
					"cubes": [
						{"origin": [-3.625, 15.7, -2.9625], "size": [1, 3, 6], "uv": [50, 71]},
						{"origin": [-3.625, 18.7, -1.9625], "size": [1, 3, 4], "uv": [56, 87]}
					]
				},
				{
					"name": "Zuo",
					"parent": "Xia",
					"pivot": [3.6, 21.425, 0.0375],
					"rotation": [0, 0, -17.5],
					"cubes": [
						{"origin": [2.7, 15.6, -2.9625], "size": [1, 3, 6], "uv": [22, 71]},
						{"origin": [2.7, 18.6, -1.9625], "size": [1, 3, 4], "uv": [66, 87]}
					]
				},
				{
					"name": "Qian",
					"parent": "Xia",
					"pivot": [0, 21.775, -2.0125],
					"rotation": [-20, 0, 0],
					"cubes": [
						{"origin": [-5.15, 15.775, -2.0625], "size": [10.275, 3, 1.1], "uv": [63, 13]},
						{"origin": [-4.25, 18.775, -2.0625], "size": [8.475, 3, 1.1], "uv": [65, 60]}
					]
				},
				{
					"name": "Qian2",
					"parent": "Xia",
					"pivot": [0, 21.625, 2.4125],
					"rotation": [12.5, 0, 0],
					"cubes": [
						{"origin": [-5.15, 15.625, 1.3625], "size": [10.275, 3, 1.1], "uv": [59, 51]},
						{"origin": [-4.25, 18.625, 1.3625], "size": [8.475, 3, 1.1], "uv": [69, 46]}
					]
				},
				{
					"name": "QunZi_Nei",
					"parent": "QunZi",
					"pivot": [0.5, 9.675, 0],
					"cubes": [
						{"origin": [-3.95, 18.175, -2.5], "size": [7.95, 2.2, 5], "uv": [35, 27]},
						{"origin": [-4.2, 17.125, -2.8], "size": [8.4, 2.2, 5.475], "uv": [21, 10]}
					]
				},
				{
					"name": "QunZi2",
					"parent": "QunZi_Nei",
					"pivot": [0, 17.675, -0.1]
				},
				{
					"name": "Leg",
					"parent": "DownBody",
					"pivot": [0, 20, 1]
				},
				{
					"name": "RightLeg",
					"parent": "Leg",
					"pivot": [-2.4, 19.15, -1],
					"cubes": [
						{"origin": [-4.025, 9.65, -2], "size": [3.65, 10, 4], "uv": [0, 46], "mirror": true},
						{"origin": [-6.2, 15.35, -2.125], "size": [5.05, 1, 4.25], "pivot": [-0.4, 16.15, 1], "rotation": [0, 0, -45], "uv": [68, 33], "mirror": true},
						{"origin": [-2, 15.525, -2.15], "size": [0.7, 0.65, 4.3], "pivot": [-0.4, 16.15, 1], "rotation": [0, 0, -45], "uv": [46, 120], "mirror": true},
						{"origin": [-1.075, 14.975, -2.075], "size": [0.75, 0.8, 4.15], "uv": [103, 14], "mirror": true},
						{"origin": [-5.1, 14.95, -2.1], "size": [5.05, 1, 4.2], "pivot": [-0.4, 16.2, 1], "rotation": [0, 0, 45], "uv": [16, 121], "mirror": true},
						{"origin": [-3.55, 8.65, -1.375], "size": [2.65, 3, 3], "uv": [88, 31], "mirror": true}
					]
				},
				{
					"name": "WaiGuGe2",
					"parent": "RightLeg",
					"pivot": [-5.175, 18.15, -1.075],
					"rotation": [2.5, 0, 0],
					"cubes": [
						{"origin": [-3.75, 8.89611, -3.07427], "size": [3.125, 3, 2], "pivot": [-2.0875, 10.59611, -1.89927], "rotation": [10, 0, 0], "uv": [76, 106], "mirror": true}
					]
				},
				{
					"name": "RightLowerLeg",
					"parent": "RightLeg",
					"pivot": [-2.2, 9.7, 0],
					"cubes": [
						{"origin": [-3.9, 1, -1.9], "size": [3.4, 9, 4], "uv": [28, 58], "mirror": true},
						{"origin": [-4.025, 8.1, -2.55], "size": [3.675, 1, 4.775], "pivot": [-2.2, 7.6, 0.1125], "rotation": [-17.5, 0, 0], "uv": [92, 105], "mirror": true},
						{"origin": [-4, 0.925, -1.975], "size": [3.6, 9.175, 4.175], "uv": [54, 18], "mirror": true}
					]
				},
				{
					"name": "RightFoot",
					"parent": "RightLowerLeg",
					"pivot": [-2.1875, 2.5, 1.1375],
					"cubes": [
						{"origin": [-4.125, 0, -2.1], "size": [3.875, 6, 4.375], "uv": [68, 17], "mirror": true},
						{"origin": [-4.025, 0, -4.4], "size": [3.675, 3, 3], "uv": [87, 10], "mirror": true},
						{"origin": [-3.625, 2.575, -3.2], "size": [2.675, 1, 2], "pivot": [-2.6875, 2.5, -2.9], "rotation": [22.5, 0, 0], "uv": [120, 29], "mirror": true}
					]
				},
				{
					"name": "LeftLeg",
					"parent": "Leg",
					"pivot": [2.4, 19.15, -1],
					"cubes": [
						{"origin": [0.375, 9.65, -2], "size": [3.65, 10, 4], "uv": [0, 46]},
						{"origin": [1.15, 15.35, -2.125], "size": [5.05, 1, 4.25], "pivot": [0.4, 16.15, 1], "rotation": [0, 0, 45], "uv": [68, 33]},
						{"origin": [1.3, 15.525, -2.15], "size": [0.7, 0.65, 4.3], "pivot": [0.4, 16.15, 1], "rotation": [0, 0, 45], "uv": [46, 120]},
						{"origin": [0.325, 14.975, -2.075], "size": [0.75, 0.8, 4.15], "uv": [103, 14]},
						{"origin": [0.05, 14.95, -2.1], "size": [5.05, 1, 4.2], "pivot": [0.4, 16.2, 1], "rotation": [0, 0, -45], "uv": [16, 121]},
						{"origin": [0.9, 8.65, -1.375], "size": [2.65, 3, 3], "uv": [88, 31]}
					]
				},
				{
					"name": "WaiGuGe",
					"parent": "LeftLeg",
					"pivot": [5.175, 18.15, -1.075],
					"rotation": [2.5, 0, 0],
					"cubes": [
						{"origin": [0.625, 8.89611, -3.07427], "size": [3.125, 3, 2], "pivot": [2.0875, 10.59611, -1.89927], "rotation": [10, 0, 0], "uv": [76, 106]}
					]
				},
				{
					"name": "LeftLowerLeg",
					"parent": "LeftLeg",
					"pivot": [2.2, 9.7, 0],
					"cubes": [
						{"origin": [0.5, 1, -1.9], "size": [3.4, 9, 4], "uv": [28, 58]},
						{"origin": [0.35, 8.1, -2.55], "size": [3.675, 1, 4.775], "pivot": [2.2, 7.6, 0.1125], "rotation": [-17.5, 0, 0], "uv": [92, 105]},
						{"origin": [0.4, 0.925, -1.975], "size": [3.6, 9.175, 4.175], "uv": [54, 18]}
					]
				},
				{
					"name": "LeftFoot",
					"parent": "LeftLowerLeg",
					"pivot": [2.1875, 2.5, 1.1375],
					"cubes": [
						{"origin": [0.25, 0, -2.1], "size": [3.875, 6, 4.375], "uv": [68, 17]},
						{"origin": [0.35, 0, -4.4], "size": [3.675, 3, 3], "uv": [87, 10]},
						{"origin": [0.95, 2.575, -3.2], "size": [2.675, 1, 2], "pivot": [2.6875, 2.5, -2.9], "rotation": [22.5, 0, 0], "uv": [120, 29]}
					]
				}
			]
		}
	]
}