{
	"format_version": "1.8.0",
	"animations": {
		"carryon:molang_1_princess": {
			"loop": true,
			"bones": {
				"molang": {
					"rotation": ["v.carryon_princess=query.is_sneaking?0:v.carryon_princess;", 0, 0]
				}
			}
		},
		"carryon:block": {
			"loop": true,
			"bones": {
				"Root": {
					"rotation": [2, 0, 0]
				},
				"UpBody": {
					"rotation": [-15, 0, 0]
				},
				"Head": {
					"rotation": [25, 0, 0]
				},
				"LeftArm": {
					"rotation": [-25, 5, 5],
					"position": [0, -0.5, 0]
				},
				"LeftForeArm": {
					"rotation": [-5, 0, 0]
				},
				"LeftHandLocator": {
					"scale": 0
				},
				"RightArm": {
					"rotation": [-25, -5, -5],
					"position": [0, -0.5, 0]
				},
				"RightForeArm": {
					"rotation": [-5, 0, 0]
				},
				"RightHandLocator": {
					"scale": 0
				},
				"LeftHand": {
					"rotation": [0, 0, 0]
				},
				"RightHand": {
					"rotation": [0, 0, 0]
				},
				"clothe": {
					"rotation": [12.5, 0, 0],
					"position": [0, 0.17315, 0.78104]
				}
			}
		},
		"carryon:entity": {
			"loop": true,
			"animation_length": 5,
			"bones": {
				"Root": {
					"rotation": [2, 0, 0]
				},
				"UpBody": {
					"rotation": [-20, 0, 0]
				},
				"Head": {
					"rotation": [30, 0, 0]
				},
				"LeftArm": {
					"rotation": [-45, 5, -5],
					"position": [0, -0.5, 0]
				},
				"LeftForeArm": {
					"rotation": [-5, 0, 0]
				},
				"LeftHandLocator": {
					"scale": 0
				},
				"RightArm": {
					"rotation": [-45, -5, 5],
					"position": [0, -0.5, 0]
				},
				"RightForeArm": {
					"rotation": [-5, 0, 0]
				},
				"RightHandLocator": {
					"scale": 0
				},
				"RightHand": {
					"rotation": [0, 0, 0]
				},
				"LeftHand": {
					"rotation": [0, 0, 0]
				},
				"clothe": {
					"rotation": [15, 0, 0],
					"position": [0, 0.12941, 0.48296]
				}
			}
		},
		"carryon:player": {
			"loop": true,
			"bones": {
				"Root": {
					"rotation": [2, 0, 0]
				},
				"UpBody": {
					"rotation": [-10, 0, 0]
				},
				"Head": {
					"rotation": [10, 0, 0]
				},
				"LeftArm": {
					"rotation": [-30, 5, -5],
					"position": [0, -0.5, 0]
				},
				"LeftForeArm": {
					"rotation": [-90, -47.5, 90]
				},
				"LeftHandLocator": {
					"scale": 0
				},
				"RightArm": {
					"rotation": [-30, -5, 5],
					"position": [0, -0.5, 0]
				},
				"RightForeArm": {
					"rotation": [-90, 47.5, -90]
				},
				"RightHandLocator": {
					"scale": 0
				},
				"RightHand": {
					"rotation": [0, 0, 0]
				},
				"LeftHand": {
					"rotation": [0, 0, 0]
				},
				"clothe": {
					"rotation": [7.5, 0, 0]
				}
			}
		},
		"carryon:princess": {
			"loop": true,
			"animation_length": 9.04,
			"bones": {
				"LeftArm": {
					"rotation": [0, 0, -68]
				},
				"LeftForeArm": {
					"rotation": [0, 0, 4.75]
				},
				"RightArm": {
					"rotation": [0, 0, 68]
				},
				"RightForeArm": {
					"rotation": [0, 0, -4.75]
				},
				"LeftLeg": {
					"rotation": [-10.49134, 15.065, -10.30288]
				},
				"LeftLowerLeg": {
					"rotation": [35.5, 0, 0]
				},
				"RightLeg": {
					"rotation": [-28.50849, -15.065, 10.30288]
				},
				"RightLowerLeg": {
					"rotation": [35.5, 0, 0]
				},
				"Tail": {
					"rotation": [-20.5, 0, 0]
				},
				"UpBody_Down_Default_Skirt": {
					"rotation": [-17, 0, 0],
					"position": [0, 0, 0.2]
				},
				"MTail": {
					"rotation": [137.91138, 7.48673, -179.15201]
				},
				"Tail2": {
					"rotation": [5.75, 0, 0],
					"position": [0, 0, -0.85]
				},
				"Tail3": {
					"rotation": [42.954, 2.21586, -2.37809]
				},
				"Tail4": {
					"rotation": [7.75, 0, 0]
				},
				"Right_Eye_brow": {
					"scale": 0
				},
				"Left_Eye_brow": {
					"scale": 0
				},
				"happy": {
					"position": [0, 0, -0.4]
				},
				"happy_LeftEyebrow": {
					"position": [0, -0.175, 0]
				},
				"jingya": {
					"position": [0, 0, -0.925]
				},
				"UpBody_Down_Default_Coat_Left2": {
					"position": [1.475, 1.1, 0]
				},
				"UpBody_Down_Default_Coat_Right2": {
					"position": [-1.475, 1.1, 0]
				},
				"UpBody_Down_Default_Coat_Left_group": {
					"rotation": [-10, 0, 0],
					"position": [0.625, 0.05, 0]
				},
				"UpBody_Down_Default_Coat_Right_group": {
					"rotation": [-10, 0, 0],
					"position": [-0.625, 0.05, 0]
				},
				"MRoot": {
					"position": [0, -13.3, 0]
				},
				"normal_Brow": {
					"scale": 0
				},
				"normal": {
					"scale": 0
				},
				"Ear": {
					"position": [0, -1.675, -1.425]
				},
				"Right_ear": {
					"rotation": [-9.84911, 24.4474, -29.0841]
				},
				"Left_ear": {
					"rotation": [-9.84911, -24.4474, 29.0841]
				},
				"happy_RightEyebrow": {
					"position": [0, -0.175, 0]
				}
			}
		}
	}
}