{
	"format_version": "1.21.0",
	"minecraft:geometry": [
		{
			"description": {
				"identifier": "geometry.unknown",
				"texture_width": 256,
				"texture_height": 256,
				"visible_bounds_width": 5,
				"visible_bounds_height": 7,
				"visible_bounds_offset": [0, 1.5, 0]
			},
			"bones": [
				{
					"name": "RightArm",
					"pivot": [-2, 28, 0],
					"cubes": [
						{
							"origin": [-3.00345, 22.62166, -1.14],
							"size": [2.35, 6.5, 2.4],
							"uv": {
								"north": {"uv": [9, 67], "uv_size": [2, 7]},
								"east": {"uv": [67, 57], "uv_size": [2, 7]},
								"south": {"uv": [0, 68], "uv_size": [2, 7]},
								"west": {"uv": [68, 0], "uv_size": [2, 7]},
								"up": {"uv": [86, 59], "uv_size": [2, 2]},
								"down": {"uv": [63, 88], "uv_size": [2, -2]}
							}
						},
						{
							"origin": [-2.75345, 22.02166, -0.44],
							"size": [1.85, 1.45, 1.45],
							"pivot": [-1.75345, 22.97166, 0.01],
							"rotation": [-45, 0, 0],
							"uv": {
								"north": {"uv": [96, 31], "uv_size": [2, 1]},
								"east": {"uv": [0, 104], "uv_size": [1, 1]},
								"south": {"uv": [96, 45], "uv_size": [2, 1]},
								"west": {"uv": [104, 0], "uv_size": [1, 1]},
								"up": {"uv": [46, 96], "uv_size": [2, 1]},
								"down": {"uv": [96, 47], "uv_size": [2, -1]}
							}
						}
					]
				},
				{
					"name": "right_sleeve1",
					"parent": "RightArm",
					"pivot": [-1.82845, 25.71775, 0.06],
					"cubes": [
						{
							"origin": [-3.10345, 24.37166, -1.24],
							"size": [2.55, 1, 2.6],
							"uv": {
								"north": {"uv": [91, 10], "uv_size": [3, 1]},
								"east": {"uv": [91, 11], "uv_size": [3, 1]},
								"south": {"uv": [13, 91], "uv_size": [3, 1]},
								"west": {"uv": [91, 15], "uv_size": [3, 1]},
								"up": {"uv": [74, 18], "uv_size": [3, 3]},
								"down": {"uv": [74, 30], "uv_size": [3, -3]}
							}
						},
						{
							"origin": [-3.10345, 22.52166, 0.86],
							"size": [2.55, 1.85, 0.5],
							"pivot": [-1.82845, 24.37166, 1.36],
							"rotation": [10, 0, 0],
							"uv": {
								"north": {"uv": [3, 79], "uv_size": [3, 2]},
								"east": {"uv": [48, 96], "uv_size": [1, 2]},
								"south": {"uv": [79, 4], "uv_size": [3, 2]},
								"west": {"uv": [49, 96], "uv_size": [1, 2]},
								"up": {"uv": [91, 16], "uv_size": [3, 1]},
								"down": {"uv": [91, 18], "uv_size": [3, -1]}
							}
						},
						{
							"origin": [-3.18743, 22.52413, 1.02486],
							"size": [0.5, 1.8, 0.5],
							"pivot": [-2.93743, 23.39913, 1.27486],
							"rotation": [10, -0.1, 5],
							"uv": {
								"north": {"uv": [96, 49], "uv_size": [1, 2]},
								"east": {"uv": [50, 96], "uv_size": [1, 2]},
								"south": {"uv": [51, 96], "uv_size": [1, 2]},
								"west": {"uv": [96, 51], "uv_size": [1, 2]},
								"up": {"uv": [1, 104], "uv_size": [1, 1]},
								"down": {"uv": [104, 2], "uv_size": [1, -1]}
							}
						},
						{
							"origin": [-0.96947, 22.52413, 1.02486],
							"size": [0.5, 1.8, 0.5],
							"pivot": [-0.71947, 23.39913, 1.27486],
							"rotation": [10, 0.1, -5],
							"uv": {
								"north": {"uv": [53, 96], "uv_size": [1, 2]},
								"east": {"uv": [54, 96], "uv_size": [1, 2]},
								"south": {"uv": [96, 54], "uv_size": [1, 2]},
								"west": {"uv": [55, 96], "uv_size": [1, 2]},
								"up": {"uv": [2, 104], "uv_size": [1, 1]},
								"down": {"uv": [104, 3], "uv_size": [1, -1]}
							}
						},
						{
							"origin": [-1.05345, 22.52166, -1.24],
							"size": [0.5, 1.85, 2.6],
							"pivot": [-0.55345, 24.37166, 0.06],
							"rotation": [0, 0, -5],
							"uv": {
								"north": {"uv": [57, 96], "uv_size": [1, 2]},
								"east": {"uv": [79, 6], "uv_size": [3, 2]},
								"south": {"uv": [58, 96], "uv_size": [1, 2]},
								"west": {"uv": [79, 8], "uv_size": [3, 2]},
								"up": {"uv": [91, 18], "uv_size": [1, 3]},
								"down": {"uv": [91, 24], "uv_size": [1, -3]}
							}
						},
						{
							"origin": [-3.10345, 22.52166, -1.24],
							"size": [0.5, 1.85, 2.6],
							"pivot": [-3.10345, 24.37166, 0.06],
							"rotation": [0, 0, 5],
							"uv": {
								"north": {"uv": [96, 58], "uv_size": [1, 2]},
								"east": {"uv": [79, 10], "uv_size": [3, 2]},
								"south": {"uv": [59, 96], "uv_size": [1, 2]},
								"west": {"uv": [79, 12], "uv_size": [3, 2]},
								"up": {"uv": [22, 91], "uv_size": [1, 3]},
								"down": {"uv": [23, 94], "uv_size": [1, -3]}
							}
						},
						{
							"origin": [-3.10345, 22.52166, -1.24],
							"size": [2.55, 1.85, 0.5],
							"pivot": [-1.82845, 24.37166, -1.24],
							"rotation": [-5, 0, 0],
							"uv": {
								"north": {"uv": [79, 14], "uv_size": [3, 2]},
								"east": {"uv": [60, 96], "uv_size": [1, 2]},
								"south": {"uv": [79, 16], "uv_size": [3, 2]},
								"west": {"uv": [96, 60], "uv_size": [1, 2]},
								"up": {"uv": [91, 24], "uv_size": [3, 1]},
								"down": {"uv": [91, 26], "uv_size": [3, -1]}
							}
						},
						{
							"origin": [-3.18779, 22.46342, -1.32296],
							"size": [0.5, 1.85, 0.5],
							"pivot": [-2.93779, 23.38842, -0.82296],
							"rotation": [-5, 0.1, 5],
							"uv": {
								"north": {"uv": [61, 96], "uv_size": [1, 2]},
								"east": {"uv": [62, 96], "uv_size": [1, 2]},
								"south": {"uv": [96, 62], "uv_size": [1, 2]},
								"west": {"uv": [65, 96], "uv_size": [1, 2]},
								"up": {"uv": [3, 104], "uv_size": [1, 1]},
								"down": {"uv": [104, 4], "uv_size": [1, -1]}
							}
						},
						{
							"origin": [-0.96911, 22.46342, -1.32296],
							"size": [0.5, 1.85, 0.5],
							"pivot": [-0.71911, 23.38842, -0.82296],
							"rotation": [-5, -0.1, -5],
							"uv": {
								"north": {"uv": [66, 96], "uv_size": [1, 2]},
								"east": {"uv": [96, 66], "uv_size": [1, 2]},
								"south": {"uv": [68, 96], "uv_size": [1, 2]},
								"west": {"uv": [69, 96], "uv_size": [1, 2]},
								"up": {"uv": [4, 104], "uv_size": [1, 1]},
								"down": {"uv": [104, 5], "uv_size": [1, -1]}
							}
						},
						{
							"origin": [-1.05345, 25.37166, -1.24],
							"size": [0.5, 1, 2.6],
							"pivot": [-0.55345, 25.37166, 0.06],
							"rotation": [0, 0, 22.5],
							"uv": {
								"north": {"uv": [5, 104], "uv_size": [1, 1]},
								"east": {"uv": [91, 26], "uv_size": [3, 1]},
								"south": {"uv": [104, 5], "uv_size": [1, 1]},
								"west": {"uv": [91, 27], "uv_size": [3, 1]},
								"up": {"uv": [26, 91], "uv_size": [1, 3]},
								"down": {"uv": [27, 94], "uv_size": [1, -3]}
							}
						},
						{
							"origin": [-3.10345, 25.37166, 0.86],
							"size": [2.55, 1, 0.5],
							"pivot": [-1.82845, 25.37166, 1.36],
							"rotation": [-22.5, 0, 0],
							"uv": {
								"north": {"uv": [91, 28], "uv_size": [3, 1]},
								"east": {"uv": [6, 104], "uv_size": [1, 1]},
								"south": {"uv": [91, 29], "uv_size": [3, 1]},
								"west": {"uv": [104, 6], "uv_size": [1, 1]},
								"up": {"uv": [91, 31], "uv_size": [3, 1]},
								"down": {"uv": [91, 33], "uv_size": [3, -1]}
							}
						},
						{
							"origin": [-3.10345, 25.37166, -1.24],
							"size": [2.55, 1, 0.5],
							"pivot": [-1.82845, 25.37166, -1.24],
							"rotation": [22.5, 0, 0],
							"uv": {
								"north": {"uv": [91, 33], "uv_size": [3, 1]},
								"east": {"uv": [7, 104], "uv_size": [1, 1]},
								"south": {"uv": [34, 91], "uv_size": [3, 1]},
								"west": {"uv": [104, 7], "uv_size": [1, 1]},
								"up": {"uv": [37, 91], "uv_size": [3, 1]},
								"down": {"uv": [91, 38], "uv_size": [3, -1]}
							}
						},
						{
							"origin": [-3.10345, 25.37166, -1.24],
							"size": [0.5, 1, 2.6],
							"pivot": [-3.10345, 25.37166, 0.06],
							"rotation": [0, 0, -22.5],
							"uv": {
								"north": {"uv": [8, 104], "uv_size": [1, 1]},
								"east": {"uv": [91, 38], "uv_size": [3, 1]},
								"south": {"uv": [104, 8], "uv_size": [1, 1]},
								"west": {"uv": [91, 39], "uv_size": [3, 1]},
								"up": {"uv": [40, 91], "uv_size": [1, 3]},
								"down": {"uv": [91, 43], "uv_size": [1, -3]}
							}
						},
						{
							"origin": [-1.50345, 25.67927, 1.12037],
							"size": [1, 0.5, 0.5],
							"pivot": [-1.05345, 25.92927, 1.32037],
							"rotation": [-22.5, 0, 0],
							"uv": {
								"north": {"uv": [9, 104], "uv_size": [1, 1]},
								"east": {"uv": [104, 9], "uv_size": [1, 1]},
								"south": {"uv": [10, 104], "uv_size": [1, 1]},
								"west": {"uv": [104, 10], "uv_size": [1, 1]},
								"up": {"uv": [11, 104], "uv_size": [1, 1]},
								"down": {"uv": [104, 12], "uv_size": [1, -1]}
							}
						},
						{
							"origin": [-3.15345, 25.67927, 1.12037],
							"size": [1, 0.5, 0.5],
							"pivot": [-1.05345, 25.92927, 1.32037],
							"rotation": [-22.5, 0, 0],
							"uv": {
								"north": {"uv": [12, 104], "uv_size": [1, 1]},
								"east": {"uv": [104, 12], "uv_size": [1, 1]},
								"south": {"uv": [13, 104], "uv_size": [1, 1]},
								"west": {"uv": [104, 13], "uv_size": [1, 1]},
								"up": {"uv": [14, 104], "uv_size": [1, 1]},
								"down": {"uv": [104, 15], "uv_size": [1, -1]}
							}
						},
						{
							"origin": [-3.15345, 25.62166, -0.44],
							"size": [0.5, 0.5, 1],
							"pivot": [-3.10345, 25.37166, 0.06],
							"rotation": [0, 0, -22.5],
							"uv": {
								"north": {"uv": [15, 104], "uv_size": [1, 1]},
								"east": {"uv": [104, 15], "uv_size": [1, 1]},
								"south": {"uv": [16, 104], "uv_size": [1, 1]},
								"west": {"uv": [104, 16], "uv_size": [1, 1]},
								"up": {"uv": [17, 104], "uv_size": [1, 1]},
								"down": {"uv": [104, 18], "uv_size": [1, -1]}
							}
						},
						{
							"origin": [-3.15345, 25.67927, -1.50037],
							"size": [1, 0.5, 0.5],
							"pivot": [-1.05345, 25.92927, -1.20037],
							"rotation": [22.5, 0, 0],
							"uv": {
								"north": {"uv": [18, 104], "uv_size": [1, 1]},
								"east": {"uv": [104, 18], "uv_size": [1, 1]},
								"south": {"uv": [19, 104], "uv_size": [1, 1]},
								"west": {"uv": [104, 19], "uv_size": [1, 1]},
								"up": {"uv": [20, 104], "uv_size": [1, 1]},
								"down": {"uv": [104, 21], "uv_size": [1, -1]}
							}
						},
						{
							"origin": [-1.50345, 25.67927, -1.50037],
							"size": [1, 0.5, 0.5],
							"pivot": [-1.05345, 25.92927, -1.20037],
							"rotation": [22.5, 0, 0],
							"uv": {
								"north": {"uv": [21, 104], "uv_size": [1, 1]},
								"east": {"uv": [104, 21], "uv_size": [1, 1]},
								"south": {"uv": [22, 104], "uv_size": [1, 1]},
								"west": {"uv": [104, 22], "uv_size": [1, 1]},
								"up": {"uv": [23, 104], "uv_size": [1, 1]},
								"down": {"uv": [104, 24], "uv_size": [1, -1]}
							}
						},
						{
							"origin": [-1.00345, 25.62166, -0.44],
							"size": [0.5, 0.5, 1],
							"pivot": [-0.55345, 25.37166, 0.06],
							"rotation": [0, 0, 22.5],
							"uv": {
								"north": {"uv": [24, 104], "uv_size": [1, 1]},
								"east": {"uv": [104, 24], "uv_size": [1, 1]},
								"south": {"uv": [25, 104], "uv_size": [1, 1]},
								"west": {"uv": [104, 25], "uv_size": [1, 1]},
								"up": {"uv": [26, 104], "uv_size": [1, 1]},
								"down": {"uv": [104, 27], "uv_size": [1, -1]}
							}
						}
					]
				},
				{
					"name": "right_sleeve_bowknot1",
					"parent": "right_sleeve1",
					"pivot": [-3.45647, 25.76663, 0.06],
					"rotation": [0, 0, 10],
					"cubes": [
						{
							"origin": [-3.59099, 25.57447, -0.19],
							"size": [0.5, 0.5, 0.5],
							"pivot": [-3.34099, 25.81447, 0.06],
							"rotation": [0, 0, -22.5],
							"uv": {
								"north": {"uv": [27, 104], "uv_size": [1, 1]},
								"east": {"uv": [104, 27], "uv_size": [1, 1]},
								"south": {"uv": [28, 104], "uv_size": [1, 1]},
								"west": {"uv": [104, 28], "uv_size": [1, 1]},
								"up": {"uv": [29, 104], "uv_size": [1, 1]},
								"down": {"uv": [104, 30], "uv_size": [1, -1]}
							}
						}
					]
				},
				{
					"name": "right_sleeve_front_bowknot1",
					"parent": "right_sleeve_bowknot1",
					"pivot": [-3.45647, 25.76663, 0.06],
					"rotation": [-7.5, 15, 0],
					"cubes": [
						{
							"origin": [-3.49099, 25.62447, -0.79],
							"size": [0.25, 0.4, 0.85],
							"pivot": [-3.34099, 25.81447, 0.06],
							"rotation": [0, 0, -22.5],
							"uv": {
								"north": {"uv": [30, 104], "uv_size": [1, 1]},
								"east": {"uv": [104, 30], "uv_size": [1, 1]},
								"south": {"uv": [31, 104], "uv_size": [1, 1]},
								"west": {"uv": [104, 31], "uv_size": [1, 1]},
								"up": {"uv": [32, 104], "uv_size": [1, 1]},
								"down": {"uv": [104, 33], "uv_size": [1, -1]}
							}
						},
						{
							"origin": [-3.505, 25.67356, -0.79888],
							"size": [0.25, 0.4, 0.85],
							"pivot": [-3.36132, 25.86356, 0.05112],
							"rotation": [30, 0, -22.5],
							"uv": {
								"north": {"uv": [33, 104], "uv_size": [1, 1]},
								"east": {"uv": [104, 33], "uv_size": [1, 1]},
								"south": {"uv": [34, 104], "uv_size": [1, 1]},
								"west": {"uv": [104, 34], "uv_size": [1, 1]},
								"up": {"uv": [35, 104], "uv_size": [1, 1]},
								"down": {"uv": [104, 36], "uv_size": [1, -1]}
							}
						}
					]
				},
				{
					"name": "right_sleeve_back_bowknot1",
					"parent": "right_sleeve_bowknot1",
					"pivot": [-3.45647, 25.76663, -0.06],
					"rotation": [7.5, -15, 0],
					"cubes": [
						{
							"origin": [-3.49099, 25.62447, -0.06],
							"size": [0.25, 0.4, 0.85],
							"pivot": [-3.34099, 25.81447, -0.06],
							"rotation": [0, 0, -22.5],
							"uv": {
								"north": {"uv": [36, 104], "uv_size": [1, 1]},
								"east": {"uv": [104, 36], "uv_size": [1, 1]},
								"south": {"uv": [37, 104], "uv_size": [1, 1]},
								"west": {"uv": [104, 37], "uv_size": [1, 1]},
								"up": {"uv": [38, 104], "uv_size": [1, 1]},
								"down": {"uv": [104, 39], "uv_size": [1, -1]}
							}
						},
						{
							"origin": [-3.505, 25.67356, -0.05112],
							"size": [0.25, 0.4, 0.85],
							"pivot": [-3.36132, 25.86356, -0.05112],
							"rotation": [-30, 0, -22.5],
							"uv": {
								"north": {"uv": [39, 104], "uv_size": [1, 1]},
								"east": {"uv": [104, 39], "uv_size": [1, 1]},
								"south": {"uv": [40, 104], "uv_size": [1, 1]},
								"west": {"uv": [104, 40], "uv_size": [1, 1]},
								"up": {"uv": [41, 104], "uv_size": [1, 1]},
								"down": {"uv": [104, 42], "uv_size": [1, -1]}
							}
						}
					]
				},
				{
					"name": "RightForeArm",
					"parent": "RightArm",
					"pivot": [-1.75345, 22.6, 0],
					"cubes": [
						{
							"origin": [-3.00345, 16.12166, -1.14],
							"size": [2.35, 6.5, 2.4],
							"uv": {
								"north": {"uv": [26, 68], "uv_size": [2, 7]},
								"east": {"uv": [28, 68], "uv_size": [2, 7]},
								"south": {"uv": [38, 68], "uv_size": [2, 7]},
								"west": {"uv": [40, 68], "uv_size": [2, 7]},
								"up": {"uv": [86, 63], "uv_size": [2, 2]},
								"down": {"uv": [86, 67], "uv_size": [2, -2]}
							}
						}
					]
				},
				{
					"name": "right_sleeve2",
					"parent": "RightForeArm",
					"pivot": [-1.75345, 22.6, 0],
					"cubes": [
						{
							"origin": [-3.25345, 21.623, -1.39],
							"size": [2.85, 1, 3.05],
							"uv": {
								"north": {"uv": [41, 91], "uv_size": [3, 1]},
								"east": {"uv": [91, 43], "uv_size": [3, 1]},
								"south": {"uv": [91, 44], "uv_size": [3, 1]},
								"west": {"uv": [91, 45], "uv_size": [3, 1]},
								"up": {"uv": [74, 30], "uv_size": [3, 3]},
								"down": {"uv": [74, 36], "uv_size": [3, -3]}
							}
						}
					]
				},
				{
					"name": "right_front_sleeve2",
					"parent": "right_sleeve2",
					"pivot": [-1.82845, 22.623, -1.39],
					"rotation": [-7.5, 0, 0],
					"cubes": [
						{
							"origin": [-3.25345, 17.623, -1.39],
							"size": [2.85, 5, 1],
							"uv": {
								"north": {"uv": [20, 65], "uv_size": [3, 5]},
								"east": {"uv": [76, 82], "uv_size": [1, 5]},
								"south": {"uv": [23, 65], "uv_size": [3, 5]},
								"west": {"uv": [77, 82], "uv_size": [1, 5]},
								"up": {"uv": [91, 46], "uv_size": [3, 1]},
								"down": {"uv": [91, 48], "uv_size": [3, -1]}
							}
						},
						{
							"origin": [-1.36345, 17.873, -1.44],
							"size": [1, 0.5, 1],
							"uv": {
								"north": {"uv": [42, 104], "uv_size": [1, 1]},
								"east": {"uv": [104, 42], "uv_size": [1, 1]},
								"south": {"uv": [43, 104], "uv_size": [1, 1]},
								"west": {"uv": [104, 43], "uv_size": [1, 1]},
								"up": {"uv": [44, 104], "uv_size": [1, 1]},
								"down": {"uv": [104, 45], "uv_size": [1, -1]}
							}
						},
						{
							"origin": [-3.30345, 17.873, -1.44],
							"size": [1, 0.5, 1],
							"uv": {
								"north": {"uv": [45, 104], "uv_size": [1, 1]},
								"east": {"uv": [104, 45], "uv_size": [1, 1]},
								"south": {"uv": [46, 104], "uv_size": [1, 1]},
								"west": {"uv": [104, 46], "uv_size": [1, 1]},
								"up": {"uv": [47, 104], "uv_size": [1, 1]},
								"down": {"uv": [104, 48], "uv_size": [1, -1]}
							}
						}
					]
				},
				{
					"name": "right_back_sleeve2",
					"parent": "right_sleeve2",
					"pivot": [-1.82845, 22.623, 1.66],
					"rotation": [20, 0, 0],
					"cubes": [
						{
							"origin": [-3.10345, 17.623, 0.66],
							"size": [2.55, 5, 1],
							"uv": {
								"north": {"uv": [47, 65], "uv_size": [3, 5]},
								"east": {"uv": [78, 82], "uv_size": [1, 5]},
								"south": {"uv": [63, 65], "uv_size": [3, 5]},
								"west": {"uv": [82, 78], "uv_size": [1, 5]},
								"up": {"uv": [91, 50], "uv_size": [3, 1]},
								"down": {"uv": [91, 52], "uv_size": [3, -1]}
							}
						},
						{
							"origin": [-1.50345, 17.873, 0.71],
							"size": [1, 0.5, 1],
							"uv": {
								"north": {"uv": [48, 104], "uv_size": [1, 1]},
								"east": {"uv": [104, 48], "uv_size": [1, 1]},
								"south": {"uv": [49, 104], "uv_size": [1, 1]},
								"west": {"uv": [104, 49], "uv_size": [1, 1]},
								"up": {"uv": [50, 104], "uv_size": [1, 1]},
								"down": {"uv": [104, 51], "uv_size": [1, -1]}
							}
						},
						{
							"origin": [-3.15345, 17.873, 0.71],
							"size": [1, 0.5, 1],
							"uv": {
								"north": {"uv": [51, 104], "uv_size": [1, 1]},
								"east": {"uv": [104, 51], "uv_size": [1, 1]},
								"south": {"uv": [52, 104], "uv_size": [1, 1]},
								"west": {"uv": [104, 52], "uv_size": [1, 1]},
								"up": {"uv": [53, 104], "uv_size": [1, 1]},
								"down": {"uv": [104, 54], "uv_size": [1, -1]}
							}
						}
					]
				},
				{
					"name": "right_right_sleeve2",
					"parent": "right_sleeve2",
					"pivot": [-3.25345, 22.623, 0.16],
					"rotation": [0, 0, 7.5],
					"cubes": [
						{
							"origin": [-3.25345, 17.623, -1.39],
							"size": [1, 5, 3.05],
							"uv": {
								"north": {"uv": [79, 82], "uv_size": [1, 5]},
								"east": {"uv": [2, 66], "uv_size": [3, 5]},
								"south": {"uv": [80, 82], "uv_size": [1, 5]},
								"west": {"uv": [66, 12], "uv_size": [3, 5]},
								"up": {"uv": [44, 91], "uv_size": [1, 3]},
								"down": {"uv": [45, 94], "uv_size": [1, -3]}
							}
						},
						{
							"origin": [-3.30345, 17.873, 0.56],
							"size": [1, 0.5, 1],
							"uv": {
								"north": {"uv": [54, 104], "uv_size": [1, 1]},
								"east": {"uv": [104, 54], "uv_size": [1, 1]},
								"south": {"uv": [55, 104], "uv_size": [1, 1]},
								"west": {"uv": [104, 55], "uv_size": [1, 1]},
								"up": {"uv": [56, 104], "uv_size": [1, 1]},
								"down": {"uv": [104, 57], "uv_size": [1, -1]}
							}
						},
						{
							"origin": [-3.30345, 17.873, -1.29],
							"size": [1, 0.5, 1],
							"uv": {
								"north": {"uv": [57, 104], "uv_size": [1, 1]},
								"east": {"uv": [104, 57], "uv_size": [1, 1]},
								"south": {"uv": [58, 104], "uv_size": [1, 1]},
								"west": {"uv": [104, 58], "uv_size": [1, 1]},
								"up": {"uv": [59, 104], "uv_size": [1, 1]},
								"down": {"uv": [104, 60], "uv_size": [1, -1]}
							}
						},
						{
							"origin": [-3.25345, 17.623, 0.66],
							"size": [1, 5, 1],
							"pivot": [-3.25345, 22.623, 1.66],
							"rotation": [10, 0, -2.5],
							"uv": {
								"north": {"uv": [81, 82], "uv_size": [1, 5]},
								"east": {"uv": [0, 83], "uv_size": [1, 5]},
								"south": {"uv": [83, 0], "uv_size": [1, 5]},
								"west": {"uv": [1, 83], "uv_size": [1, 5]},
								"up": {"uv": [60, 104], "uv_size": [1, 1]},
								"down": {"uv": [104, 61], "uv_size": [1, -1]}
							}
						}
					]
				},
				{
					"name": "right_sleeve_bowknot2",
					"parent": "right_right_sleeve2",
					"pivot": [-3.43802, 18.09691, 1.06],
					"rotation": [0, 0, 22.5],
					"cubes": [
						{
							"origin": [-3.57254, 17.90474, 0.81],
							"size": [0.5, 0.5, 0.5],
							"pivot": [-3.32254, 18.14474, 1.06],
							"rotation": [0, 0, -22.5],
							"uv": {
								"north": {"uv": [61, 104], "uv_size": [1, 1]},
								"east": {"uv": [104, 61], "uv_size": [1, 1]},
								"south": {"uv": [62, 104], "uv_size": [1, 1]},
								"west": {"uv": [104, 62], "uv_size": [1, 1]},
								"up": {"uv": [63, 104], "uv_size": [1, 1]},
								"down": {"uv": [104, 64], "uv_size": [1, -1]}
							}
						}
					]
				},
				{
					"name": "right_sleeve_front_bowknot2",
					"parent": "right_sleeve_bowknot2",
					"pivot": [-3.43802, 18.09691, 1.06],
					"rotation": [-7.5, 15, 0],
					"cubes": [
						{
							"origin": [-3.47254, 17.95474, 0.21],
							"size": [0.25, 0.4, 0.85],
							"pivot": [-3.32254, 18.14474, 1.06],
							"rotation": [0, 0, -22.5],
							"uv": {
								"north": {"uv": [64, 104], "uv_size": [1, 1]},
								"east": {"uv": [104, 64], "uv_size": [1, 1]},
								"south": {"uv": [65, 104], "uv_size": [1, 1]},
								"west": {"uv": [104, 65], "uv_size": [1, 1]},
								"up": {"uv": [66, 104], "uv_size": [1, 1]},
								"down": {"uv": [104, 67], "uv_size": [1, -1]}
							}
						},
						{
							"origin": [-3.48655, 18.00383, 0.20112],
							"size": [0.25, 0.4, 0.85],
							"pivot": [-3.34287, 18.19383, 1.05112],
							"rotation": [30, 0, -22.5],
							"uv": {
								"north": {"uv": [67, 104], "uv_size": [1, 1]},
								"east": {"uv": [104, 67], "uv_size": [1, 1]},
								"south": {"uv": [68, 104], "uv_size": [1, 1]},
								"west": {"uv": [104, 68], "uv_size": [1, 1]},
								"up": {"uv": [69, 104], "uv_size": [1, 1]},
								"down": {"uv": [104, 70], "uv_size": [1, -1]}
							}
						}
					]
				},
				{
					"name": "right_sleeve_back_bowknot2",
					"parent": "right_sleeve_bowknot2",
					"pivot": [-3.43802, 18.09691, 0.94],
					"rotation": [7.5, -15, 0],
					"cubes": [
						{
							"origin": [-3.47254, 17.95474, 0.94],
							"size": [0.25, 0.4, 0.85],
							"pivot": [-3.32254, 18.14474, 0.94],
							"rotation": [0, 0, -22.5],
							"uv": {
								"north": {"uv": [70, 104], "uv_size": [1, 1]},
								"east": {"uv": [104, 70], "uv_size": [1, 1]},
								"south": {"uv": [71, 104], "uv_size": [1, 1]},
								"west": {"uv": [104, 71], "uv_size": [1, 1]},
								"up": {"uv": [72, 104], "uv_size": [1, 1]},
								"down": {"uv": [104, 73], "uv_size": [1, -1]}
							}
						},
						{
							"origin": [-3.48655, 18.00383, 0.94888],
							"size": [0.25, 0.4, 0.85],
							"pivot": [-3.34287, 18.19383, 0.94888],
							"rotation": [-30, 0, -22.5],
							"uv": {
								"north": {"uv": [73, 104], "uv_size": [1, 1]},
								"east": {"uv": [104, 73], "uv_size": [1, 1]},
								"south": {"uv": [74, 104], "uv_size": [1, 1]},
								"west": {"uv": [104, 74], "uv_size": [1, 1]},
								"up": {"uv": [75, 104], "uv_size": [1, 1]},
								"down": {"uv": [104, 76], "uv_size": [1, -1]}
							}
						}
					]
				},
				{
					"name": "right_left_sleeve2",
					"parent": "right_sleeve2",
					"pivot": [-0.39655, 22.623, 0.16],
					"rotation": [0, 0, -7.5],
					"cubes": [
						{
							"origin": [-1.39655, 17.623, -1.39],
							"size": [1, 5, 3.05],
							"uv": {
								"north": {"uv": [2, 83], "uv_size": [1, 5]},
								"east": {"uv": [66, 17], "uv_size": [3, 5]},
								"south": {"uv": [3, 83], "uv_size": [1, 5]},
								"west": {"uv": [66, 38], "uv_size": [3, 5]},
								"up": {"uv": [50, 91], "uv_size": [1, 3]},
								"down": {"uv": [51, 94], "uv_size": [1, -3]}
							}
						},
						{
							"origin": [-1.39655, 17.623, 0.66],
							"size": [1, 5, 1],
							"pivot": [-0.39655, 22.623, 1.66],
							"rotation": [10, 0, 2.5],
							"uv": {
								"north": {"uv": [4, 83], "uv_size": [1, 5]},
								"east": {"uv": [5, 83], "uv_size": [1, 5]},
								"south": {"uv": [83, 5], "uv_size": [1, 5]},
								"west": {"uv": [6, 83], "uv_size": [1, 5]},
								"up": {"uv": [76, 104], "uv_size": [1, 1]},
								"down": {"uv": [104, 77], "uv_size": [1, -1]}
							}
						},
						{
							"origin": [-1.34655, 17.873, -1.29],
							"size": [1, 0.5, 1],
							"uv": {
								"north": {"uv": [77, 104], "uv_size": [1, 1]},
								"east": {"uv": [104, 77], "uv_size": [1, 1]},
								"south": {"uv": [78, 104], "uv_size": [1, 1]},
								"west": {"uv": [104, 78], "uv_size": [1, 1]},
								"up": {"uv": [79, 104], "uv_size": [1, 1]},
								"down": {"uv": [104, 80], "uv_size": [1, -1]}
							}
						},
						{
							"origin": [-1.34655, 17.873, 0.56],
							"size": [1, 0.5, 1],
							"uv": {
								"north": {"uv": [80, 104], "uv_size": [1, 1]},
								"east": {"uv": [104, 80], "uv_size": [1, 1]},
								"south": {"uv": [81, 104], "uv_size": [1, 1]},
								"west": {"uv": [104, 81], "uv_size": [1, 1]},
								"up": {"uv": [82, 104], "uv_size": [1, 1]},
								"down": {"uv": [104, 83], "uv_size": [1, -1]}
							}
						}
					]
				},
				{
					"name": "RightHand",
					"parent": "RightForeArm",
					"pivot": [-2.00345, 17.32166, 0.01]
				},
				{
					"name": "RightHandLocator",
					"parent": "RightHand",
					"pivot": [-2.00345, 17.32166, 0.01]
				},
				{
					"name": "BladeLocator",
					"parent": "RightHand",
					"pivot": [-2.00345, 17.57166, 0.01]
				},
				{
					"name": "LeftArm",
					"pivot": [2, 28, 0],
					"cubes": [
						{
							"origin": [0.65345, 22.62166, -1.14],
							"size": [2.35, 6.5, 2.4],
							"uv": {
								"north": {"uv": [36, 66], "uv_size": [2, 7]},
								"east": {"uv": [44, 66], "uv_size": [2, 7]},
								"south": {"uv": [50, 66], "uv_size": [2, 7]},
								"west": {"uv": [52, 66], "uv_size": [2, 7]},
								"up": {"uv": [86, 31], "uv_size": [2, 2]},
								"down": {"uv": [86, 49], "uv_size": [2, -2]}
							}
						},
						{
							"origin": [0.90345, 22.02166, -0.44],
							"size": [1.85, 1.45, 1.45],
							"pivot": [1.75345, 22.97166, 0.01],
							"rotation": [-45, 0, 0],
							"uv": {
								"north": {"uv": [96, 26], "uv_size": [2, 1]},
								"east": {"uv": [103, 20], "uv_size": [1, 1]},
								"south": {"uv": [96, 27], "uv_size": [2, 1]},
								"west": {"uv": [21, 103], "uv_size": [1, 1]},
								"up": {"uv": [28, 96], "uv_size": [2, 1]},
								"down": {"uv": [96, 29], "uv_size": [2, -1]}
							}
						}
					]
				},
				{
					"name": "left_sleeve1",
					"parent": "LeftArm",
					"pivot": [1.82845, 25.71775, 0.06],
					"cubes": [
						{
							"origin": [0.55345, 24.37166, -1.24],
							"size": [2.55, 1, 2.6],
							"uv": {
								"north": {"uv": [90, 57], "uv_size": [3, 1]},
								"east": {"uv": [90, 58], "uv_size": [3, 1]},
								"south": {"uv": [60, 90], "uv_size": [3, 1]},
								"west": {"uv": [90, 63], "uv_size": [3, 1]},
								"up": {"uv": [59, 73], "uv_size": [3, 3]},
								"down": {"uv": [73, 63], "uv_size": [3, -3]}
							}
						},
						{
							"origin": [0.55345, 22.52166, 0.86],
							"size": [2.55, 1.85, 0.5],
							"pivot": [1.82845, 24.37166, 1.36],
							"rotation": [10, 0, 0],
							"uv": {
								"north": {"uv": [78, 68], "uv_size": [3, 2]},
								"east": {"uv": [8, 96], "uv_size": [1, 2]},
								"south": {"uv": [78, 70], "uv_size": [3, 2]},
								"west": {"uv": [20, 96], "uv_size": [1, 2]},
								"up": {"uv": [90, 64], "uv_size": [3, 1]},
								"down": {"uv": [90, 66], "uv_size": [3, -1]}
							}
						},
						{
							"origin": [2.68743, 22.52413, 1.02486],
							"size": [0.5, 1.8, 0.5],
							"pivot": [2.93743, 23.39913, 1.27486],
							"rotation": [10, 0.1, -5],
							"uv": {
								"north": {"uv": [96, 29], "uv_size": [1, 2]},
								"east": {"uv": [30, 96], "uv_size": [1, 2]},
								"south": {"uv": [31, 96], "uv_size": [1, 2]},
								"west": {"uv": [32, 96], "uv_size": [1, 2]},
								"up": {"uv": [103, 21], "uv_size": [1, 1]},
								"down": {"uv": [22, 104], "uv_size": [1, -1]}
							}
						},
						{
							"origin": [0.46947, 22.52413, 1.02486],
							"size": [0.5, 1.8, 0.5],
							"pivot": [0.71947, 23.39913, 1.27486],
							"rotation": [10, -0.1, 5],
							"uv": {
								"north": {"uv": [33, 96], "uv_size": [1, 2]},
								"east": {"uv": [96, 33], "uv_size": [1, 2]},
								"south": {"uv": [34, 96], "uv_size": [1, 2]},
								"west": {"uv": [35, 96], "uv_size": [1, 2]},
								"up": {"uv": [103, 22], "uv_size": [1, 1]},
								"down": {"uv": [23, 104], "uv_size": [1, -1]}
							}
						},
						{
							"origin": [0.55345, 22.52166, -1.24],
							"size": [0.5, 1.85, 2.6],
							"pivot": [0.55345, 24.37166, 0.06],
							"rotation": [0, 0, 5],
							"uv": {
								"north": {"uv": [96, 35], "uv_size": [1, 2]},
								"east": {"uv": [78, 74], "uv_size": [3, 2]},
								"south": {"uv": [36, 96], "uv_size": [1, 2]},
								"west": {"uv": [76, 78], "uv_size": [3, 2]},
								"up": {"uv": [63, 90], "uv_size": [1, 3]},
								"down": {"uv": [64, 93], "uv_size": [1, -3]}
							}
						},
						{
							"origin": [2.60345, 22.52166, -1.24],
							"size": [0.5, 1.85, 2.6],
							"pivot": [3.10345, 24.37166, 0.06],
							"rotation": [0, 0, -5],
							"uv": {
								"north": {"uv": [37, 96], "uv_size": [1, 2]},
								"east": {"uv": [78, 76], "uv_size": [3, 2]},
								"south": {"uv": [96, 37], "uv_size": [1, 2]},
								"west": {"uv": [0, 79], "uv_size": [3, 2]},
								"up": {"uv": [90, 66], "uv_size": [1, 3]},
								"down": {"uv": [67, 93], "uv_size": [1, -3]}
							}
						},
						{
							"origin": [0.55345, 22.52166, -1.24],
							"size": [2.55, 1.85, 0.5],
							"pivot": [1.82845, 24.37166, -1.24],
							"rotation": [-5, 0, 0],
							"uv": {
								"north": {"uv": [79, 0], "uv_size": [3, 2]},
								"east": {"uv": [39, 96], "uv_size": [1, 2]},
								"south": {"uv": [79, 2], "uv_size": [3, 2]},
								"west": {"uv": [96, 39], "uv_size": [1, 2]},
								"up": {"uv": [68, 90], "uv_size": [3, 1]},
								"down": {"uv": [71, 91], "uv_size": [3, -1]}
							}
						},
						{
							"origin": [2.68779, 22.46342, -1.32296],
							"size": [0.5, 1.85, 0.5],
							"pivot": [2.93779, 23.38842, -0.82296],
							"rotation": [-5, -0.1, -5],
							"uv": {
								"north": {"uv": [40, 96], "uv_size": [1, 2]},
								"east": {"uv": [41, 96], "uv_size": [1, 2]},
								"south": {"uv": [96, 41], "uv_size": [1, 2]},
								"west": {"uv": [42, 96], "uv_size": [1, 2]},
								"up": {"uv": [103, 23], "uv_size": [1, 1]},
								"down": {"uv": [24, 104], "uv_size": [1, -1]}
							}
						},
						{
							"origin": [0.46911, 22.46342, -1.32296],
							"size": [0.5, 1.85, 0.5],
							"pivot": [0.71911, 23.38842, -0.82296],
							"rotation": [-5, 0.1, 5],
							"uv": {
								"north": {"uv": [43, 96], "uv_size": [1, 2]},
								"east": {"uv": [96, 43], "uv_size": [1, 2]},
								"south": {"uv": [44, 96], "uv_size": [1, 2]},
								"west": {"uv": [45, 96], "uv_size": [1, 2]},
								"up": {"uv": [103, 24], "uv_size": [1, 1]},
								"down": {"uv": [25, 104], "uv_size": [1, -1]}
							}
						},
						{
							"origin": [0.55345, 25.37166, -1.24],
							"size": [0.5, 1, 2.6],
							"pivot": [0.55345, 25.37166, 0.06],
							"rotation": [0, 0, -22.5],
							"uv": {
								"north": {"uv": [103, 25], "uv_size": [1, 1]},
								"east": {"uv": [90, 73], "uv_size": [3, 1]},
								"south": {"uv": [26, 103], "uv_size": [1, 1]},
								"west": {"uv": [90, 74], "uv_size": [3, 1]},
								"up": {"uv": [74, 90], "uv_size": [1, 3]},
								"down": {"uv": [75, 93], "uv_size": [1, -3]}
							}
						},
						{
							"origin": [0.50345, 25.62166, -0.44],
							"size": [0.5, 0.5, 1],
							"pivot": [0.55345, 25.37166, 0.06],
							"rotation": [0, 0, -22.5],
							"uv": {
								"north": {"uv": [103, 26], "uv_size": [1, 1]},
								"east": {"uv": [27, 103], "uv_size": [1, 1]},
								"south": {"uv": [103, 27], "uv_size": [1, 1]},
								"west": {"uv": [28, 103], "uv_size": [1, 1]},
								"up": {"uv": [103, 28], "uv_size": [1, 1]},
								"down": {"uv": [29, 104], "uv_size": [1, -1]}
							}
						},
						{
							"origin": [0.55345, 25.37166, 0.86],
							"size": [2.55, 1, 0.5],
							"pivot": [1.82845, 25.37166, 1.36],
							"rotation": [-22.5, 0, 0],
							"uv": {
								"north": {"uv": [90, 75], "uv_size": [3, 1]},
								"east": {"uv": [103, 29], "uv_size": [1, 1]},
								"south": {"uv": [90, 79], "uv_size": [3, 1]},
								"west": {"uv": [30, 103], "uv_size": [1, 1]},
								"up": {"uv": [90, 80], "uv_size": [3, 1]},
								"down": {"uv": [82, 91], "uv_size": [3, -1]}
							}
						},
						{
							"origin": [0.50345, 25.67927, -1.50037],
							"size": [1, 0.5, 0.5],
							"pivot": [1.05345, 25.92927, -1.20037],
							"rotation": [22.5, 0, 0],
							"uv": {
								"north": {"uv": [103, 30], "uv_size": [1, 1]},
								"east": {"uv": [31, 103], "uv_size": [1, 1]},
								"south": {"uv": [103, 31], "uv_size": [1, 1]},
								"west": {"uv": [32, 103], "uv_size": [1, 1]},
								"up": {"uv": [103, 32], "uv_size": [1, 1]},
								"down": {"uv": [33, 104], "uv_size": [1, -1]}
							}
						},
						{
							"origin": [2.15345, 25.67927, 1.12037],
							"size": [1, 0.5, 0.5],
							"pivot": [1.05345, 25.92927, 1.32037],
							"rotation": [-22.5, 0, 0],
							"uv": {
								"north": {"uv": [103, 33], "uv_size": [1, 1]},
								"east": {"uv": [34, 103], "uv_size": [1, 1]},
								"south": {"uv": [103, 34], "uv_size": [1, 1]},
								"west": {"uv": [35, 103], "uv_size": [1, 1]},
								"up": {"uv": [103, 35], "uv_size": [1, 1]},
								"down": {"uv": [36, 104], "uv_size": [1, -1]}
							}
						},
						{
							"origin": [0.50345, 25.67927, 1.12037],
							"size": [1, 0.5, 0.5],
							"pivot": [1.05345, 25.92927, 1.32037],
							"rotation": [-22.5, 0, 0],
							"uv": {
								"north": {"uv": [103, 36], "uv_size": [1, 1]},
								"east": {"uv": [37, 103], "uv_size": [1, 1]},
								"south": {"uv": [103, 37], "uv_size": [1, 1]},
								"west": {"uv": [38, 103], "uv_size": [1, 1]},
								"up": {"uv": [103, 38], "uv_size": [1, 1]},
								"down": {"uv": [39, 104], "uv_size": [1, -1]}
							}
						},
						{
							"origin": [2.15345, 25.67927, -1.50037],
							"size": [1, 0.5, 0.5],
							"pivot": [1.05345, 25.92927, -1.20037],
							"rotation": [22.5, 0, 0],
							"uv": {
								"north": {"uv": [103, 39], "uv_size": [1, 1]},
								"east": {"uv": [40, 103], "uv_size": [1, 1]},
								"south": {"uv": [103, 40], "uv_size": [1, 1]},
								"west": {"uv": [41, 103], "uv_size": [1, 1]},
								"up": {"uv": [103, 41], "uv_size": [1, 1]},
								"down": {"uv": [42, 104], "uv_size": [1, -1]}
							}
						},
						{
							"origin": [0.55345, 25.37166, -1.24],
							"size": [2.55, 1, 0.5],
							"pivot": [1.82845, 25.37166, -1.24],
							"rotation": [22.5, 0, 0],
							"uv": {
								"north": {"uv": [90, 83], "uv_size": [3, 1]},
								"east": {"uv": [103, 42], "uv_size": [1, 1]},
								"south": {"uv": [90, 84], "uv_size": [3, 1]},
								"west": {"uv": [43, 103], "uv_size": [1, 1]},
								"up": {"uv": [85, 90], "uv_size": [3, 1]},
								"down": {"uv": [90, 86], "uv_size": [3, -1]}
							}
						},
						{
							"origin": [2.60345, 25.37166, -1.24],
							"size": [0.5, 1, 2.6],
							"pivot": [3.10345, 25.37166, 0.06],
							"rotation": [0, 0, 22.5],
							"uv": {
								"north": {"uv": [103, 43], "uv_size": [1, 1]},
								"east": {"uv": [90, 86], "uv_size": [3, 1]},
								"south": {"uv": [44, 103], "uv_size": [1, 1]},
								"west": {"uv": [90, 87], "uv_size": [3, 1]},
								"up": {"uv": [88, 90], "uv_size": [1, 3]},
								"down": {"uv": [90, 91], "uv_size": [1, -3]}
							}
						},
						{
							"origin": [2.65345, 25.62166, -0.44],
							"size": [0.5, 0.5, 1],
							"pivot": [3.10345, 25.37166, 0.06],
							"rotation": [0, 0, 22.5],
							"uv": {
								"north": {"uv": [103, 44], "uv_size": [1, 1]},
								"east": {"uv": [45, 103], "uv_size": [1, 1]},
								"south": {"uv": [103, 45], "uv_size": [1, 1]},
								"west": {"uv": [46, 103], "uv_size": [1, 1]},
								"up": {"uv": [103, 46], "uv_size": [1, 1]},
								"down": {"uv": [47, 104], "uv_size": [1, -1]}
							}
						}
					]
				},
				{
					"name": "left_sleeve_bowknot1",
					"parent": "left_sleeve1",
					"pivot": [3.45647, 25.76663, 0.06],
					"rotation": [0, 0, -10],
					"cubes": [
						{
							"origin": [3.09099, 25.57447, -0.19],
							"size": [0.5, 0.5, 0.5],
							"pivot": [3.34099, 25.81447, 0.06],
							"rotation": [0, 0, 22.5],
							"uv": {
								"north": {"uv": [103, 47], "uv_size": [1, 1]},
								"east": {"uv": [48, 103], "uv_size": [1, 1]},
								"south": {"uv": [103, 48], "uv_size": [1, 1]},
								"west": {"uv": [49, 103], "uv_size": [1, 1]},
								"up": {"uv": [103, 49], "uv_size": [1, 1]},
								"down": {"uv": [50, 104], "uv_size": [1, -1]}
							}
						}
					]
				},
				{
					"name": "left_sleeve_front_bowknot1",
					"parent": "left_sleeve_bowknot1",
					"pivot": [3.45647, 25.76663, 0.06],
					"rotation": [-7.5, -15, 0],
					"cubes": [
						{
							"origin": [3.24099, 25.62447, -0.79],
							"size": [0.25, 0.4, 0.85],
							"pivot": [3.34099, 25.81447, 0.06],
							"rotation": [0, 0, 22.5],
							"uv": {
								"north": {"uv": [103, 50], "uv_size": [1, 1]},
								"east": {"uv": [51, 103], "uv_size": [1, 1]},
								"south": {"uv": [103, 51], "uv_size": [1, 1]},
								"west": {"uv": [52, 103], "uv_size": [1, 1]},
								"up": {"uv": [103, 52], "uv_size": [1, 1]},
								"down": {"uv": [53, 104], "uv_size": [1, -1]}
							}
						},
						{
							"origin": [3.255, 25.67356, -0.79888],
							"size": [0.25, 0.4, 0.85],
							"pivot": [3.36132, 25.86356, 0.05112],
							"rotation": [30, 0, 22.5],
							"uv": {
								"north": {"uv": [103, 53], "uv_size": [1, 1]},
								"east": {"uv": [54, 103], "uv_size": [1, 1]},
								"south": {"uv": [103, 54], "uv_size": [1, 1]},
								"west": {"uv": [55, 103], "uv_size": [1, 1]},
								"up": {"uv": [103, 55], "uv_size": [1, 1]},
								"down": {"uv": [56, 104], "uv_size": [1, -1]}
							}
						}
					]
				},
				{
					"name": "left_sleeve_back_bowknot1",
					"parent": "left_sleeve_bowknot1",
					"pivot": [3.45647, 25.76663, -0.06],
					"rotation": [7.5, 15, 0],
					"cubes": [
						{
							"origin": [3.24099, 25.62447, -0.06],
							"size": [0.25, 0.4, 0.85],
							"pivot": [3.34099, 25.81447, -0.06],
							"rotation": [0, 0, 22.5],
							"uv": {
								"north": {"uv": [103, 56], "uv_size": [1, 1]},
								"east": {"uv": [57, 103], "uv_size": [1, 1]},
								"south": {"uv": [103, 57], "uv_size": [1, 1]},
								"west": {"uv": [58, 103], "uv_size": [1, 1]},
								"up": {"uv": [103, 58], "uv_size": [1, 1]},
								"down": {"uv": [59, 104], "uv_size": [1, -1]}
							}
						},
						{
							"origin": [3.255, 25.67356, -0.05112],
							"size": [0.25, 0.4, 0.85],
							"pivot": [3.36132, 25.86356, -0.05112],
							"rotation": [-30, 0, 22.5],
							"uv": {
								"north": {"uv": [103, 59], "uv_size": [1, 1]},
								"east": {"uv": [60, 103], "uv_size": [1, 1]},
								"south": {"uv": [103, 60], "uv_size": [1, 1]},
								"west": {"uv": [61, 103], "uv_size": [1, 1]},
								"up": {"uv": [103, 61], "uv_size": [1, 1]},
								"down": {"uv": [62, 104], "uv_size": [1, -1]}
							}
						}
					]
				},
				{
					"name": "LeftForeArm",
					"parent": "LeftArm",
					"pivot": [1.75345, 22.6, 0],
					"cubes": [
						{
							"origin": [0.65345, 16.12166, -1.14],
							"size": [2.35, 6.5, 2.4],
							"uv": {
								"north": {"uv": [59, 66], "uv_size": [2, 7]},
								"east": {"uv": [61, 66], "uv_size": [2, 7]},
								"south": {"uv": [66, 65], "uv_size": [2, 7]},
								"west": {"uv": [7, 67], "uv_size": [2, 7]},
								"up": {"uv": [55, 86], "uv_size": [2, 2]},
								"down": {"uv": [86, 59], "uv_size": [2, -2]}
							}
						}
					]
				},
				{
					"name": "left_sleeve2",
					"parent": "LeftForeArm",
					"pivot": [1.75345, 22.6, 0],
					"cubes": [
						{
							"origin": [0.40345, 21.623, -1.39],
							"size": [2.85, 1, 3.05],
							"uv": {
								"north": {"uv": [91, 0], "uv_size": [3, 1]},
								"east": {"uv": [91, 1], "uv_size": [3, 1]},
								"south": {"uv": [91, 2], "uv_size": [3, 1]},
								"west": {"uv": [91, 3], "uv_size": [3, 1]},
								"up": {"uv": [7, 74], "uv_size": [3, 3]},
								"down": {"uv": [74, 18], "uv_size": [3, -3]}
							}
						}
					]
				},
				{
					"name": "left_front_sleeve2",
					"parent": "left_sleeve2",
					"pivot": [1.82845, 22.623, -1.39],
					"rotation": [-7.5, 0, 0],
					"cubes": [
						{
							"origin": [0.40345, 17.623, -1.39],
							"size": [2.85, 5, 1],
							"uv": {
								"north": {"uv": [44, 61], "uv_size": [3, 5]},
								"east": {"uv": [82, 47], "uv_size": [1, 5]},
								"south": {"uv": [27, 63], "uv_size": [3, 5]},
								"west": {"uv": [50, 82], "uv_size": [1, 5]},
								"up": {"uv": [91, 4], "uv_size": [3, 1]},
								"down": {"uv": [91, 6], "uv_size": [3, -1]}
							}
						},
						{
							"origin": [0.36345, 17.873, -1.44],
							"size": [1, 0.5, 1],
							"uv": {
								"north": {"uv": [103, 62], "uv_size": [1, 1]},
								"east": {"uv": [63, 103], "uv_size": [1, 1]},
								"south": {"uv": [103, 63], "uv_size": [1, 1]},
								"west": {"uv": [64, 103], "uv_size": [1, 1]},
								"up": {"uv": [103, 64], "uv_size": [1, 1]},
								"down": {"uv": [65, 104], "uv_size": [1, -1]}
							}
						},
						{
							"origin": [2.30345, 17.873, -1.44],
							"size": [1, 0.5, 1],
							"uv": {
								"north": {"uv": [103, 65], "uv_size": [1, 1]},
								"east": {"uv": [66, 103], "uv_size": [1, 1]},
								"south": {"uv": [103, 66], "uv_size": [1, 1]},
								"west": {"uv": [67, 103], "uv_size": [1, 1]},
								"up": {"uv": [103, 67], "uv_size": [1, 1]},
								"down": {"uv": [68, 104], "uv_size": [1, -1]}
							}
						}
					]
				},
				{
					"name": "left_back_sleeve2",
					"parent": "left_sleeve2",
					"pivot": [1.82845, 22.623, 1.66],
					"rotation": [20, 0, 0],
					"cubes": [
						{
							"origin": [0.55345, 17.623, 0.66],
							"size": [2.55, 5, 1],
							"uv": {
								"north": {"uv": [30, 64], "uv_size": [3, 5]},
								"east": {"uv": [51, 82], "uv_size": [1, 5]},
								"south": {"uv": [33, 64], "uv_size": [3, 5]},
								"west": {"uv": [52, 82], "uv_size": [1, 5]},
								"up": {"uv": [91, 8], "uv_size": [3, 1]},
								"down": {"uv": [91, 10], "uv_size": [3, -1]}
							}
						},
						{
							"origin": [2.15345, 17.873, 0.71],
							"size": [1, 0.5, 1],
							"uv": {
								"north": {"uv": [103, 68], "uv_size": [1, 1]},
								"east": {"uv": [69, 103], "uv_size": [1, 1]},
								"south": {"uv": [103, 69], "uv_size": [1, 1]},
								"west": {"uv": [70, 103], "uv_size": [1, 1]},
								"up": {"uv": [103, 70], "uv_size": [1, 1]},
								"down": {"uv": [71, 104], "uv_size": [1, -1]}
							}
						},
						{
							"origin": [0.50345, 17.873, 0.71],
							"size": [1, 0.5, 1],
							"uv": {
								"north": {"uv": [103, 71], "uv_size": [1, 1]},
								"east": {"uv": [72, 103], "uv_size": [1, 1]},
								"south": {"uv": [103, 72], "uv_size": [1, 1]},
								"west": {"uv": [73, 103], "uv_size": [1, 1]},
								"up": {"uv": [103, 73], "uv_size": [1, 1]},
								"down": {"uv": [74, 104], "uv_size": [1, -1]}
							}
						}
					]
				},
				{
					"name": "left_left_sleeve2",
					"parent": "left_sleeve2",
					"pivot": [3.25345, 22.623, 0.16],
					"rotation": [0, 0, -7.5],
					"cubes": [
						{
							"origin": [2.25345, 17.623, -1.39],
							"size": [1, 5, 3.05],
							"uv": {
								"north": {"uv": [82, 52], "uv_size": [1, 5]},
								"east": {"uv": [64, 33], "uv_size": [3, 5]},
								"south": {"uv": [57, 82], "uv_size": [1, 5]},
								"west": {"uv": [11, 65], "uv_size": [3, 5]},
								"up": {"uv": [8, 91], "uv_size": [1, 3]},
								"down": {"uv": [10, 94], "uv_size": [1, -3]}
							}
						},
						{
							"origin": [2.30345, 17.873, -1.29],
							"size": [1, 0.5, 1],
							"uv": {
								"north": {"uv": [103, 74], "uv_size": [1, 1]},
								"east": {"uv": [75, 103], "uv_size": [1, 1]},
								"south": {"uv": [103, 75], "uv_size": [1, 1]},
								"west": {"uv": [76, 103], "uv_size": [1, 1]},
								"up": {"uv": [103, 76], "uv_size": [1, 1]},
								"down": {"uv": [77, 104], "uv_size": [1, -1]}
							}
						},
						{
							"origin": [2.30345, 17.873, 0.56],
							"size": [1, 0.5, 1],
							"uv": {
								"north": {"uv": [103, 77], "uv_size": [1, 1]},
								"east": {"uv": [78, 103], "uv_size": [1, 1]},
								"south": {"uv": [103, 78], "uv_size": [1, 1]},
								"west": {"uv": [79, 103], "uv_size": [1, 1]},
								"up": {"uv": [103, 79], "uv_size": [1, 1]},
								"down": {"uv": [80, 104], "uv_size": [1, -1]}
							}
						},
						{
							"origin": [2.25345, 17.623, 0.66],
							"size": [1, 5, 1],
							"pivot": [3.25345, 22.623, 1.66],
							"rotation": [10, 0, 2.5],
							"uv": {
								"north": {"uv": [58, 82], "uv_size": [1, 5]},
								"east": {"uv": [59, 82], "uv_size": [1, 5]},
								"south": {"uv": [60, 82], "uv_size": [1, 5]},
								"west": {"uv": [61, 82], "uv_size": [1, 5]},
								"up": {"uv": [103, 80], "uv_size": [1, 1]},
								"down": {"uv": [81, 104], "uv_size": [1, -1]}
							}
						}
					]
				},
				{
					"name": "left_sleeve_bowknot2",
					"parent": "left_left_sleeve2",
					"pivot": [3.43802, 18.09691, 1.06],
					"rotation": [0, 0, -22.5],
					"cubes": [
						{
							"origin": [3.07254, 17.90474, 0.81],
							"size": [0.5, 0.5, 0.5],
							"pivot": [3.32254, 18.14474, 1.06],
							"rotation": [0, 0, 22.5],
							"uv": {
								"north": {"uv": [103, 81], "uv_size": [1, 1]},
								"east": {"uv": [82, 103], "uv_size": [1, 1]},
								"south": {"uv": [103, 82], "uv_size": [1, 1]},
								"west": {"uv": [83, 103], "uv_size": [1, 1]},
								"up": {"uv": [103, 83], "uv_size": [1, 1]},
								"down": {"uv": [84, 104], "uv_size": [1, -1]}
							}
						}
					]
				},
				{
					"name": "left_sleeve_front_bowknot2",
					"parent": "left_sleeve_bowknot2",
					"pivot": [3.43802, 18.09691, 1.06],
					"rotation": [-7.5, -15, 0],
					"cubes": [
						{
							"origin": [3.22254, 17.95474, 0.21],
							"size": [0.25, 0.4, 0.85],
							"pivot": [3.32254, 18.14474, 1.06],
							"rotation": [0, 0, 22.5],
							"uv": {
								"north": {"uv": [103, 84], "uv_size": [1, 1]},
								"east": {"uv": [85, 103], "uv_size": [1, 1]},
								"south": {"uv": [103, 85], "uv_size": [1, 1]},
								"west": {"uv": [86, 103], "uv_size": [1, 1]},
								"up": {"uv": [103, 86], "uv_size": [1, 1]},
								"down": {"uv": [87, 104], "uv_size": [1, -1]}
							}
						},
						{
							"origin": [3.23655, 18.00383, 0.20112],
							"size": [0.25, 0.4, 0.85],
							"pivot": [3.34287, 18.19383, 1.05112],
							"rotation": [30, 0, 22.5],
							"uv": {
								"north": {"uv": [103, 87], "uv_size": [1, 1]},
								"east": {"uv": [88, 103], "uv_size": [1, 1]},
								"south": {"uv": [103, 88], "uv_size": [1, 1]},
								"west": {"uv": [89, 103], "uv_size": [1, 1]},
								"up": {"uv": [103, 89], "uv_size": [1, 1]},
								"down": {"uv": [90, 104], "uv_size": [1, -1]}
							}
						}
					]
				},
				{
					"name": "left_sleeve_back_bowknot2",
					"parent": "left_sleeve_bowknot2",
					"pivot": [3.43802, 18.09691, 0.94],
					"rotation": [7.5, 15, 0],
					"cubes": [
						{
							"origin": [3.22254, 17.95474, 0.94],
							"size": [0.25, 0.4, 0.85],
							"pivot": [3.32254, 18.14474, 0.94],
							"rotation": [0, 0, 22.5],
							"uv": {
								"north": {"uv": [103, 90], "uv_size": [1, 1]},
								"east": {"uv": [91, 103], "uv_size": [1, 1]},
								"south": {"uv": [103, 91], "uv_size": [1, 1]},
								"west": {"uv": [92, 103], "uv_size": [1, 1]},
								"up": {"uv": [103, 92], "uv_size": [1, 1]},
								"down": {"uv": [93, 104], "uv_size": [1, -1]}
							}
						},
						{
							"origin": [3.23655, 18.00383, 0.94888],
							"size": [0.25, 0.4, 0.85],
							"pivot": [3.34287, 18.19383, 0.94888],
							"rotation": [-30, 0, 22.5],
							"uv": {
								"north": {"uv": [103, 93], "uv_size": [1, 1]},
								"east": {"uv": [94, 103], "uv_size": [1, 1]},
								"south": {"uv": [103, 94], "uv_size": [1, 1]},
								"west": {"uv": [95, 103], "uv_size": [1, 1]},
								"up": {"uv": [103, 95], "uv_size": [1, 1]},
								"down": {"uv": [96, 104], "uv_size": [1, -1]}
							}
						}
					]
				},
				{
					"name": "left_right_sleeve2",
					"parent": "left_sleeve2",
					"pivot": [0.39655, 22.623, 0.16],
					"rotation": [0, 0, 7.5],
					"cubes": [
						{
							"origin": [0.39655, 17.623, -1.39],
							"size": [1, 5, 3.05],
							"uv": {
								"north": {"uv": [62, 82], "uv_size": [1, 5]},
								"east": {"uv": [14, 65], "uv_size": [3, 5]},
								"south": {"uv": [65, 82], "uv_size": [1, 5]},
								"west": {"uv": [17, 65], "uv_size": [3, 5]},
								"up": {"uv": [11, 91], "uv_size": [1, 3]},
								"down": {"uv": [12, 94], "uv_size": [1, -3]}
							}
						},
						{
							"origin": [0.34655, 17.873, -1.29],
							"size": [1, 0.5, 1],
							"uv": {
								"north": {"uv": [103, 96], "uv_size": [1, 1]},
								"east": {"uv": [97, 103], "uv_size": [1, 1]},
								"south": {"uv": [103, 97], "uv_size": [1, 1]},
								"west": {"uv": [98, 103], "uv_size": [1, 1]},
								"up": {"uv": [103, 98], "uv_size": [1, 1]},
								"down": {"uv": [99, 104], "uv_size": [1, -1]}
							}
						},
						{
							"origin": [0.34655, 17.873, 0.56],
							"size": [1, 0.5, 1],
							"uv": {
								"north": {"uv": [103, 99], "uv_size": [1, 1]},
								"east": {"uv": [100, 103], "uv_size": [1, 1]},
								"south": {"uv": [103, 100], "uv_size": [1, 1]},
								"west": {"uv": [101, 103], "uv_size": [1, 1]},
								"up": {"uv": [103, 101], "uv_size": [1, 1]},
								"down": {"uv": [102, 104], "uv_size": [1, -1]}
							}
						},
						{
							"origin": [0.39655, 17.623, 0.66],
							"size": [1, 5, 1],
							"pivot": [0.39655, 22.623, 1.66],
							"rotation": [10, 0, -2.5],
							"uv": {
								"north": {"uv": [66, 82], "uv_size": [1, 5]},
								"east": {"uv": [82, 66], "uv_size": [1, 5]},
								"south": {"uv": [67, 82], "uv_size": [1, 5]},
								"west": {"uv": [82, 73], "uv_size": [1, 5]},
								"up": {"uv": [103, 102], "uv_size": [1, 1]},
								"down": {"uv": [103, 104], "uv_size": [1, -1]}
							}
						}
					]
				},
				{
					"name": "LeftHand",
					"parent": "LeftForeArm",
					"pivot": [2.00345, 17.32166, 0.01]
				},
				{
					"name": "LeftHandLocator",
					"parent": "LeftHand",
					"pivot": [2.00345, 17.32166, 0.01]
				},
				{
					"name": "LeftWaistLocator",
					"parent": "LeftHand",
					"pivot": [2.00345, 17.57166, 0.01]
				},
				{
					"name": "SheathLocator",
					"parent": "LeftHand",
					"pivot": [2.00345, 17.57166, 0.01]
				}
			]
		}
	]
}