{
	"format_version": "1.12.0",
	"minecraft:geometry": [
		{
			"description": {
				"identifier": "geometry.unknown",
				"texture_width": 128,
				"texture_height": 128,
				"visible_bounds_width": 3,
				"visible_bounds_height": 4.5,
				"visible_bounds_offset": [0, 1.75, 0]
			},
			"bones": [
				{
					"name": "LeftArm",
					"pivot": [2.54156, 30.39542, 0.7313],
					"cubes": [
						{
							"origin": [1.78004, 22.67846, 0.70041],
							"size": [2.35, 1, 0.65],
							"pivot": [4.16219, 25.47202, 0.80505],
							"rotation": [-15.8131, -0.9194, -5.4772],
							"uv": {
								"north": {"uv": [101, 51], "uv_size": [2.5, 1]},
								"east": {"uv": [63, 124], "uv_size": [0.5, 1]},
								"south": {"uv": [52, 101], "uv_size": [2.5, 1]},
								"west": {"uv": [124, 63], "uv_size": [0.5, 1]},
								"up": {"uv": [115, 9], "uv_size": [2.5, 0.5]},
								"down": {"uv": [10, 115.5], "uv_size": [2.5, -0.5]}
							}
						},
						{
							"origin": [1.78004, 22.78005, -0.11943],
							"size": [2.35, 1, 0.65],
							"pivot": [4.16219, 25.47202, 0.80505],
							"rotation": [14.1869, -0.9194, -5.4772],
							"uv": {
								"north": {"uv": [101, 52], "uv_size": [2.5, 1]},
								"east": {"uv": [64, 124], "uv_size": [0.5, 1]},
								"south": {"uv": [101, 53], "uv_size": [2.5, 1]},
								"west": {"uv": [124, 64], "uv_size": [0.5, 1]},
								"up": {"uv": [115, 10], "uv_size": [2.5, 0.5]},
								"down": {"uv": [115, 11.5], "uv_size": [2.5, -0.5]}
							}
						},
						{
							"origin": [1.78004, 23.32015, -0.83554],
							"size": [2.35, 1.3, 0.65],
							"pivot": [4.16219, 25.47202, 0.80505],
							"rotation": [45.6869, -0.9194, -5.4772],
							"uv": {
								"north": {"uv": [94, 56], "uv_size": [2.5, 1.5]},
								"east": {"uv": [39, 121], "uv_size": [0.5, 1.5]},
								"south": {"uv": [59, 94], "uv_size": [2.5, 1.5]},
								"west": {"uv": [51, 121], "uv_size": [0.5, 1.5]},
								"up": {"uv": [115, 12], "uv_size": [2.5, 0.5]},
								"down": {"uv": [13, 115.5], "uv_size": [2.5, -0.5]}
							}
						},
						{
							"origin": [4.22668, 29.60531, -0.673],
							"size": [2.2, 1.1, 2.5],
							"pivot": [4.16219, 25.47202, 0.80505],
							"rotation": [0.6029, -0.7188, -33.9795],
							"uv": {
								"north": {"uv": [106, 46], "uv_size": [2, 1]},
								"east": {"uv": [101, 54], "uv_size": [2.5, 1]},
								"south": {"uv": [106, 47], "uv_size": [2, 1]},
								"west": {"uv": [57, 101], "uv_size": [2.5, 1]},
								"up": {"uv": [17, 87], "uv_size": [2, 2.5]},
								"down": {"uv": [33, 89.5], "uv_size": [2, -2.5]}
							}
						},
						{
							"origin": [1.78004, 24.12067, -1.14063],
							"size": [2.35, 1, 0.75],
							"pivot": [4.16219, 25.47202, 0.80505],
							"rotation": [76.1869, -0.9194, -5.4772],
							"uv": {
								"north": {"uv": [61, 101], "uv_size": [2.5, 1]},
								"east": {"uv": [118, 14], "uv_size": [1, 1]},
								"south": {"uv": [64, 101], "uv_size": [2.5, 1]},
								"west": {"uv": [118, 15], "uv_size": [1, 1]},
								"up": {"uv": [67, 101], "uv_size": [2.5, 1]},
								"down": {"uv": [70, 102], "uv_size": [2.5, -1]}
							}
						},
						{
							"origin": [1.73004, 23.98494, -0.673],
							"size": [2.45, 6.2, 2.5],
							"pivot": [4.16219, 25.47202, 0.80505],
							"rotation": [0.1869, -0.9194, -5.4772],
							"uv": {
								"north": {"uv": [51, 40], "uv_size": [2.5, 6]},
								"east": {"uv": [52, 5], "uv_size": [2.5, 6]},
								"south": {"uv": [52, 18], "uv_size": [2.5, 6]},
								"west": {"uv": [49, 52], "uv_size": [2.5, 6]},
								"up": {"uv": [79, 63], "uv_size": [2.5, 2.5]},
								"down": {"uv": [79, 68.5], "uv_size": [2.5, -2.5]}
							}
						}
					]
				},
				{
					"name": "LeftArmJK",
					"parent": "LeftArm",
					"pivot": [2.77023, 30.29738, 0.6],
					"cubes": [
						{
							"origin": [1.78022, 22.61176, 0.68387],
							"size": [2.386, 1.0725, 0.6815],
							"pivot": [4.19869, 25.43325, 0.81456],
							"rotation": [-15.8131, -0.9194, -5.4772],
							"uv": {
								"north": {"uv": [73, 101], "uv_size": [2.5, 1]},
								"east": {"uv": [65, 124], "uv_size": [0.5, 1]},
								"south": {"uv": [76, 101], "uv_size": [2.5, 1]},
								"west": {"uv": [124, 65], "uv_size": [0.5, 1]},
								"up": {"uv": [115, 13], "uv_size": [2.5, 0.5]},
								"down": {"uv": [115, 14.5], "uv_size": [2.5, -0.5]}
							}
						},
						{
							"origin": [1.78022, 22.71436, -0.11917],
							"size": [2.386, 1.01, 0.6565],
							"pivot": [4.19869, 25.43325, 0.81456],
							"rotation": [14.1869, -0.9194, -5.4772],
							"uv": {
								"north": {"uv": [79, 101], "uv_size": [2.5, 1]},
								"east": {"uv": [66, 124], "uv_size": [0.5, 1]},
								"south": {"uv": [85, 101], "uv_size": [2.5, 1]},
								"west": {"uv": [124, 66], "uv_size": [0.5, 1]},
								"up": {"uv": [115, 15], "uv_size": [2.5, 0.5]},
								"down": {"uv": [16, 115.5], "uv_size": [2.5, -0.5]}
							}
						},
						{
							"origin": [1.78022, 23.25986, -0.84244],
							"size": [2.386, 1.363, 0.6565],
							"pivot": [4.19869, 25.43325, 0.81456],
							"rotation": [45.6869, -0.9194, -5.4772],
							"uv": {
								"north": {"uv": [62, 94], "uv_size": [2.5, 1.5]},
								"east": {"uv": [53, 121], "uv_size": [0.5, 1.5]},
								"south": {"uv": [65, 94], "uv_size": [2.5, 1.5]},
								"west": {"uv": [121, 76], "uv_size": [0.5, 1.5]},
								"up": {"uv": [115, 16], "uv_size": [2.5, 0.5]},
								"down": {"uv": [115, 17.5], "uv_size": [2.5, -0.5]}
							}
						},
						{
							"origin": [4.24449, 29.80214, -0.67973],
							"size": [2.222, 0.9485, 2.525],
							"pivot": [4.17935, 25.62752, 0.8131],
							"rotation": [0.6029, -0.7188, -33.9795],
							"uv": {
								"north": {"uv": [106, 48], "uv_size": [2, 1]},
								"east": {"uv": [88, 101], "uv_size": [2.5, 1]},
								"south": {"uv": [106, 49], "uv_size": [2, 1]},
								"west": {"uv": [93, 101], "uv_size": [2.5, 1]},
								"up": {"uv": [35, 87], "uv_size": [2, 2.5]},
								"down": {"uv": [87, 43.5], "uv_size": [2, -2.5]}
							}
						},
						{
							"origin": [1.78022, 24.06839, -1.15058],
							"size": [2.386, 1.01, 0.7575],
							"pivot": [4.19869, 25.43325, 0.81456],
							"rotation": [76.1869, -0.9194, -5.4772],
							"uv": {
								"north": {"uv": [96, 101], "uv_size": [2.5, 1]},
								"east": {"uv": [16, 118], "uv_size": [1, 1]},
								"south": {"uv": [99, 101], "uv_size": [2.5, 1]},
								"west": {"uv": [118, 16], "uv_size": [1, 1]},
								"up": {"uv": [0, 102], "uv_size": [2.5, 1]},
								"down": {"uv": [3, 103], "uv_size": [2.5, -1]}
							}
						},
						{
							"origin": [1.69788, 23.92556, -0.67973],
							"size": [2.4995, 6.462, 2.525],
							"pivot": [4.17935, 25.62752, 0.8131],
							"rotation": [0.1869, -0.9194, -5.4772],
							"uv": {
								"north": {"uv": [48, 0], "uv_size": [2.5, 6.5]},
								"east": {"uv": [34, 48], "uv_size": [2.5, 6.5]},
								"south": {"uv": [48, 34], "uv_size": [2.5, 6.5]},
								"west": {"uv": [37, 48], "uv_size": [2.5, 6.5]},
								"up": {"uv": [67, 79], "uv_size": [2.5, 2.5]},
								"down": {"uv": [79, 71.5], "uv_size": [2.5, -2.5]}
							}
						}
					]
				},
				{
					"name": "LeftForeArm",
					"parent": "LeftArm",
					"pivot": [3.07023, 23.79738, 0.5],
					"cubes": [
						{
							"origin": [2.16219, 17.19258, -0.67804],
							"size": [2.45, 6.7, 2.5],
							"pivot": [3.39718, 21.04496, 0.57484],
							"rotation": [0.1868, -0.9194, -5.4772],
							"uv": {
								"north": {"uv": [40, 48], "uv_size": [2.5, 6.5]},
								"east": {"uv": [48, 41], "uv_size": [2.5, 6.5]},
								"south": {"uv": [43, 48], "uv_size": [2.5, 6.5]},
								"west": {"uv": [46, 48], "uv_size": [2.5, 6.5]},
								"up": {"uv": [72, 79], "uv_size": [2.5, 2.5]},
								"down": {"uv": [79, 74.5], "uv_size": [2.5, -2.5]}
							}
						}
					]
				},
				{
					"name": "LeftHand",
					"parent": "LeftForeArm",
					"pivot": [2.97023, 18.19738, 0.5]
				},
				{
					"name": "LeftHandLocator",
					"parent": "LeftHand",
					"pivot": [2.97023, 18.19738, 0.5]
				},
				{
					"name": "LeftForeArmJK",
					"parent": "LeftForeArm",
					"pivot": [3.07023, 23.79738, 0.5],
					"cubes": [
						{
							"origin": [2.14399, 19.36368, -0.68417],
							"size": [2.4995, 4.542, 2.525],
							"pivot": [3.41633, 20.95458, 0.58124],
							"rotation": [0.1868, -0.9194, -5.4772],
							"uv": {
								"north": {"uv": [58, 16], "uv_size": [2.5, 4.5]},
								"east": {"uv": [49, 58], "uv_size": [2.5, 4.5]},
								"south": {"uv": [52, 58], "uv_size": [2.5, 4.5]},
								"west": {"uv": [30, 59], "uv_size": [2.5, 4.5]},
								"up": {"uv": [75, 79], "uv_size": [2.5, 2.5]},
								"down": {"uv": [79, 77.5], "uv_size": [2.5, -2.5]}
							}
						},
						{
							"origin": [2.14399, 19.36368, -0.68417],
							"size": [2.4995, 0.867, 2.525],
							"inflate": 0.01,
							"pivot": [3.41633, 20.95458, 0.58124],
							"rotation": [0.1868, -0.9194, -5.4772],
							"uv": {
								"north": {"uv": [8, 102], "uv_size": [2.5, 1]},
								"east": {"uv": [11, 102], "uv_size": [2.5, 1]},
								"south": {"uv": [14, 102], "uv_size": [2.5, 1]},
								"west": {"uv": [17, 102], "uv_size": [2.5, 1]},
								"up": {"uv": [78, 79], "uv_size": [2.5, 2.5]},
								"down": {"uv": [0, 82.5], "uv_size": [2.5, -2.5]}
							}
						},
						{
							"origin": [2.14399, 19.63868, -0.68417],
							"size": [2.4995, 0.192, 2.525],
							"inflate": 0.02,
							"pivot": [3.41633, 20.95458, 0.58124],
							"rotation": [0.1868, -0.9194, -5.4772],
							"uv": {
								"north": {"uv": [115, 18], "uv_size": [2.5, 0.5]},
								"east": {"uv": [19, 115], "uv_size": [2.5, 0.5]},
								"south": {"uv": [115, 19], "uv_size": [2.5, 0.5]},
								"west": {"uv": [115, 20], "uv_size": [2.5, 0.5]},
								"up": {"uv": [80, 0], "uv_size": [2.5, 2.5]},
								"down": {"uv": [80, 5.5], "uv_size": [2.5, -2.5]}
							}
						}
					]
				},
				{
					"name": "RightArm",
					"pivot": [-2.54155, 30.39542, 0.7313],
					"cubes": [
						{
							"origin": [-4.13004, 22.67846, 0.70041],
							"size": [2.35, 1, 0.65],
							"pivot": [-4.16219, 25.47202, 0.80505],
							"rotation": [-15.8131, 0.9194, 5.4772],
							"uv": {
								"north": {"uv": [102, 19], "uv_size": [2.5, 1]},
								"east": {"uv": [67, 124], "uv_size": [0.5, 1]},
								"south": {"uv": [102, 27], "uv_size": [2.5, 1]},
								"west": {"uv": [124, 67], "uv_size": [0.5, 1]},
								"up": {"uv": [115, 21], "uv_size": [2.5, 0.5]},
								"down": {"uv": [22, 115.5], "uv_size": [2.5, -0.5]}
							}
						},
						{
							"origin": [-4.13004, 22.78005, -0.11943],
							"size": [2.35, 1, 0.65],
							"pivot": [-4.16219, 25.47202, 0.80505],
							"rotation": [14.1869, 0.9194, 5.4772],
							"uv": {
								"north": {"uv": [28, 102], "uv_size": [2.5, 1]},
								"east": {"uv": [68, 124], "uv_size": [0.5, 1]},
								"south": {"uv": [31, 102], "uv_size": [2.5, 1]},
								"west": {"uv": [124, 68], "uv_size": [0.5, 1]},
								"up": {"uv": [115, 22], "uv_size": [2.5, 0.5]},
								"down": {"uv": [115, 24.5], "uv_size": [2.5, -0.5]}
							}
						},
						{
							"origin": [-4.13004, 23.32015, -0.83554],
							"size": [2.35, 1.3, 0.65],
							"pivot": [-4.16219, 25.47202, 0.80505],
							"rotation": [45.6869, 0.9194, 5.4772],
							"uv": {
								"north": {"uv": [68, 94], "uv_size": [2.5, 1.5]},
								"east": {"uv": [78, 121], "uv_size": [0.5, 1.5]},
								"south": {"uv": [71, 94], "uv_size": [2.5, 1.5]},
								"west": {"uv": [121, 78], "uv_size": [0.5, 1.5]},
								"up": {"uv": [25, 115], "uv_size": [2.5, 0.5]},
								"down": {"uv": [115, 25.5], "uv_size": [2.5, -0.5]}
							}
						},
						{
							"origin": [-6.42668, 29.60531, -0.673],
							"size": [2.2, 1.1, 2.5],
							"pivot": [-4.16219, 25.47202, 0.80505],
							"rotation": [0.6029, 0.7188, 33.9795],
							"uv": {
								"north": {"uv": [106, 50], "uv_size": [2, 1]},
								"east": {"uv": [102, 33], "uv_size": [2.5, 1]},
								"south": {"uv": [51, 106], "uv_size": [2, 1]},
								"west": {"uv": [34, 102], "uv_size": [2.5, 1]},
								"up": {"uv": [87, 50], "uv_size": [2, 2.5]},
								"down": {"uv": [52, 89.5], "uv_size": [2, -2.5]}
							}
						},
						{
							"origin": [-4.13004, 24.12067, -1.14063],
							"size": [2.35, 1, 0.75],
							"pivot": [-4.16219, 25.47202, 0.80505],
							"rotation": [76.1869, 0.9194, 5.4772],
							"uv": {
								"north": {"uv": [37, 102], "uv_size": [2.5, 1]},
								"east": {"uv": [17, 118], "uv_size": [1, 1]},
								"south": {"uv": [40, 102], "uv_size": [2.5, 1]},
								"west": {"uv": [118, 17], "uv_size": [1, 1]},
								"up": {"uv": [43, 102], "uv_size": [2.5, 1]},
								"down": {"uv": [46, 103], "uv_size": [2.5, -1]}
							}
						},
						{
							"origin": [-4.18004, 23.98494, -0.673],
							"size": [2.45, 6.2, 2.5],
							"pivot": [-4.16219, 25.47202, 0.80505],
							"rotation": [0.1869, 0.9194, 5.4772],
							"uv": {
								"north": {"uv": [52, 52], "uv_size": [2.5, 6]},
								"east": {"uv": [53, 24], "uv_size": [2.5, 6]},
								"south": {"uv": [12, 54], "uv_size": [2.5, 6]},
								"west": {"uv": [27, 54], "uv_size": [2.5, 6]},
								"up": {"uv": [6, 80], "uv_size": [2.5, 2.5]},
								"down": {"uv": [80, 8.5], "uv_size": [2.5, -2.5]}
							}
						}
					]
				},
				{
					"name": "RightArmJK",
					"parent": "RightArm",
					"pivot": [-2.77023, 30.29738, 0.6],
					"cubes": [
						{
							"origin": [-4.16622, 22.61176, 0.68387],
							"size": [2.386, 1.0725, 0.6815],
							"pivot": [-4.19869, 25.43325, 0.81456],
							"rotation": [-15.8131, 0.9194, 5.4772],
							"uv": {
								"north": {"uv": [49, 102], "uv_size": [2.5, 1]},
								"east": {"uv": [69, 124], "uv_size": [0.5, 1]},
								"south": {"uv": [52, 102], "uv_size": [2.5, 1]},
								"west": {"uv": [124, 69], "uv_size": [0.5, 1]},
								"up": {"uv": [115, 26], "uv_size": [2.5, 0.5]},
								"down": {"uv": [115, 27.5], "uv_size": [2.5, -0.5]}
							}
						},
						{
							"origin": [-4.16622, 22.71436, -0.11917],
							"size": [2.386, 1.01, 0.6565],
							"pivot": [-4.19869, 25.43325, 0.81456],
							"rotation": [14.1869, 0.9194, 5.4772],
							"uv": {
								"north": {"uv": [55, 102], "uv_size": [2.5, 1]},
								"east": {"uv": [70, 124], "uv_size": [0.5, 1]},
								"south": {"uv": [102, 55], "uv_size": [2.5, 1]},
								"west": {"uv": [124, 70], "uv_size": [0.5, 1]},
								"up": {"uv": [28, 115], "uv_size": [2.5, 0.5]},
								"down": {"uv": [115, 28.5], "uv_size": [2.5, -0.5]}
							}
						},
						{
							"origin": [-4.16622, 23.25986, -0.84244],
							"size": [2.386, 1.363, 0.6565],
							"pivot": [-4.19869, 25.43325, 0.81456],
							"rotation": [45.6869, 0.9194, 5.4772],
							"uv": {
								"north": {"uv": [74, 94], "uv_size": [2.5, 1.5]},
								"east": {"uv": [81, 121], "uv_size": [0.5, 1.5]},
								"south": {"uv": [6, 95], "uv_size": [2.5, 1.5]},
								"west": {"uv": [121, 81], "uv_size": [0.5, 1.5]},
								"up": {"uv": [115, 29], "uv_size": [2.5, 0.5]},
								"down": {"uv": [115, 30.5], "uv_size": [2.5, -0.5]}
							}
						},
						{
							"origin": [-6.46649, 29.80214, -0.67973],
							"size": [2.222, 0.9485, 2.525],
							"pivot": [-4.17935, 25.62752, 0.8131],
							"rotation": [0.6029, 0.7188, 33.9795],
							"uv": {
								"north": {"uv": [69, 106], "uv_size": [2, 1]},
								"east": {"uv": [58, 102], "uv_size": [2.5, 1]},
								"south": {"uv": [71, 106], "uv_size": [2, 1]},
								"west": {"uv": [102, 58], "uv_size": [2.5, 1]},
								"up": {"uv": [87, 53], "uv_size": [2, 2.5]},
								"down": {"uv": [54, 89.5], "uv_size": [2, -2.5]}
							}
						},
						{
							"origin": [-4.16622, 24.06839, -1.15058],
							"size": [2.386, 1.01, 0.7575],
							"pivot": [-4.19869, 25.43325, 0.81456],
							"rotation": [76.1869, 0.9194, 5.4772],
							"uv": {
								"north": {"uv": [102, 59], "uv_size": [2.5, 1]},
								"east": {"uv": [118, 18], "uv_size": [1, 1]},
								"south": {"uv": [102, 60], "uv_size": [2.5, 1]},
								"west": {"uv": [118, 19], "uv_size": [1, 1]},
								"up": {"uv": [61, 102], "uv_size": [2.5, 1]},
								"down": {"uv": [102, 62], "uv_size": [2.5, -1]}
							}
						},
						{
							"origin": [-4.19738, 23.92556, -0.67973],
							"size": [2.4995, 6.462, 2.525],
							"pivot": [-4.17935, 25.62752, 0.8131],
							"rotation": [0.1869, 0.9194, 5.4772],
							"uv": {
								"north": {"uv": [0, 49], "uv_size": [2.5, 6.5]},
								"east": {"uv": [3, 49], "uv_size": [2.5, 6.5]},
								"south": {"uv": [6, 49], "uv_size": [2.5, 6.5]},
								"west": {"uv": [49, 7], "uv_size": [2.5, 6.5]},
								"up": {"uv": [9, 80], "uv_size": [2.5, 2.5]},
								"down": {"uv": [44, 82.5], "uv_size": [2.5, -2.5]}
							}
						}
					]
				},
				{
					"name": "RightForeArm",
					"parent": "RightArm",
					"pivot": [-3.07023, 23.79738, 0.5],
					"cubes": [
						{
							"origin": [-4.61219, 17.19258, -0.67804],
							"size": [2.45, 6.7, 2.5],
							"pivot": [-3.39718, 21.04496, 0.57484],
							"rotation": [0.1868, 0.9194, 5.4772],
							"uv": {
								"north": {"uv": [9, 49], "uv_size": [2.5, 6.5]},
								"east": {"uv": [16, 49], "uv_size": [2.5, 6.5]},
								"south": {"uv": [49, 20], "uv_size": [2.5, 6.5]},
								"west": {"uv": [24, 49], "uv_size": [2.5, 6.5]},
								"up": {"uv": [22, 81], "uv_size": [2.5, 2.5]},
								"down": {"uv": [30, 83.5], "uv_size": [2.5, -2.5]}
							}
						}
					]
				},
				{
					"name": "RightHand",
					"parent": "RightForeArm",
					"pivot": [-2.97023, 18.19738, 0.5]
				},
				{
					"name": "RightHandLocator",
					"parent": "RightHand",
					"pivot": [-2.97023, 18.19738, 0.5]
				},
				{
					"name": "RightForeArmJK",
					"parent": "RightForeArm",
					"pivot": [-3.07023, 23.79738, 0.5],
					"cubes": [
						{
							"origin": [-4.64349, 19.36368, -0.68417],
							"size": [2.4995, 4.542, 2.525],
							"pivot": [-3.41633, 20.95458, 0.58124],
							"rotation": [0.1868, 0.9194, 5.4772],
							"uv": {
								"north": {"uv": [59, 40], "uv_size": [2.5, 4.5]},
								"east": {"uv": [45, 59], "uv_size": [2.5, 4.5]},
								"south": {"uv": [59, 45], "uv_size": [2.5, 4.5]},
								"west": {"uv": [59, 50], "uv_size": [2.5, 4.5]},
								"up": {"uv": [81, 45], "uv_size": [2.5, 2.5]},
								"down": {"uv": [81, 50.5], "uv_size": [2.5, -2.5]}
							}
						},
						{
							"origin": [-4.64349, 19.36368, -0.68417],
							"size": [2.4995, 0.867, 2.525],
							"inflate": 0.01,
							"pivot": [-3.41633, 20.95458, 0.58124],
							"rotation": [0.1868, 0.9194, 5.4772],
							"uv": {
								"north": {"uv": [102, 62], "uv_size": [2.5, 1]},
								"east": {"uv": [102, 63], "uv_size": [2.5, 1]},
								"south": {"uv": [64, 102], "uv_size": [2.5, 1]},
								"west": {"uv": [102, 64], "uv_size": [2.5, 1]},
								"up": {"uv": [81, 78], "uv_size": [2.5, 2.5]},
								"down": {"uv": [81, 83.5], "uv_size": [2.5, -2.5]}
							}
						},
						{
							"origin": [-4.64349, 19.63868, -0.68417],
							"size": [2.4995, 0.192, 2.525],
							"inflate": 0.02,
							"pivot": [-3.41633, 20.95458, 0.58124],
							"rotation": [0.1868, 0.9194, 5.4772],
							"uv": {
								"north": {"uv": [115, 31], "uv_size": [2.5, 0.5]},
								"east": {"uv": [115, 32], "uv_size": [2.5, 0.5]},
								"south": {"uv": [115, 33], "uv_size": [2.5, 0.5]},
								"west": {"uv": [115, 34], "uv_size": [2.5, 0.5]},
								"up": {"uv": [16, 82], "uv_size": [2.5, 2.5]},
								"down": {"uv": [19, 84.5], "uv_size": [2.5, -2.5]}
							}
						}
					]
				}
			]
		}
	]
}