{
	"format_version": "1.12.0",
	"minecraft:geometry": [
		{
			"description": {
				"identifier": "geometry.default",
				"texture_width": 256,
				"texture_height": 256,
				"visible_bounds_width": 5,
				"visible_bounds_height": 4.5,
				"visible_bounds_offset": [0, 1.75, 0]
			},
			"bones": [
				{
					"name": "LeftArm",
					"pivot": [4.4, 29.6, 0],
					"cubes": [
						{"origin": [2.75, 24.55, -1.5], "size": [3.05, 6.2, 3.05], "uv": [27, 49]},
						{"origin": [2.65, 28.45, -1.75], "size": [3.85, 1.2, 3.55], "uv": [192, 26]},
						{"origin": [6.15, 27.85, -1.5], "size": [1.15, 1.3, 3.05], "pivot": [6.825, 29.05, 0.025], "rotation": [0, 0, 55], "uv": [194, 28]},
						{"origin": [3.09903, 25.53736, -1.55], "size": [1.75, 3.4, 3.15], "pivot": [3.42403, 26.73736, 0.025], "rotation": [0, 0, 12.5], "uv": [196, 30]},
						{"origin": [2.69421, 25.30647, -1.55], "size": [1.75, 3.4, 3.15], "uv": [196, 30]},
						{"origin": [2.65, 27.45, -1.65], "size": [3.75, 1.4, 3.35], "pivot": [4.475, 27.85, 0.025], "rotation": [0, 0, 5], "uv": [194, 28]},
						{"origin": [2.61239, 27.21135, -1.65], "size": [2.3, 0.2, 3.35], "pivot": [3.76239, 27.31135, 0.025], "rotation": [0, 0, 10], "uv": [244, 55]},
						{"origin": [2.57556, 26.94494, -1.65], "size": [2.3, 0.2, 3.35], "uv": [244, 55]},
						{"origin": [5.7868, 26.51099, -0.6], "size": [0.35, 0.55, 1.15], "pivot": [5.4118, 27.16099, 0.025], "rotation": [0, 0, 12.5], "uv": [155, 20]},
						{"origin": [5.7368, 25.81099, -1.6], "size": [0.35, 1.95, 3.25], "pivot": [5.4118, 27.16099, 0.025], "rotation": [0, 0, 12.5], "uv": [212, 3]},
						{"origin": [4.87806, 25.74085, -1.6], "size": [0.4, 2.25, 3.25], "pivot": [5.00306, 27.26585, 0.025], "rotation": [0, 0, -20], "uv": [211, 3]}
					]
				},
				{
					"name": "LeftForeArm",
					"parent": "LeftArm",
					"pivot": [3.875, 24.4, 0.025],
					"cubes": [
						{
							"origin": [2.95, 23.57586, -0.75842],
							"size": [2.65, 2, 2],
							"pivot": [4.275, 24.82586, 0.09158],
							"rotation": [-45, 0, 0],
							"uv": {
								"north": {"uv": [25, 78], "uv_size": [2, 2]},
								"east": {"uv": [23, 78], "uv_size": [2, 2]},
								"south": {"uv": [29, 78], "uv_size": [2, 2]},
								"west": {"uv": [27, 78], "uv_size": [2, 2]},
								"up": {"uv": [25, 76], "uv_size": [2, 2]},
								"down": {"uv": [27, 78], "uv_size": [2, -2]}
							}
						},
						{
							"origin": [2.875, 18.65, -1.375],
							"size": [2.8, 6, 2.8],
							"uv": {
								"north": {"uv": [3, 52], "uv_size": [3, 6]},
								"east": {"uv": [0, 52], "uv_size": [3, 6]},
								"south": {"uv": [9, 52], "uv_size": [3, 6]},
								"west": {"uv": [6, 52], "uv_size": [3, 6]},
								"up": {"uv": [3, 49], "uv_size": [3, 3]},
								"down": {"uv": [6, 52], "uv_size": [3, -3]}
							}
						},
						{"origin": [2.675, 22.75, -0.675], "size": [3.2, 2, 2.45], "pivot": [4.275, 23.65, 0.275], "rotation": [5, 0, 0], "uv": [224, 2]},
						{"origin": [2.675, 20.65, -1.675], "size": [3.2, 1.3, 3.35], "uv": [224, 2]},
						{"origin": [2.675, 20.35, -1.675], "size": [3.2, 0.3, 3.35], "uv": [162, 8]},
						{"origin": [5.725, 19.95, -1.175], "size": [0.25, 1.3, 2.35], "pivot": [6.05, 21, 0], "rotation": [0, 0, -7.5], "uv": [164, 10]},
						{"origin": [5.78181, 19.8554, -0.99932], "size": [0.25, 0.6, 1.25], "pivot": [5.90681, 20.5554, -0.82432], "rotation": [-15, 0, -7.5], "uv": [166, 12]},
						{"origin": [5.78181, 19.8554, -0.20068], "size": [0.25, 0.6, 1.2], "pivot": [5.90681, 20.5554, 0.82432], "rotation": [15, 0, -7.5], "uv": [167, 13]},
						{"origin": [5.525, 18.45, -0.175], "size": [0.25, 1.3, 0.6], "uv": [152, 24]},
						{"origin": [5.73894, 21.11381, -0.33255], "size": [0.25, 1.15, 2.35], "pivot": [5.86394, 21.68881, 0.84245], "rotation": [75, 0, 0], "uv": [164, 10]},
						{"origin": [5.73894, 21.10679, -2.03547], "size": [0.25, 1.15, 2.35], "pivot": [5.86394, 21.68179, -0.86047], "rotation": [102.5, 0, 0], "uv": [164, 10]},
						{"origin": [5.83894, 22.64523, 0.2466], "size": [0.25, 2, 0.7], "pivot": [5.86394, 23.04523, 0.0966], "rotation": [132.5, 0, 0], "uv": [168, 14]},
						{"origin": [5.83894, 22.04523, -1.2534], "size": [0.25, 0.9, 1.6], "pivot": [5.86394, 23.04523, 0.0966], "rotation": [132.5, 0, 0], "uv": [167, 13]},
						{"origin": [5.78894, 22.94523, -0.5534], "size": [0.25, 0.8, 0.8], "pivot": [5.86394, 23.04523, 0.0966], "rotation": [132.5, 0, 0], "uv": [198, 7]},
						{"origin": [2.675, 21.64352, -1.63787], "size": [3.2, 2, 3.35], "pivot": [4.275, 22.64352, 0.03713], "rotation": [-4.98107, -0.43523, -4.98107], "uv": [224, 2]},
						{"origin": [2.575, 22.08114, -1.70214], "size": [3.3, 2, 2.45], "pivot": [4.275, 22.78114, -0.47714], "rotation": [4.95744, -0.65182, 7.47178], "uv": [224, 2]},
						{"origin": [2.675, 22.65, -1.625], "size": [3.2, 2, 2], "uv": [226, 5]}
					]
				},
				{
					"name": "LeftHand",
					"parent": "LeftForeArm",
					"pivot": [4.375, 18.925, 0.025],
					"cubes": [
						{
							"origin": [2.875, 16.65, -1.375],
							"size": [2.8, 2, 2.8],
							"uv": {
								"north": {"uv": [109, 38], "uv_size": [2.8, 2]},
								"east": {"uv": [109, 38], "uv_size": [2.8, 2]},
								"south": {"uv": [109, 38], "uv_size": [2.8, 2]},
								"west": {"uv": [109, 38], "uv_size": [2.8, 2]},
								"up": {"uv": [111.8, 40], "uv_size": [-2.8, -2]},
								"down": {"uv": [15.8, 9.8], "uv_size": [-2.8, -2.8]}
							}
						}
					]
				},
				{
					"name": "LeftHandLocator",
					"parent": "LeftHand",
					"pivot": [4.375, 17.925, 0.025]
				},
				{
					"name": "RightArm",
					"pivot": [-4.4, 29.6, 0],
					"cubes": [
						{"origin": [-5.8, 24.55, -1.5], "size": [3.05, 6.1, 3.05], "uv": [27, 49], "mirror": true},
						{"origin": [-5.9, 25.65, -1], "size": [1, 1.1, 2.05], "uv": [132, 36], "mirror": true},
						{"origin": [-5.9, 26.75, -1.7], "size": [3.2, 2.4, 3.35], "pivot": [-4.9, 28.75, 0.025], "rotation": [5, 0, -2.5], "uv": [163, 42], "mirror": true},
						{"origin": [-5.1, 27.05, -1.8], "size": [2.5, 0.6, 3.55], "pivot": [-4.9, 28.75, 0.025], "rotation": [5, 0, -2.5], "uv": [178, 9], "mirror": true},
						{"origin": [-5.94383, 28.76706, -1.78697], "size": [3.2, 2, 3.35], "uv": [163, 42], "mirror": true},
						{"origin": [-5.99383, 26.76706, -0.38697], "size": [1, 2.5, 0.95], "pivot": [-5.44383, 28.01706, 0.08803], "rotation": [0, 0, -2.5], "uv": [155, 22], "mirror": true},
						{"origin": [-6.34383, 26.66706, -0.08697], "size": [0.4, 0.4, 0.4], "pivot": [-6.14383, 26.86706, 0.11303], "rotation": [0, 0, 12.5], "uv": [169, 40], "mirror": true},
						{"origin": [-6.26548, 24.26469, -0.03697], "size": [0.3, 2.4, 0.3], "pivot": [-6.14383, 26.76706, 0.06303], "rotation": [-9.89638, 1.61888, 19.82417], "uv": [248, 55], "mirror": true},
						{"origin": [-6.26548, 24.26469, -0.03697], "size": [0.3, 2.4, 0.3], "pivot": [-6.14383, 26.76706, 0.06303], "rotation": [-2.38206, 1.08089, 24.95392], "uv": [248, 55], "mirror": true},
						{"origin": [-6.26548, 24.26469, -0.03697], "size": [0.3, 2.4, 0.3], "pivot": [-6.14383, 26.76706, 0.06303], "rotation": [-2.5, 0, 12.5], "uv": [248, 55], "mirror": true},
						{"origin": [-6.26548, 24.26469, -0.03697], "size": [0.3, 2.4, 0.3], "pivot": [-6.14383, 26.76706, 0.06303], "rotation": [5, 0, 20], "uv": [248, 55], "mirror": true}
					]
				},
				{
					"name": "RightForeArm",
					"parent": "RightArm",
					"pivot": [-3.875, 24.4, 0.025],
					"cubes": [
						{"origin": [-6.03181, 19.8554, -0.99932], "size": [0.25, 0.6, 1.25], "pivot": [-5.90681, 20.5554, -0.82432], "rotation": [-15, 0, 7.5], "uv": [166, 12], "mirror": true},
						{"origin": [-6.03181, 19.8554, -0.20068], "size": [0.25, 0.6, 1.2], "pivot": [-5.90681, 20.5554, 0.82432], "rotation": [15, 0, 7.5], "uv": [167, 13], "mirror": true},
						{
							"origin": [-5.6, 23.57586, -0.75842],
							"size": [2.65, 2, 2],
							"pivot": [-4.275, 24.82586, 0.09158],
							"rotation": [-45, 0, 0],
							"uv": {
								"north": {"uv": [27, 78], "uv_size": [-2, 2]},
								"east": {"uv": [29, 78], "uv_size": [-2, 2]},
								"south": {"uv": [31, 78], "uv_size": [-2, 2]},
								"west": {"uv": [25, 78], "uv_size": [-2, 2]},
								"up": {"uv": [27, 76], "uv_size": [-2, 2]},
								"down": {"uv": [29, 78], "uv_size": [-2, -2]}
							}
						},
						{
							"origin": [-5.675, 18.65, -1.375],
							"size": [2.8, 6, 2.8],
							"uv": {
								"north": {"uv": [6, 52], "uv_size": [-3, 6]},
								"east": {"uv": [9, 52], "uv_size": [-3, 6]},
								"south": {"uv": [12, 52], "uv_size": [-3, 6]},
								"west": {"uv": [3, 52], "uv_size": [-3, 6]},
								"up": {"uv": [6, 49], "uv_size": [-3, 3]},
								"down": {"uv": [9, 52], "uv_size": [-3, -3]}
							}
						},
						{"origin": [-5.875, 22.75, -0.675], "size": [3.2, 2, 2.45], "pivot": [-4.275, 23.65, 0.275], "rotation": [5, 0, 0], "uv": [224, 2], "mirror": true},
						{"origin": [-5.875, 20.65, -1.675], "size": [3.2, 1.3, 3.35], "uv": [224, 2], "mirror": true},
						{"origin": [-5.875, 20.35, -1.675], "size": [3.2, 0.3, 3.35], "uv": [162, 8], "mirror": true},
						{"origin": [-5.975, 19.95, -1.175], "size": [0.25, 1.3, 2.35], "pivot": [-6.05, 21, 0], "rotation": [0, 0, 7.5], "uv": [164, 10], "mirror": true},
						{"origin": [-5.775, 18.45, -0.175], "size": [0.25, 1.3, 0.6], "uv": [152, 24], "mirror": true},
						{"origin": [-5.98894, 21.11381, -0.33255], "size": [0.25, 1.15, 2.35], "pivot": [-5.86394, 21.68881, 0.84245], "rotation": [75, 0, 0], "uv": [164, 10], "mirror": true},
						{"origin": [-5.98894, 21.10679, -2.03547], "size": [0.25, 1.15, 2.35], "pivot": [-5.86394, 21.68179, -0.86047], "rotation": [102.5, 0, 0], "uv": [164, 10], "mirror": true},
						{"origin": [-6.08894, 22.64523, 0.2466], "size": [0.25, 2, 0.7], "pivot": [-5.86394, 23.04523, 0.0966], "rotation": [132.5, 0, 0], "uv": [168, 14], "mirror": true},
						{"origin": [-6.08894, 22.04523, -1.2534], "size": [0.25, 0.9, 1.6], "pivot": [-5.86394, 23.04523, 0.0966], "rotation": [132.5, 0, 0], "uv": [167, 13], "mirror": true},
						{"origin": [-6.03894, 22.94523, -0.5534], "size": [0.25, 0.8, 0.8], "pivot": [-5.86394, 23.04523, 0.0966], "rotation": [132.5, 0, 0], "uv": [198, 7], "mirror": true},
						{"origin": [-5.875, 21.64352, -1.63787], "size": [3.2, 2, 3.35], "pivot": [-4.275, 22.64352, 0.03713], "rotation": [-4.98107, 0.43523, 4.98107], "uv": [224, 2], "mirror": true},
						{"origin": [-5.875, 22.08114, -1.70214], "size": [3.3, 2, 2.45], "pivot": [-4.275, 22.78114, -0.47714], "rotation": [4.95744, 0.65182, -7.47178], "uv": [224, 2], "mirror": true},
						{"origin": [-5.875, 22.65, -1.625], "size": [3.2, 2, 2], "uv": [226, 5], "mirror": true}
					]
				},
				{
					"name": "RightHand",
					"parent": "RightForeArm",
					"pivot": [-4.375, 18.925, 0.025],
					"cubes": [
						{
							"origin": [-5.675, 16.65, -1.375],
							"size": [2.8, 2, 2.8],
							"uv": {
								"north": {"uv": [111.8, 38], "uv_size": [-2.8, 2]},
								"east": {"uv": [111.8, 38], "uv_size": [-2.8, 2]},
								"south": {"uv": [111.8, 38], "uv_size": [-2.8, 2]},
								"west": {"uv": [111.8, 38], "uv_size": [-2.8, 2]},
								"up": {"uv": [109, 40], "uv_size": [2.8, -2]},
								"down": {"uv": [14, 8.8], "uv_size": [2.8, -2.8]}
							}
						}
					]
				},
				{
					"name": "RightHandLocator",
					"parent": "RightHand",
					"pivot": [-4.375, 17.925, 0.025]
				}
			]
		}
	]
}