{
	"format_version": "1.8.0",
	"animations": {
		"static_idle": {
			"loop": "hold_on_last_frame",
			"animation_length": 0.2083,
			"bones": {
				"root": {
					"rotation": {
						"0.0": {
							"post": [0, 0, 0],
							"lerp_mode": "catmullrom"
						}
					},
					"position": {
						"0.0": {
							"post": [0, 0, 0],
							"lerp_mode": "catmullrom"
						}
					}
				},
				"constraint": {
					"rotation": [0.2, 0.2, 0.2],
					"position": [0.15, 0.15, 0.15]
				},
				"lefthand": {
					"rotation": [-273.87487, -27.33823, 235.83124],
					"position": [7.7, -15, -8.35],
					"scale": [1, 1.5, 1]
				},
				"righthand": {
					"rotation": [95, 0, -180],
					"position": [-6.4, -15.5, 8.8],
					"scale": [1, 1.5, 1]
				}
			}
		},
		"draw": {
			"loop": "hold_on_last_frame",
			"animation_length": 1.3,
			"bones": {
				"root": {
					"rotation": {
						"0.0": {
							"post": [-78.31051, -36.76392, -14.04902],
							"lerp_mode": "catmullrom"
						},
						"0.25": {
							"post": [-68.67601, -18.09846, -17.02779],
							"lerp_mode": "catmullrom"
						},
						"0.45": {
							"post": [-40.05236, 2.83355, -1.12837],
							"lerp_mode": "catmullrom"
						},
						"0.7": {
							"post": [0, 0, 1.75],
							"lerp_mode": "catmullrom"
						},
						"0.85": {
							"post": [0, 0, -0.11],
							"lerp_mode": "catmullrom"
						},
						"0.95": {
							"post": [0, 0, -1],
							"lerp_mode": "catmullrom"
						},
						"1.05": {
							"post": [0, 0, 0.75],
							"lerp_mode": "catmullrom"
						},
						"1.2": {
							"post": [0, 0, 0],
							"lerp_mode": "catmullrom"
						}
					},
					"position": {
						"0.0": {
							"post": [-6.5, -0.1, 10.4],
							"lerp_mode": "catmullrom"
						},
						"0.25": {
							"post": [-3.94, -3.4, 3.93],
							"lerp_mode": "catmullrom"
						},
						"0.5": {
							"post": [-0.9, 0.3, -0.8],
							"lerp_mode": "catmullrom"
						},
						"0.7": {
							"post": [0, -0.7, -1.9],
							"lerp_mode": "catmullrom"
						},
						"0.85": {
							"post": [0, -0.3, 0.5],
							"lerp_mode": "catmullrom"
						},
						"1.0": {
							"post": [0, -0.1, -0.05],
							"lerp_mode": "catmullrom"
						},
						"1.1": {
							"post": [0, -0.025, 0],
							"lerp_mode": "catmullrom"
						},
						"1.25": {
							"post": [0, 0, 0],
							"lerp_mode": "catmullrom"
						}
					}
				},
				"righthand": {
					"rotation": [95, 0, -180],
					"position": [-6.4, -15.5, 8.8],
					"scale": [1, 1.5, 1]
				},
				"lefthand": {
					"rotation": {
						"0.0": {
							"post": [-207.60111, 3.20674, 140.57627],
							"lerp_mode": "catmullrom"
						},
						"0.25": {
							"post": [-222.73142, -0.84544, 134.26253],
							"lerp_mode": "catmullrom"
						},
						"0.4": {
							"post": [-222.73, -0.85, 134.26],
							"lerp_mode": "catmullrom"
						},
						"0.65": [-273.87487, -27.33823, 235.83124]
					},
					"position": {
						"0.0": {
							"post": [7.11772, -10.77865, 0.25648],
							"lerp_mode": "catmullrom"
						},
						"0.25": {
							"post": [6.45085, -12.0926, -3.15682],
							"lerp_mode": "catmullrom"
						},
						"0.4": {
							"post": [6.45085, -12.0926, -3.15682],
							"lerp_mode": "catmullrom"
						},
						"0.55": {
							"post": [8.81847, -13.08869, -6.15249],
							"lerp_mode": "catmullrom"
						},
						"0.65": [7.7, -15, -8.35]
					},
					"scale": [1, 1.5, 1]
				},
				"camera": {
					"rotation": {
						"0.0": {
							"post": [0, 0, 0],
							"lerp_mode": "catmullrom"
						},
						"0.3": {
							"post": [-1.175, 0.325, -0.7],
							"lerp_mode": "catmullrom"
						},
						"0.55": {
							"post": [0.88, -0.025, -0.925],
							"lerp_mode": "catmullrom"
						},
						"0.85": {
							"post": [-0.245, 0.025, 0.175],
							"lerp_mode": "catmullrom"
						},
						"0.95": {
							"post": [0.15, 0, -0.2],
							"lerp_mode": "catmullrom"
						},
						"1.0": {
							"post": [0.02, 0, -0.08],
							"lerp_mode": "catmullrom"
						},
						"1.05": {
							"post": [-0.15, 0, 0.3],
							"lerp_mode": "catmullrom"
						},
						"1.15": {
							"post": [-0.06, 0, -0.205],
							"lerp_mode": "catmullrom"
						},
						"1.25": {
							"post": [0, 0, 0],
							"lerp_mode": "catmullrom"
						}
					}
				}
			}
		},
		"reload_tactical": {
			"animation_length": 4.4,
			"bones": {
				"root": {
					"rotation": {
						"0.0": {
							"post": [0, 0, 0],
							"lerp_mode": "catmullrom"
						},
						"0.1": {
							"post": [-3.60699, -5.34144, -4.67669],
							"lerp_mode": "catmullrom"
						},
						"0.35": {
							"post": [-38.5, -31.15, -27.29],
							"lerp_mode": "catmullrom"
						},
						"0.5": {
							"post": [-44.34568, -33.65426, -28.89319],
							"lerp_mode": "catmullrom"
						},
						"0.55": {
							"post": [-41.49987, -38.29736, -35.01106],
							"lerp_mode": "catmullrom"
						},
						"0.65": {
							"post": [-44.27009, -33.74882, -29.98666],
							"lerp_mode": "catmullrom"
						},
						"0.8": {
							"post": [-42.49346, -34.68204, -32.68647],
							"lerp_mode": "catmullrom"
						},
						"0.85": {
							"post": [-43.09742, -34.48641, -32.31468],
							"lerp_mode": "catmullrom"
						},
						"0.95": {
							"post": [-44.09, -34.97, -32.14],
							"lerp_mode": "catmullrom"
						},
						"1.1": {
							"post": [-43.83106, -35.22012, -31.19766],
							"lerp_mode": "catmullrom"
						},
						"1.3": {
							"post": [-44.83012, -34.01923, -29.36788],
							"lerp_mode": "catmullrom"
						},
						"1.4": {
							"post": [-43.98396, -34.43964, -31.04602],
							"lerp_mode": "catmullrom"
						},
						"1.5": {
							"post": [-39.33273, -39.07715, -39.65298],
							"lerp_mode": "catmullrom"
						},
						"1.6": {
							"post": [-40.70153, -37.85432, -37.18195],
							"lerp_mode": "catmullrom"
						},
						"1.85": {
							"post": [-41.74493, -37.78557, -34.33621],
							"lerp_mode": "catmullrom"
						},
						"2.05": {
							"post": [-42.81919, -37.46776, -33.62117],
							"lerp_mode": "catmullrom"
						},
						"2.3": {
							"post": [-43.89493, -37.78557, -34.33621],
							"lerp_mode": "catmullrom"
						},
						"2.5": {
							"post": [-38.79436, -41.96322, -40.72191],
							"lerp_mode": "catmullrom"
						},
						"2.65": {
							"post": [-37.43, -42.08, -42.03],
							"lerp_mode": "catmullrom"
						},
						"2.8": {
							"post": [-37.15139, -41.34055, -41.64537],
							"lerp_mode": "catmullrom"
						},
						"2.9": {
							"post": [-34.26087, -44.34129, -46.28988],
							"lerp_mode": "catmullrom"
						},
						"3.0": {
							"post": [-35.82175, -44.43147, -45.15745],
							"lerp_mode": "catmullrom"
						},
						"3.05": {
							"post": [-36.2303, -44.88799, -45.48708],
							"lerp_mode": "catmullrom"
						},
						"3.15": {
							"post": [-37.50819, -43.94834, -43.77922],
							"lerp_mode": "catmullrom"
						},
						"3.2": {
							"post": [-35.65366, -43.33934, -43.14263],
							"lerp_mode": "catmullrom"
						},
						"3.3": {
							"post": [-46.19269, -37.9734, -34.44949],
							"lerp_mode": "catmullrom"
						},
						"3.35": {
							"post": [-46.68, -35.58, -31.8],
							"lerp_mode": "catmullrom"
						},
						"3.55": {
							"post": [-49.60625, -15.31777, -17.97621],
							"lerp_mode": "catmullrom"
						},
						"3.7": {
							"post": [-33.08944, -6.27492, -11.78759],
							"lerp_mode": "catmullrom"
						},
						"3.85": {
							"post": [-6.09888, -1.67576, 2.15917],
							"lerp_mode": "catmullrom"
						},
						"3.95": {
							"post": [0.09981, -0.36047, 4.38071],
							"lerp_mode": "catmullrom"
						},
						"4.05": {
							"post": [-0.50001, -0.00436, -1.32509],
							"lerp_mode": "catmullrom"
						},
						"4.15": {
							"post": [0, 0, 0.75],
							"lerp_mode": "catmullrom"
						},
						"4.25": {
							"post": [0, 0, 0],
							"lerp_mode": "catmullrom"
						}
					},
					"position": {
						"0.0": {
							"post": [0, 0, 0],
							"lerp_mode": "catmullrom"
						},
						"0.1": {
							"post": [0, -0.17, -0.5],
							"lerp_mode": "catmullrom"
						},
						"0.35": {
							"post": [0.00899, 0.74734, -1.63],
							"lerp_mode": "catmullrom"
						},
						"0.45": {
							"post": [0.18302, -0.00201, -2.49],
							"lerp_mode": "catmullrom"
						},
						"0.5": {
							"post": [0.13945, -0.69391, -2.7],
							"lerp_mode": "catmullrom"
						},
						"0.55": {
							"post": [0.18743, -1.30924, -2.67],
							"lerp_mode": "catmullrom"
						},
						"0.7": {
							"post": [0.17431, -1.09239, -2.7],
							"lerp_mode": "catmullrom"
						},
						"0.85": {
							"post": [0.18, -1.02, -2.79],
							"lerp_mode": "catmullrom"
						},
						"0.95": {
							"post": [0.18, -0.965, -2.86],
							"lerp_mode": "catmullrom"
						},
						"1.05": {
							"post": [0.17, -0.98, -2.9],
							"lerp_mode": "catmullrom"
						},
						"1.35": {
							"post": [0.04, -1.06, -2.7],
							"lerp_mode": "catmullrom"
						},
						"1.5": {
							"post": [0.39, -1.21, -2.69],
							"lerp_mode": "catmullrom"
						},
						"1.85": {
							"post": [0.39, -1.21, -2.69],
							"lerp_mode": "catmullrom"
						},
						"2.3": {
							"post": [0.39, -1.21, -2.69],
							"lerp_mode": "catmullrom"
						},
						"2.4": {
							"post": [0.3, -1.36, -2.69],
							"lerp_mode": "catmullrom"
						},
						"2.5": {
							"post": [0.19, -1.3, -2.69],
							"lerp_mode": "catmullrom"
						},
						"2.65": {
							"post": [0.19, -1.3, -2.69],
							"lerp_mode": "catmullrom"
						},
						"2.8": {
							"post": [0.1, -1.39, -2.68],
							"lerp_mode": "catmullrom"
						},
						"3.05": {
							"post": [0.14, -1.05, -2.68],
							"lerp_mode": "catmullrom"
						},
						"3.15": {
							"post": [0.16, -1.04, -2.68],
							"lerp_mode": "catmullrom"
						},
						"3.2": {
							"post": [-0.22569, -1.29239, -2.7],
							"lerp_mode": "catmullrom"
						},
						"3.35": {
							"post": [0.27431, -1.49239, -2.9],
							"lerp_mode": "catmullrom"
						},
						"3.55": {
							"post": [0.4266, -1.29011, -2.7],
							"lerp_mode": "catmullrom"
						},
						"3.75": {
							"post": [0.10642, -0.0619, -1.66],
							"lerp_mode": "catmullrom"
						},
						"3.9": {
							"post": [0.01525, -0.17433, -1.1],
							"lerp_mode": "catmullrom"
						},
						"4.0": {
							"post": [0, -0.1, 0.4],
							"lerp_mode": "catmullrom"
						},
						"4.1": {
							"post": [0, 0, 0],
							"lerp_mode": "catmullrom"
						},
						"4.2": {
							"post": [0, 0, 0],
							"lerp_mode": "catmullrom"
						}
					}
				},
				"righthand": {
					"rotation": [95, 0, -180],
					"position": [-6.4, -15.5, 8.8],
					"scale": [1, 1.5, 1]
				},
				"magzine_and_bullet": {
					"rotation": {
						"0.8": [0, 0, 0],
						"0.9": [-2.79687, 0, 0],
						"1.3": [-2.79687, 0, 0],
						"1.45": [-0.46267, -2.57594, -14.78217],
						"1.65": [-78.05182, 5.77541, -48.17801],
						"2.6": [-22.04962, -9.01541, -3.09766],
						"2.75": [-13.06752, -6.35435, -27.71611],
						"2.9": [-10, 0, 0],
						"3.15": [-10, 0, 0],
						"3.2": [0, 0, 0]
					},
					"position": {
						"0.8": [0, 0, 0],
						"0.9": [0, -1.1, -0.11875],
						"1.3": [0, -1.1, -0.11875],
						"1.35": {
							"pre": [0.00199, -1.0334, -0.10698],
							"post": [0.00199, -1.0334, -0.10698],
							"lerp_mode": "catmullrom"
						},
						"1.45": {
							"post": [0.39571, -3.26908, 0.15585],
							"lerp_mode": "catmullrom"
						},
						"1.55": {
							"post": [1.0443, -6.15297, 3.20204],
							"lerp_mode": "catmullrom"
						},
						"1.65": {
							"post": [3.14353, -11.64393, 10.22341],
							"lerp_mode": "catmullrom"
						},
						"1.7": {
							"post": [1.19437, -14.72334, 14.82607],
							"lerp_mode": "catmullrom"
						},
						"1.75": {
							"post": [-1.99483, -17.38261, 20.03042],
							"lerp_mode": "catmullrom"
						},
						"2.45": {
							"post": [-2.38347, -14.94325, 11.79957],
							"lerp_mode": "catmullrom"
						},
						"2.6": {
							"post": [-1.02453, -10.35374, 7.5481],
							"lerp_mode": "catmullrom"
						},
						"2.75": {
							"post": [0.12659, -4.88709, 0.54797],
							"lerp_mode": "catmullrom"
						},
						"2.9": [0.07451, -1.63783, -0.02591],
						"3.0": [0.07, -1.6, -0.07],
						"3.15": [0.07451, -1.53783, -0.15716],
						"3.2": [0, 0, 0]
					},
					"scale": {
						"1.75": [1, 1, 1],
						"1.8": [0, 0, 0],
						"2.4": [0, 0, 0],
						"2.45": [1, 1, 1]
					}
				},
				"lefthand": {
					"rotation": {
						"0.0": [-273.87487, -27.33823, 235.83124],
						"0.1": {
							"pre": [-261.02396, -51.81606, 235.88085],
							"post": [-261.02396, -51.81606, 235.88085],
							"lerp_mode": "catmullrom"
						},
						"0.25": {
							"post": [-265.02542, -33.98988, 243.03448],
							"lerp_mode": "catmullrom"
						},
						"0.45": {
							"post": [-284.81917, -35.59237, 273.90321],
							"lerp_mode": "catmullrom"
						},
						"0.65": {
							"post": [-253.08573, -38.60621, 213.95419],
							"lerp_mode": "catmullrom"
						},
						"0.8": [-241.01259, -7.92297, 158.95117],
						"0.85": [-241.01259, -7.92297, 158.95117],
						"0.95": [-228.01259, -7.92297, 158.95117],
						"1.0": [-228.01259, -7.92297, 158.95117],
						"1.3": [-262.5219, -27.52371, 236.70558],
						"1.35": [-262.5219, -27.52371, 236.70558],
						"1.45": {
							"pre": [-265.02256, -15.63554, 236.15835],
							"post": [-265.02256, -15.63554, 236.15835],
							"lerp_mode": "catmullrom"
						},
						"1.6": {
							"post": [-279.92166, -53.70674, 232.54287],
							"lerp_mode": "catmullrom"
						},
						"1.75": {
							"post": [-296.46972, -76.7727, 250.37804],
							"lerp_mode": "catmullrom"
						},
						"2.45": {
							"post": [-264.60533, -46.17425, 262.59532],
							"lerp_mode": "catmullrom"
						},
						"2.75": {
							"post": [-257.12549, -36.89589, 240.72572],
							"lerp_mode": "catmullrom"
						},
						"2.9": [-260.42035, -31.0355, 232.62606],
						"2.95": [-259.49214, -26.58468, 230.05049],
						"3.05": [-259.51416, -29.09153, 244.87718],
						"3.1": [-257.9696, -30.46613, 235.10446],
						"3.15": [-258.74981, -32.63485, 229.88954],
						"3.2": [-263.32681, -6.67962, 239.39714],
						"3.3": [-263.31217, -7.67283, 239.27989],
						"3.6": {
							"pre": [-273.87487, -27.33823, 235.83124],
							"post": [-273.87487, -27.33823, 235.83124],
							"lerp_mode": "catmullrom"
						}
					},
					"position": {
						"0.0": [7.7, -15, -8.35],
						"0.15": {
							"pre": [7.7, -16.28125, -7.85],
							"post": [7.7, -16.28125, -7.85],
							"lerp_mode": "catmullrom"
						},
						"0.25": {
							"post": [6.63429, -15.993, -6.04967],
							"lerp_mode": "catmullrom"
						},
						"0.4": {
							"post": [6.63429, -15.993, -6.04967],
							"lerp_mode": "catmullrom"
						},
						"0.65": {
							"post": [8.68756, -20.45052, -0.56568],
							"lerp_mode": "catmullrom"
						},
						"0.8": [5.8188, -19.22157, 5.2085],
						"0.85": [5.8188, -19.22157, 5.2085],
						"0.95": [6.2572, -19.63029, 5.16949],
						"1.0": [6.2572, -19.63029, 5.16949],
						"1.15": {
							"pre": [7.51299, -21.6046, 3.24921],
							"post": [7.51299, -21.6046, 3.24921],
							"lerp_mode": "catmullrom"
						},
						"1.3": [7.07699, -18.9584, 3.28677],
						"1.35": {
							"pre": [7.07699, -18.9584, 3.28677],
							"post": [7.07699, -18.9584, 3.28677],
							"lerp_mode": "catmullrom"
						},
						"1.45": {
							"post": [7.77071, -20.69408, 3.5496],
							"lerp_mode": "catmullrom"
						},
						"1.6": {
							"post": [8.35637, -24.61854, 5.60055],
							"lerp_mode": "catmullrom"
						},
						"1.65": {
							"post": [8.15154, -26.10495, 8.91058],
							"lerp_mode": "catmullrom"
						},
						"1.75": {
							"post": [3.10623, -33.69983, 13.24705],
							"lerp_mode": "catmullrom"
						},
						"2.45": {
							"post": [4.69153, -34.5245, 11.19332],
							"lerp_mode": "catmullrom"
						},
						"2.6": {
							"post": [6.31886, -29.17159, 9.48203],
							"lerp_mode": "catmullrom"
						},
						"2.65": {
							"post": [7.54698, -26.56261, 6.42054],
							"lerp_mode": "catmullrom"
						},
						"2.7": {
							"post": [8.38887, -24.39543, 4.11449],
							"lerp_mode": "catmullrom"
						},
						"2.75": {
							"post": [8.48477, -22.87239, 3.08528],
							"lerp_mode": "catmullrom"
						},
						"2.8": {
							"post": [8.04188, -21.62266, 2.58504],
							"lerp_mode": "catmullrom"
						},
						"2.9": [7.07699, -19.6459, 2.44302],
						"2.95": [6.97689, -19.60014, 2.53328],
						"3.05": [6.98687, -18.69295, 2.56751],
						"3.15": [7.14951, -18.48158, 2.20534],
						"3.2": [7.32751, -18.34384, 3.96609],
						"3.3": [7.32751, -18.34384, 3.96609],
						"3.45": {
							"pre": [8.72205, -17.62751, -4.73907],
							"post": [8.72205, -17.62751, -4.73907],
							"lerp_mode": "catmullrom"
						},
						"3.6": {
							"post": [7.7, -15, -8.35],
							"lerp_mode": "catmullrom"
						}
					},
					"scale": [1, 1.5, 1]
				},
				"camera": {
					"rotation": {
						"0.0": {
							"post": [0, 0, 0],
							"lerp_mode": "catmullrom"
						},
						"0.2": {
							"post": [0.545, 0, 0],
							"lerp_mode": "catmullrom"
						},
						"0.4": {
							"post": [3.645, -0.28, 1.06],
							"lerp_mode": "catmullrom"
						},
						"0.55": {
							"post": [4.235, -0.46, 1.73],
							"lerp_mode": "catmullrom"
						},
						"0.65": {
							"post": [5.375, -0.525, 2.2],
							"lerp_mode": "catmullrom"
						},
						"0.8": {
							"post": [4.225, -0.57, 1.75],
							"lerp_mode": "catmullrom"
						},
						"0.95": {
							"post": [4.62, -0.59, 1.9],
							"lerp_mode": "catmullrom"
						},
						"1.05": {
							"post": [5.305, -0.61, 2.4],
							"lerp_mode": "catmullrom"
						},
						"1.2": {
							"post": [4.49, -0.63, 1.9],
							"lerp_mode": "catmullrom"
						},
						"1.45": {
							"post": [4.855, -0.65, 1.9],
							"lerp_mode": "catmullrom"
						},
						"1.5": {
							"post": [6.265, -0.35, 2.9],
							"lerp_mode": "catmullrom"
						},
						"1.6": {
							"post": [4.715, 0.11, 1],
							"lerp_mode": "catmullrom"
						},
						"1.75": {
							"post": [5.65, 0.295, 2.075],
							"lerp_mode": "catmullrom"
						},
						"1.95": {
							"post": [5.305, 0.19, 1.375],
							"lerp_mode": "catmullrom"
						},
						"2.25": {
							"post": [4.915, 0.26, 1.3],
							"lerp_mode": "catmullrom"
						},
						"2.7": {
							"post": [6.93, -0.65, 1.525],
							"lerp_mode": "catmullrom"
						},
						"2.8": {
							"post": [6.87, -0.74, 1.56],
							"lerp_mode": "catmullrom"
						},
						"2.9": {
							"post": [8, -0.76, 2.295],
							"lerp_mode": "catmullrom"
						},
						"3.0": {
							"post": [6.27, -0.81, 1.375],
							"lerp_mode": "catmullrom"
						},
						"3.1": {
							"post": [6.97, -0.89, 1.985],
							"lerp_mode": "catmullrom"
						},
						"3.25": {
							"post": [5.445, -0.85, 1.525],
							"lerp_mode": "catmullrom"
						},
						"3.55": {
							"post": [-0.195, 0.125, 0],
							"lerp_mode": "catmullrom"
						},
						"3.65": {
							"post": [0.335, 0.16, 0.365],
							"lerp_mode": "catmullrom"
						},
						"3.75": {
							"post": [0.58, 0.08, -0.235],
							"lerp_mode": "catmullrom"
						},
						"3.85": {
							"post": [0.17, 0, 0],
							"lerp_mode": "catmullrom"
						},
						"3.95": {
							"post": [0.56, -0.01, 1.225],
							"lerp_mode": "catmullrom"
						},
						"4.05": {
							"post": [-0.4, 0, -0.825],
							"lerp_mode": "catmullrom"
						},
						"4.2": {
							"post": [0.075, 0, 0.325],
							"lerp_mode": "catmullrom"
						},
						"4.35": {
							"post": [0, 0, 0],
							"lerp_mode": "catmullrom"
						}
					}
				}
			}
		},
		"reload_empty": {
			"animation_length": 4.4,
			"bones": {
				"root": {
					"rotation": {
						"0.0": {
							"post": [0, 0, 0],
							"lerp_mode": "catmullrom"
						},
						"0.1": {
							"post": [-3.60699, -5.34144, -4.67669],
							"lerp_mode": "catmullrom"
						},
						"0.35": {
							"post": [-38.5, -31.15, -27.29],
							"lerp_mode": "catmullrom"
						},
						"0.5": {
							"post": [-44.34568, -33.65426, -28.89319],
							"lerp_mode": "catmullrom"
						},
						"0.55": {
							"post": [-41.49987, -38.29736, -35.01106],
							"lerp_mode": "catmullrom"
						},
						"0.65": {
							"post": [-44.27009, -33.74882, -29.98666],
							"lerp_mode": "catmullrom"
						},
						"0.8": {
							"post": [-42.49346, -34.68204, -32.68647],
							"lerp_mode": "catmullrom"
						},
						"0.85": {
							"post": [-43.09742, -34.48641, -32.31468],
							"lerp_mode": "catmullrom"
						},
						"0.95": {
							"post": [-44.09, -34.97, -32.14],
							"lerp_mode": "catmullrom"
						},
						"1.1": {
							"post": [-43.83106, -35.22012, -31.19766],
							"lerp_mode": "catmullrom"
						},
						"1.3": {
							"post": [-44.83012, -34.01923, -29.36788],
							"lerp_mode": "catmullrom"
						},
						"1.4": {
							"post": [-43.98396, -34.43964, -31.04602],
							"lerp_mode": "catmullrom"
						},
						"1.5": {
							"post": [-39.33273, -39.07715, -39.65298],
							"lerp_mode": "catmullrom"
						},
						"1.6": {
							"post": [-40.70153, -37.85432, -37.18195],
							"lerp_mode": "catmullrom"
						},
						"1.85": {
							"post": [-41.74493, -37.78557, -34.33621],
							"lerp_mode": "catmullrom"
						},
						"2.05": {
							"post": [-42.81919, -37.46776, -33.62117],
							"lerp_mode": "catmullrom"
						},
						"2.3": {
							"post": [-43.89493, -37.78557, -34.33621],
							"lerp_mode": "catmullrom"
						},
						"2.5": {
							"post": [-38.79436, -41.96322, -40.72191],
							"lerp_mode": "catmullrom"
						},
						"2.65": {
							"post": [-37.43, -42.08, -42.03],
							"lerp_mode": "catmullrom"
						},
						"2.8": {
							"post": [-37.15139, -41.34055, -41.64537],
							"lerp_mode": "catmullrom"
						},
						"2.9": {
							"post": [-34.26087, -44.34129, -46.28988],
							"lerp_mode": "catmullrom"
						},
						"3.0": {
							"post": [-35.82175, -44.43147, -45.15745],
							"lerp_mode": "catmullrom"
						},
						"3.05": {
							"post": [-36.2303, -44.88799, -45.48708],
							"lerp_mode": "catmullrom"
						},
						"3.15": {
							"post": [-37.50819, -43.94834, -43.77922],
							"lerp_mode": "catmullrom"
						},
						"3.2": {
							"post": [-35.65366, -43.33934, -43.14263],
							"lerp_mode": "catmullrom"
						},
						"3.3": {
							"post": [-46.19269, -37.9734, -34.44949],
							"lerp_mode": "catmullrom"
						},
						"3.35": {
							"post": [-46.68, -35.58, -31.8],
							"lerp_mode": "catmullrom"
						},
						"3.55": {
							"post": [-49.60625, -15.31777, -17.97621],
							"lerp_mode": "catmullrom"
						},
						"3.7": {
							"post": [-33.08944, -6.27492, -11.78759],
							"lerp_mode": "catmullrom"
						},
						"3.85": {
							"post": [-6.09888, -1.67576, 2.15917],
							"lerp_mode": "catmullrom"
						},
						"3.95": {
							"post": [0.09981, -0.36047, 4.38071],
							"lerp_mode": "catmullrom"
						},
						"4.05": {
							"post": [-0.50001, -0.00436, -1.32509],
							"lerp_mode": "catmullrom"
						},
						"4.15": {
							"post": [0, 0, 0.75],
							"lerp_mode": "catmullrom"
						},
						"4.25": {
							"post": [0, 0, 0],
							"lerp_mode": "catmullrom"
						}
					},
					"position": {
						"0.0": {
							"post": [0, 0, 0],
							"lerp_mode": "catmullrom"
						},
						"0.1": {
							"post": [0, -0.17, -0.5],
							"lerp_mode": "catmullrom"
						},
						"0.35": {
							"post": [0.00899, 0.74734, -1.63],
							"lerp_mode": "catmullrom"
						},
						"0.45": {
							"post": [0.18302, -0.00201, -2.49],
							"lerp_mode": "catmullrom"
						},
						"0.5": {
							"post": [0.13945, -0.69391, -2.7],
							"lerp_mode": "catmullrom"
						},
						"0.55": {
							"post": [0.18743, -1.30924, -2.67],
							"lerp_mode": "catmullrom"
						},
						"0.7": {
							"post": [0.17431, -1.09239, -2.7],
							"lerp_mode": "catmullrom"
						},
						"0.85": {
							"post": [0.18, -1.02, -2.79],
							"lerp_mode": "catmullrom"
						},
						"0.95": {
							"post": [0.18, -0.965, -2.86],
							"lerp_mode": "catmullrom"
						},
						"1.05": {
							"post": [0.17, -0.98, -2.9],
							"lerp_mode": "catmullrom"
						},
						"1.35": {
							"post": [0.04, -1.06, -2.7],
							"lerp_mode": "catmullrom"
						},
						"1.5": {
							"post": [0.39, -1.21, -2.69],
							"lerp_mode": "catmullrom"
						},
						"1.85": {
							"post": [0.39, -1.21, -2.69],
							"lerp_mode": "catmullrom"
						},
						"2.3": {
							"post": [0.39, -1.21, -2.69],
							"lerp_mode": "catmullrom"
						},
						"2.4": {
							"post": [0.3, -1.36, -2.69],
							"lerp_mode": "catmullrom"
						},
						"2.5": {
							"post": [0.19, -1.3, -2.69],
							"lerp_mode": "catmullrom"
						},
						"2.65": {
							"post": [0.19, -1.3, -2.69],
							"lerp_mode": "catmullrom"
						},
						"2.8": {
							"post": [0.1, -1.39, -2.68],
							"lerp_mode": "catmullrom"
						},
						"3.05": {
							"post": [0.14, -1.05, -2.68],
							"lerp_mode": "catmullrom"
						},
						"3.15": {
							"post": [0.16, -1.04, -2.68],
							"lerp_mode": "catmullrom"
						},
						"3.2": {
							"post": [-0.22569, -1.29239, -2.7],
							"lerp_mode": "catmullrom"
						},
						"3.35": {
							"post": [0.27431, -1.49239, -2.9],
							"lerp_mode": "catmullrom"
						},
						"3.55": {
							"post": [0.4266, -1.29011, -2.7],
							"lerp_mode": "catmullrom"
						},
						"3.75": {
							"post": [0.10642, -0.0619, -1.66],
							"lerp_mode": "catmullrom"
						},
						"3.9": {
							"post": [0.01525, -0.17433, -1.1],
							"lerp_mode": "catmullrom"
						},
						"4.0": {
							"post": [0, -0.1, 0.4],
							"lerp_mode": "catmullrom"
						},
						"4.1": {
							"post": [0, 0, 0],
							"lerp_mode": "catmullrom"
						},
						"4.2": {
							"post": [0, 0, 0],
							"lerp_mode": "catmullrom"
						}
					}
				},
				"righthand": {
					"rotation": [95, 0, -180],
					"position": [-6.4, -15.5, 8.8],
					"scale": [1, 1.5, 1]
				},
				"magzine_and_bullet": {
					"rotation": {
						"0.8": [0, 0, 0],
						"0.9": [-2.79687, 0, 0],
						"1.3": [-2.79687, 0, 0],
						"1.45": [-0.46267, -2.57594, -14.78217],
						"1.65": [-78.05182, 5.77541, -48.17801],
						"2.6": [-22.04962, -9.01541, -3.09766],
						"2.75": [-13.06752, -6.35435, -27.71611],
						"2.9": [-10, 0, 0],
						"3.15": [-10, 0, 0],
						"3.2": [0, 0, 0]
					},
					"position": {
						"0.8": [0, 0, 0],
						"0.9": [0, -1.1, -0.11875],
						"1.3": [0, -1.1, -0.11875],
						"1.35": {
							"pre": [0.00199, -1.0334, -0.10698],
							"post": [0.00199, -1.0334, -0.10698],
							"lerp_mode": "catmullrom"
						},
						"1.45": {
							"post": [0.39571, -3.26908, 0.15585],
							"lerp_mode": "catmullrom"
						},
						"1.55": {
							"post": [1.0443, -6.15297, 3.20204],
							"lerp_mode": "catmullrom"
						},
						"1.65": {
							"post": [3.14353, -11.64393, 10.22341],
							"lerp_mode": "catmullrom"
						},
						"1.7": {
							"post": [1.19437, -14.72334, 14.82607],
							"lerp_mode": "catmullrom"
						},
						"1.75": {
							"post": [-1.99483, -17.38261, 20.03042],
							"lerp_mode": "catmullrom"
						},
						"2.45": {
							"post": [-2.38347, -14.94325, 11.79957],
							"lerp_mode": "catmullrom"
						},
						"2.6": {
							"post": [-1.02453, -10.35374, 7.5481],
							"lerp_mode": "catmullrom"
						},
						"2.75": {
							"post": [0.12659, -4.88709, 0.54797],
							"lerp_mode": "catmullrom"
						},
						"2.9": [0.07451, -1.63783, -0.02591],
						"3.0": [0.07, -1.6, -0.07],
						"3.15": [0.07451, -1.53783, -0.15716],
						"3.2": [0, 0, 0]
					},
					"scale": {
						"1.75": [1, 1, 1],
						"1.8": [0, 0, 0],
						"2.4": [0, 0, 0],
						"2.45": [1, 1, 1]
					}
				},
				"lefthand": {
					"rotation": {
						"0.0": [-273.87487, -27.33823, 235.83124],
						"0.1": {
							"pre": [-261.02396, -51.81606, 235.88085],
							"post": [-261.02396, -51.81606, 235.88085],
							"lerp_mode": "catmullrom"
						},
						"0.25": {
							"post": [-265.02542, -33.98988, 243.03448],
							"lerp_mode": "catmullrom"
						},
						"0.45": {
							"post": [-284.81917, -35.59237, 273.90321],
							"lerp_mode": "catmullrom"
						},
						"0.65": {
							"post": [-253.08573, -38.60621, 213.95419],
							"lerp_mode": "catmullrom"
						},
						"0.8": [-241.01259, -7.92297, 158.95117],
						"0.85": [-241.01259, -7.92297, 158.95117],
						"0.95": [-228.01259, -7.92297, 158.95117],
						"1.0": [-228.01259, -7.92297, 158.95117],
						"1.3": [-262.5219, -27.52371, 236.70558],
						"1.35": [-262.5219, -27.52371, 236.70558],
						"1.45": {
							"pre": [-265.02256, -15.63554, 236.15835],
							"post": [-265.02256, -15.63554, 236.15835],
							"lerp_mode": "catmullrom"
						},
						"1.6": {
							"post": [-279.92166, -53.70674, 232.54287],
							"lerp_mode": "catmullrom"
						},
						"1.75": {
							"post": [-296.46972, -76.7727, 250.37804],
							"lerp_mode": "catmullrom"
						},
						"2.45": {
							"post": [-264.60533, -46.17425, 262.59532],
							"lerp_mode": "catmullrom"
						},
						"2.75": {
							"post": [-257.12549, -36.89589, 240.72572],
							"lerp_mode": "catmullrom"
						},
						"2.9": [-260.42035, -31.0355, 232.62606],
						"2.95": [-259.49214, -26.58468, 230.05049],
						"3.05": [-259.51416, -29.09153, 244.87718],
						"3.1": [-257.9696, -30.46613, 235.10446],
						"3.15": [-258.74981, -32.63485, 229.88954],
						"3.2": [-263.32681, -6.67962, 239.39714],
						"3.3": [-263.31217, -7.67283, 239.27989],
						"3.6": {
							"pre": [-273.87487, -27.33823, 235.83124],
							"post": [-273.87487, -27.33823, 235.83124],
							"lerp_mode": "catmullrom"
						}
					},
					"position": {
						"0.0": [7.7, -15, -8.35],
						"0.15": {
							"pre": [7.7, -16.28125, -7.85],
							"post": [7.7, -16.28125, -7.85],
							"lerp_mode": "catmullrom"
						},
						"0.25": {
							"post": [6.63429, -15.993, -6.04967],
							"lerp_mode": "catmullrom"
						},
						"0.4": {
							"post": [6.63429, -15.993, -6.04967],
							"lerp_mode": "catmullrom"
						},
						"0.65": {
							"post": [8.68756, -20.45052, -0.56568],
							"lerp_mode": "catmullrom"
						},
						"0.8": [5.8188, -19.22157, 5.2085],
						"0.85": [5.8188, -19.22157, 5.2085],
						"0.95": [6.2572, -19.63029, 5.16949],
						"1.0": [6.2572, -19.63029, 5.16949],
						"1.15": {
							"pre": [7.51299, -21.6046, 3.24921],
							"post": [7.51299, -21.6046, 3.24921],
							"lerp_mode": "catmullrom"
						},
						"1.3": [7.07699, -18.9584, 3.28677],
						"1.35": {
							"pre": [7.07699, -18.9584, 3.28677],
							"post": [7.07699, -18.9584, 3.28677],
							"lerp_mode": "catmullrom"
						},
						"1.45": {
							"post": [7.77071, -20.69408, 3.5496],
							"lerp_mode": "catmullrom"
						},
						"1.6": {
							"post": [8.35637, -24.61854, 5.60055],
							"lerp_mode": "catmullrom"
						},
						"1.65": {
							"post": [8.15154, -26.10495, 8.91058],
							"lerp_mode": "catmullrom"
						},
						"1.75": {
							"post": [3.10623, -33.69983, 13.24705],
							"lerp_mode": "catmullrom"
						},
						"2.45": {
							"post": [4.69153, -34.5245, 11.19332],
							"lerp_mode": "catmullrom"
						},
						"2.6": {
							"post": [6.31886, -29.17159, 9.48203],
							"lerp_mode": "catmullrom"
						},
						"2.65": {
							"post": [7.54698, -26.56261, 6.42054],
							"lerp_mode": "catmullrom"
						},
						"2.7": {
							"post": [8.38887, -24.39543, 4.11449],
							"lerp_mode": "catmullrom"
						},
						"2.75": {
							"post": [8.48477, -22.87239, 3.08528],
							"lerp_mode": "catmullrom"
						},
						"2.8": {
							"post": [8.04188, -21.62266, 2.58504],
							"lerp_mode": "catmullrom"
						},
						"2.9": [7.07699, -19.6459, 2.44302],
						"2.95": [6.97689, -19.60014, 2.53328],
						"3.05": [6.98687, -18.69295, 2.56751],
						"3.15": [7.14951, -18.48158, 2.20534],
						"3.2": [7.32751, -18.34384, 3.96609],
						"3.3": [7.32751, -18.34384, 3.96609],
						"3.45": {
							"pre": [8.72205, -17.62751, -4.73907],
							"post": [8.72205, -17.62751, -4.73907],
							"lerp_mode": "catmullrom"
						},
						"3.6": {
							"post": [7.7, -15, -8.35],
							"lerp_mode": "catmullrom"
						}
					},
					"scale": [1, 1.5, 1]
				},
				"camera": {
					"rotation": {
						"0.0": {
							"post": [0, 0, 0],
							"lerp_mode": "catmullrom"
						},
						"0.2": {
							"post": [0.545, 0, 0],
							"lerp_mode": "catmullrom"
						},
						"0.4": {
							"post": [3.645, -0.28, 1.06],
							"lerp_mode": "catmullrom"
						},
						"0.55": {
							"post": [4.235, -0.46, 1.73],
							"lerp_mode": "catmullrom"
						},
						"0.65": {
							"post": [5.375, -0.525, 2.2],
							"lerp_mode": "catmullrom"
						},
						"0.8": {
							"post": [4.225, -0.57, 1.75],
							"lerp_mode": "catmullrom"
						},
						"0.95": {
							"post": [4.62, -0.59, 1.9],
							"lerp_mode": "catmullrom"
						},
						"1.05": {
							"post": [5.305, -0.61, 2.4],
							"lerp_mode": "catmullrom"
						},
						"1.2": {
							"post": [4.49, -0.63, 1.9],
							"lerp_mode": "catmullrom"
						},
						"1.45": {
							"post": [4.855, -0.65, 1.9],
							"lerp_mode": "catmullrom"
						},
						"1.5": {
							"post": [6.265, -0.35, 2.9],
							"lerp_mode": "catmullrom"
						},
						"1.6": {
							"post": [4.715, 0.11, 1],
							"lerp_mode": "catmullrom"
						},
						"1.75": {
							"post": [5.65, 0.295, 2.075],
							"lerp_mode": "catmullrom"
						},
						"1.95": {
							"post": [5.305, 0.19, 1.375],
							"lerp_mode": "catmullrom"
						},
						"2.25": {
							"post": [4.915, 0.26, 1.3],
							"lerp_mode": "catmullrom"
						},
						"2.7": {
							"post": [6.93, -0.65, 1.525],
							"lerp_mode": "catmullrom"
						},
						"2.8": {
							"post": [6.87, -0.74, 1.56],
							"lerp_mode": "catmullrom"
						},
						"2.9": {
							"post": [8, -0.76, 2.295],
							"lerp_mode": "catmullrom"
						},
						"3.0": {
							"post": [6.27, -0.81, 1.375],
							"lerp_mode": "catmullrom"
						},
						"3.1": {
							"post": [6.97, -0.89, 1.985],
							"lerp_mode": "catmullrom"
						},
						"3.25": {
							"post": [5.445, -0.85, 1.525],
							"lerp_mode": "catmullrom"
						},
						"3.55": {
							"post": [-0.195, 0.125, 0],
							"lerp_mode": "catmullrom"
						},
						"3.65": {
							"post": [0.335, 0.16, 0.365],
							"lerp_mode": "catmullrom"
						},
						"3.75": {
							"post": [0.58, 0.08, -0.235],
							"lerp_mode": "catmullrom"
						},
						"3.85": {
							"post": [0.17, 0, 0],
							"lerp_mode": "catmullrom"
						},
						"3.95": {
							"post": [0.56, -0.01, 1.225],
							"lerp_mode": "catmullrom"
						},
						"4.05": {
							"post": [-0.4, 0, -0.825],
							"lerp_mode": "catmullrom"
						},
						"4.2": {
							"post": [0.075, 0, 0.325],
							"lerp_mode": "catmullrom"
						},
						"4.35": {
							"post": [0, 0, 0],
							"lerp_mode": "catmullrom"
						}
					}
				}
			}
		},
		"inspect": {
			"animation_length": 6.35,
			"bones": {
				"root": {
					"rotation": {
						"0.0": {
							"post": [0, 0, 0],
							"lerp_mode": "catmullrom"
						},
						"0.15": {
							"post": [-6.54042, -7.48069, -5.76575],
							"lerp_mode": "catmullrom"
						},
						"0.45": {
							"post": [-43.56542, -30.99756, -26.12008],
							"lerp_mode": "catmullrom"
						},
						"0.6": {
							"post": [-48.50286, -33.78882, -26.81763],
							"lerp_mode": "catmullrom"
						},
						"0.65": {
							"post": [-45.34952, -38.99227, -31.01891],
							"lerp_mode": "catmullrom"
						},
						"0.75": {
							"post": [-46.55427, -37.71945, -29.2062],
							"lerp_mode": "catmullrom"
						},
						"0.9": {
							"post": [-45.88623, -39.0724, -30.65221],
							"lerp_mode": "catmullrom"
						},
						"1.2": {
							"post": [-46.94, -38.53, -29.73],
							"lerp_mode": "catmullrom"
						},
						"1.4": {
							"post": [-41.02563, -45.06851, -38.70839],
							"lerp_mode": "catmullrom"
						},
						"2.4": {
							"post": [-40.29, -47.37, -40.97],
							"lerp_mode": "catmullrom"
						},
						"2.55": {
							"post": [-39.86164, -46.04164, -40.33869],
							"lerp_mode": "catmullrom"
						},
						"2.75": {
							"post": [-55.45159, 2.00504, 7.36013],
							"lerp_mode": "catmullrom"
						},
						"2.95": {
							"post": [-46.29628, 37.84128, 43.42955],
							"lerp_mode": "catmullrom"
						},
						"3.2": {
							"post": [-44.36604, 38.73558, 46.35069],
							"lerp_mode": "catmullrom"
						},
						"3.5": {
							"post": [-45.03616, 42.45179, 45.21245],
							"lerp_mode": "catmullrom"
						},
						"3.9": {
							"post": [-45.03616, 42.45179, 45.21245],
							"lerp_mode": "catmullrom"
						},
						"4.1": {
							"post": [-39.93695, 47.62889, 52.88769],
							"lerp_mode": "catmullrom"
						},
						"4.35": {
							"post": [-39.11, 50.09, 53.54],
							"lerp_mode": "catmullrom"
						},
						"4.9": {
							"post": [-39.17, 51.63, 53.45],
							"lerp_mode": "catmullrom"
						},
						"5.05": {
							"post": [-39.93695, 44.87889, 46.38769],
							"lerp_mode": "catmullrom"
						},
						"5.2": {
							"post": [-46.25895, 13.96242, 18.11131],
							"lerp_mode": "catmullrom"
						},
						"5.3": {
							"post": [-45.91369, -4.55734, 1.13144],
							"lerp_mode": "catmullrom"
						},
						"5.5": {
							"post": [-45.14, -8.11, -3.07],
							"lerp_mode": "catmullrom"
						},
						"5.65": {
							"post": [-32.48927, -5.70496, -2.36773],
							"lerp_mode": "catmullrom"
						},
						"5.8": {
							"post": [-21.84361, -1.71781, 3.19559],
							"lerp_mode": "catmullrom"
						},
						"5.9": {
							"post": [-10.27127, -0.25331, 3.91355],
							"lerp_mode": "catmullrom"
						},
						"6.0": {
							"post": [0, 0, -2],
							"lerp_mode": "catmullrom"
						},
						"6.1": {
							"post": [0, 0, 0.5],
							"lerp_mode": "catmullrom"
						},
						"6.2": {
							"post": [0, 0, 0],
							"lerp_mode": "catmullrom"
						}
					},
					"position": {
						"0.0": {
							"post": [0, 0, 0],
							"lerp_mode": "catmullrom"
						},
						"0.15": {
							"post": [0.26, -0.26, -0.24],
							"lerp_mode": "catmullrom"
						},
						"0.45": {
							"post": [1.17, 1.56, -0.8],
							"lerp_mode": "catmullrom"
						},
						"0.65": {
							"post": [1.32615, -0.29886, -0.7],
							"lerp_mode": "catmullrom"
						},
						"0.8": {
							"post": [1.3, 0.4, -0.9],
							"lerp_mode": "catmullrom"
						},
						"1.15": {
							"post": [1.22781, 0.23205, -0.91],
							"lerp_mode": "catmullrom"
						},
						"1.6": {
							"post": [1.4378, 0.38997, -0.9],
							"lerp_mode": "catmullrom"
						},
						"2.05": {
							"post": [1.33182, 0.36875, -0.89],
							"lerp_mode": "catmullrom"
						},
						"2.4": {
							"post": [1.3, 0.4, -0.9],
							"lerp_mode": "catmullrom"
						},
						"2.6": {
							"post": [0.82077, -0.28285, -1.05],
							"lerp_mode": "catmullrom"
						},
						"2.8": {
							"post": [-1.29844, 0.68658, -1.32],
							"lerp_mode": "catmullrom"
						},
						"3.05": {
							"post": [-1.97385, -0.24886, -1.45],
							"lerp_mode": "catmullrom"
						},
						"3.35": {
							"post": [-2.04239, -0.07431, -1.5],
							"lerp_mode": "catmullrom"
						},
						"4.0": {
							"post": [-2.07383, -0.00178, -1.5],
							"lerp_mode": "catmullrom"
						},
						"4.4": {
							"post": [-2.10853, -0.2376, -1.58],
							"lerp_mode": "catmullrom"
						},
						"4.95": {
							"post": [-2.20465, -0.55922, -1.6],
							"lerp_mode": "catmullrom"
						},
						"5.1": {
							"post": [-1.84619, -0.45716, -1.06],
							"lerp_mode": "catmullrom"
						},
						"5.3": {
							"post": [0.95756, 0.87195, -0.3],
							"lerp_mode": "catmullrom"
						},
						"5.5": {
							"post": [1.23615, -0.15886, -0.47],
							"lerp_mode": "catmullrom"
						},
						"5.7": {
							"post": [0.67771, 0.58772, -1.47],
							"lerp_mode": "catmullrom"
						},
						"5.9": {
							"post": [0, 0, -2.4],
							"lerp_mode": "catmullrom"
						},
						"6.0": {
							"post": [0, 0, 0.7],
							"lerp_mode": "catmullrom"
						},
						"6.1": {
							"post": [0, 0, 0],
							"lerp_mode": "catmullrom"
						}
					}
				},
				"righthand": {
					"rotation": [95, 0, -180],
					"position": [-6.4, -15.5, 8.8],
					"scale": [1, 1.5, 1]
				},
				"lefthand": {
					"rotation": {
						"0.0": [-273.87487, -27.33823, 235.83124],
						"0.15": {
							"pre": [-272.01903, -27.34565, 244.83935],
							"post": [-272.01903, -27.34565, 244.83935],
							"lerp_mode": "catmullrom"
						},
						"0.35": {
							"post": [-272.02, -27.35, 244.84],
							"lerp_mode": "catmullrom"
						},
						"0.45": {
							"post": [-274.63931, -25.89574, 250.82835],
							"lerp_mode": "catmullrom"
						},
						"0.55": {
							"post": [-287.30007, -21.608, 280.67426],
							"lerp_mode": "catmullrom"
						},
						"0.65": {
							"post": [-298.5081, -24.73849, 281.38289],
							"lerp_mode": "catmullrom"
						},
						"0.8": {
							"post": [-287.30007, -21.608, 280.67426],
							"lerp_mode": "catmullrom"
						},
						"1.2": {
							"post": [-287.30007, -21.608, 280.67426],
							"lerp_mode": "catmullrom"
						},
						"1.4": [-282.59474, -18.90372, 283.93671],
						"2.1": [-282.59474, -18.90372, 283.93671],
						"2.55": [-282.59474, -18.90372, 283.93671],
						"2.7": {
							"pre": [-271.96346, -26.94926, 223.40363],
							"post": [-271.96346, -26.94926, 223.40363],
							"lerp_mode": "catmullrom"
						},
						"2.9": [-283.46851, -16.05011, 184.13109],
						"3.9": [-283.46851, -16.05011, 184.13109],
						"4.1": [-289.46966, -16.05002, 184.13025],
						"5.0": [-289.46966, -16.05002, 184.13025],
						"5.15": {
							"pre": [-286.16807, -18.79679, 195.05293],
							"post": [-286.16807, -18.79679, 195.05293],
							"lerp_mode": "catmullrom"
						},
						"5.3": {
							"post": [-286.17384, -22.56992, 234.17113],
							"lerp_mode": "catmullrom"
						},
						"5.5": {
							"post": [-272.6533, -24.37324, 235.32335],
							"lerp_mode": "catmullrom"
						},
						"5.6": {
							"post": [-270.43062, -28.96836, 235.67438],
							"lerp_mode": "catmullrom"
						},
						"5.7": [-273.87487, -27.33823, 235.83124]
					},
					"position": {
						"0.0": [7.7, -15, -8.35],
						"0.25": {
							"pre": [7.7, -15.25, -7.3625],
							"post": [7.7, -15.25, -7.3625],
							"lerp_mode": "catmullrom"
						},
						"0.4": {
							"post": [7.79156, -19.33039, -2.19111],
							"lerp_mode": "catmullrom"
						},
						"0.5": [6.10203, -19.56507, 2.51722],
						"2.5": [6.10203, -19.56507, 2.51722],
						"2.65": {
							"pre": [8.74227, -19.44057, -1.84762],
							"post": [8.74227, -19.44057, -1.84762],
							"lerp_mode": "catmullrom"
						},
						"2.75": {
							"post": [10.04351, -15.9039, -3.30857],
							"lerp_mode": "catmullrom"
						},
						"2.85": [8.47403, -12.37817, -3.16856],
						"3.85": [8.47403, -12.37817, -3.16856],
						"4.95": [8.47403, -12.37817, -3.16856],
						"5.1": {
							"pre": [10.94994, -13.9744, -5.60495],
							"post": [10.94994, -13.9744, -5.60495],
							"lerp_mode": "catmullrom"
						},
						"5.25": {
							"post": [7.29751, -15.73093, -7.83448],
							"lerp_mode": "catmullrom"
						},
						"5.45": {
							"post": [7.7, -15.25, -8.3],
							"lerp_mode": "catmullrom"
						},
						"5.7": [7.7, -15, -8.35]
					},
					"scale": [1, 1.5, 1]
				},
				"camera": {
					"rotation": {
						"0.0": [0, 0, 0],
						"0.2": {
							"pre": [0.23, 0, 0.96],
							"post": [0.23, 0, 0.96],
							"lerp_mode": "catmullrom"
						},
						"0.3": {
							"post": [0.36, 0, 0.13],
							"lerp_mode": "catmullrom"
						},
						"0.45": {
							"post": [0.53, 0, 0.03],
							"lerp_mode": "catmullrom"
						},
						"0.6": {
							"post": [0.55, 0, 1],
							"lerp_mode": "catmullrom"
						},
						"0.7": {
							"post": [0, 0, -2],
							"lerp_mode": "catmullrom"
						},
						"0.8": {
							"post": [-0.73, 0, -0.03],
							"lerp_mode": "catmullrom"
						},
						"1.1": {
							"post": [-0.11, 0, -1.82],
							"lerp_mode": "catmullrom"
						},
						"1.35": [-17.5, 0, 0],
						"1.75": {
							"pre": [-14.5, 0, -2],
							"post": [-14.5, 0, -2],
							"lerp_mode": "catmullrom"
						},
						"2.15": {
							"post": [-16.49, -2, -2.01],
							"lerp_mode": "catmullrom"
						},
						"2.55": {
							"post": [-15.14, -3, -2.05],
							"lerp_mode": "catmullrom"
						},
						"2.9": {
							"post": [-2.5625, -1, -0.75],
							"lerp_mode": "catmullrom"
						},
						"3.0": {
							"post": [-0.36, 0, 2.45],
							"lerp_mode": "catmullrom"
						},
						"3.2": {
							"post": [-0.09, 0, -1.14],
							"lerp_mode": "catmullrom"
						},
						"3.5": {
							"post": [4.18, 0, 0.01],
							"lerp_mode": "catmullrom"
						},
						"3.8": {
							"post": [18.14, 0, -0.01],
							"lerp_mode": "catmullrom"
						},
						"4.25": {
							"post": [25.61, 7, 4],
							"lerp_mode": "catmullrom"
						},
						"4.85": {
							"post": [25.75, 7, 4],
							"lerp_mode": "catmullrom"
						},
						"5.25": {
							"post": [21.82, 0, 0],
							"lerp_mode": "catmullrom"
						},
						"5.65": {
							"post": [4.25, 0, 0],
							"lerp_mode": "catmullrom"
						},
						"5.9": {
							"post": [0.04, 0, -0.04],
							"lerp_mode": "catmullrom"
						},
						"6.0": {
							"post": [1.52, 0, 0.71],
							"lerp_mode": "catmullrom"
						},
						"6.15": {
							"post": [-1.5, 0, -0.75],
							"lerp_mode": "catmullrom"
						},
						"6.3": {
							"post": [0, 0, 0],
							"lerp_mode": "catmullrom"
						}
					}
				}
			}
		},
		"inspect_empty": {
			"animation_length": 6.35,
			"bones": {
				"root": {
					"rotation": {
						"0.0": {
							"post": [0, 0, 0],
							"lerp_mode": "catmullrom"
						},
						"0.15": {
							"post": [-6.54042, -7.48069, -5.76575],
							"lerp_mode": "catmullrom"
						},
						"0.45": {
							"post": [-43.56542, -30.99756, -26.12008],
							"lerp_mode": "catmullrom"
						},
						"0.6": {
							"post": [-48.50286, -33.78882, -26.81763],
							"lerp_mode": "catmullrom"
						},
						"0.65": {
							"post": [-45.34952, -38.99227, -31.01891],
							"lerp_mode": "catmullrom"
						},
						"0.75": {
							"post": [-46.55427, -37.71945, -29.2062],
							"lerp_mode": "catmullrom"
						},
						"0.9": {
							"post": [-45.88623, -39.0724, -30.65221],
							"lerp_mode": "catmullrom"
						},
						"1.2": {
							"post": [-46.94, -38.53, -29.73],
							"lerp_mode": "catmullrom"
						},
						"1.4": {
							"post": [-41.02563, -45.06851, -38.70839],
							"lerp_mode": "catmullrom"
						},
						"2.4": {
							"post": [-40.29, -47.37, -40.97],
							"lerp_mode": "catmullrom"
						},
						"2.55": {
							"post": [-39.86164, -46.04164, -40.33869],
							"lerp_mode": "catmullrom"
						},
						"2.75": {
							"post": [-55.45159, 2.00504, 7.36013],
							"lerp_mode": "catmullrom"
						},
						"2.95": {
							"post": [-46.29628, 37.84128, 43.42955],
							"lerp_mode": "catmullrom"
						},
						"3.2": {
							"post": [-44.36604, 38.73558, 46.35069],
							"lerp_mode": "catmullrom"
						},
						"3.5": {
							"post": [-45.03616, 42.45179, 45.21245],
							"lerp_mode": "catmullrom"
						},
						"3.9": {
							"post": [-45.03616, 42.45179, 45.21245],
							"lerp_mode": "catmullrom"
						},
						"4.1": {
							"post": [-39.93695, 47.62889, 52.88769],
							"lerp_mode": "catmullrom"
						},
						"4.35": {
							"post": [-39.11, 50.09, 53.54],
							"lerp_mode": "catmullrom"
						},
						"4.9": {
							"post": [-39.17, 51.63, 53.45],
							"lerp_mode": "catmullrom"
						},
						"5.05": {
							"post": [-39.93695, 44.87889, 46.38769],
							"lerp_mode": "catmullrom"
						},
						"5.2": {
							"post": [-46.25895, 13.96242, 18.11131],
							"lerp_mode": "catmullrom"
						},
						"5.3": {
							"post": [-45.91369, -4.55734, 1.13144],
							"lerp_mode": "catmullrom"
						},
						"5.5": {
							"post": [-45.14, -8.11, -3.07],
							"lerp_mode": "catmullrom"
						},
						"5.65": {
							"post": [-32.48927, -5.70496, -2.36773],
							"lerp_mode": "catmullrom"
						},
						"5.8": {
							"post": [-21.84361, -1.71781, 3.19559],
							"lerp_mode": "catmullrom"
						},
						"5.9": {
							"post": [-10.27127, -0.25331, 3.91355],
							"lerp_mode": "catmullrom"
						},
						"6.0": {
							"post": [0, 0, -2],
							"lerp_mode": "catmullrom"
						},
						"6.1": {
							"post": [0, 0, 0.5],
							"lerp_mode": "catmullrom"
						},
						"6.2": {
							"post": [0, 0, 0],
							"lerp_mode": "catmullrom"
						}
					},
					"position": {
						"0.0": {
							"post": [0, 0, 0],
							"lerp_mode": "catmullrom"
						},
						"0.15": {
							"post": [0.26, -0.26, -0.24],
							"lerp_mode": "catmullrom"
						},
						"0.45": {
							"post": [1.17, 1.56, -0.8],
							"lerp_mode": "catmullrom"
						},
						"0.65": {
							"post": [1.32615, -0.29886, -0.7],
							"lerp_mode": "catmullrom"
						},
						"0.8": {
							"post": [1.3, 0.4, -0.9],
							"lerp_mode": "catmullrom"
						},
						"1.15": {
							"post": [1.22781, 0.23205, -0.91],
							"lerp_mode": "catmullrom"
						},
						"1.6": {
							"post": [1.4378, 0.38997, -0.9],
							"lerp_mode": "catmullrom"
						},
						"2.05": {
							"post": [1.33182, 0.36875, -0.89],
							"lerp_mode": "catmullrom"
						},
						"2.4": {
							"post": [1.3, 0.4, -0.9],
							"lerp_mode": "catmullrom"
						},
						"2.6": {
							"post": [0.82077, -0.28285, -1.05],
							"lerp_mode": "catmullrom"
						},
						"2.8": {
							"post": [-1.29844, 0.68658, -1.32],
							"lerp_mode": "catmullrom"
						},
						"3.05": {
							"post": [-1.97385, -0.24886, -1.45],
							"lerp_mode": "catmullrom"
						},
						"3.35": {
							"post": [-2.04239, -0.07431, -1.5],
							"lerp_mode": "catmullrom"
						},
						"4.0": {
							"post": [-2.07383, -0.00178, -1.5],
							"lerp_mode": "catmullrom"
						},
						"4.4": {
							"post": [-2.10853, -0.2376, -1.58],
							"lerp_mode": "catmullrom"
						},
						"4.95": {
							"post": [-2.20465, -0.55922, -1.6],
							"lerp_mode": "catmullrom"
						},
						"5.1": {
							"post": [-1.84619, -0.45716, -1.06],
							"lerp_mode": "catmullrom"
						},
						"5.3": {
							"post": [0.95756, 0.87195, -0.3],
							"lerp_mode": "catmullrom"
						},
						"5.5": {
							"post": [1.23615, -0.15886, -0.47],
							"lerp_mode": "catmullrom"
						},
						"5.7": {
							"post": [0.67771, 0.58772, -1.47],
							"lerp_mode": "catmullrom"
						},
						"5.9": {
							"post": [0, 0, -2.4],
							"lerp_mode": "catmullrom"
						},
						"6.0": {
							"post": [0, 0, 0.7],
							"lerp_mode": "catmullrom"
						},
						"6.1": {
							"post": [0, 0, 0],
							"lerp_mode": "catmullrom"
						}
					}
				},
				"righthand": {
					"rotation": [95, 0, -180],
					"position": [-6.4, -15.5, 8.8],
					"scale": [1, 1.5, 1]
				},
				"lefthand": {
					"rotation": {
						"0.0": [-273.87487, -27.33823, 235.83124],
						"0.15": {
							"pre": [-272.01903, -27.34565, 244.83935],
							"post": [-272.01903, -27.34565, 244.83935],
							"lerp_mode": "catmullrom"
						},
						"0.35": {
							"post": [-272.02, -27.35, 244.84],
							"lerp_mode": "catmullrom"
						},
						"0.45": {
							"post": [-274.63931, -25.89574, 250.82835],
							"lerp_mode": "catmullrom"
						},
						"0.55": {
							"post": [-287.30007, -21.608, 280.67426],
							"lerp_mode": "catmullrom"
						},
						"0.65": {
							"post": [-298.5081, -24.73849, 281.38289],
							"lerp_mode": "catmullrom"
						},
						"0.8": {
							"post": [-287.30007, -21.608, 280.67426],
							"lerp_mode": "catmullrom"
						},
						"1.2": {
							"post": [-287.30007, -21.608, 280.67426],
							"lerp_mode": "catmullrom"
						},
						"1.4": [-282.59474, -18.90372, 283.93671],
						"2.1": [-282.59474, -18.90372, 283.93671],
						"2.55": [-282.59474, -18.90372, 283.93671],
						"2.7": {
							"pre": [-271.96346, -26.94926, 223.40363],
							"post": [-271.96346, -26.94926, 223.40363],
							"lerp_mode": "catmullrom"
						},
						"2.9": [-283.46851, -16.05011, 184.13109],
						"3.9": [-283.46851, -16.05011, 184.13109],
						"4.1": [-289.46966, -16.05002, 184.13025],
						"5.0": [-289.46966, -16.05002, 184.13025],
						"5.15": {
							"pre": [-286.16807, -18.79679, 195.05293],
							"post": [-286.16807, -18.79679, 195.05293],
							"lerp_mode": "catmullrom"
						},
						"5.3": {
							"post": [-286.17384, -22.56992, 234.17113],
							"lerp_mode": "catmullrom"
						},
						"5.5": {
							"post": [-272.6533, -24.37324, 235.32335],
							"lerp_mode": "catmullrom"
						},
						"5.6": {
							"post": [-270.43062, -28.96836, 235.67438],
							"lerp_mode": "catmullrom"
						},
						"5.7": [-273.87487, -27.33823, 235.83124]
					},
					"position": {
						"0.0": [7.7, -15, -8.35],
						"0.25": {
							"pre": [7.7, -15.25, -7.3625],
							"post": [7.7, -15.25, -7.3625],
							"lerp_mode": "catmullrom"
						},
						"0.4": {
							"post": [7.79156, -19.33039, -2.19111],
							"lerp_mode": "catmullrom"
						},
						"0.5": [6.10203, -19.56507, 2.51722],
						"2.5": [6.10203, -19.56507, 2.51722],
						"2.65": {
							"pre": [8.74227, -19.44057, -1.84762],
							"post": [8.74227, -19.44057, -1.84762],
							"lerp_mode": "catmullrom"
						},
						"2.75": {
							"post": [10.04351, -15.9039, -3.30857],
							"lerp_mode": "catmullrom"
						},
						"2.85": [8.47403, -12.37817, -3.16856],
						"3.85": [8.47403, -12.37817, -3.16856],
						"4.95": [8.47403, -12.37817, -3.16856],
						"5.1": {
							"pre": [10.94994, -13.9744, -5.60495],
							"post": [10.94994, -13.9744, -5.60495],
							"lerp_mode": "catmullrom"
						},
						"5.25": {
							"post": [7.29751, -15.73093, -7.83448],
							"lerp_mode": "catmullrom"
						},
						"5.45": {
							"post": [7.7, -15.25, -8.3],
							"lerp_mode": "catmullrom"
						},
						"5.7": [7.7, -15, -8.35]
					},
					"scale": [1, 1.5, 1]
				},
				"camera": {
					"rotation": {
						"0.0": [0, 0, 0],
						"0.2": {
							"pre": [0.23, 0, 0.96],
							"post": [0.23, 0, 0.96],
							"lerp_mode": "catmullrom"
						},
						"0.3": {
							"post": [0.36, 0, 0.13],
							"lerp_mode": "catmullrom"
						},
						"0.45": {
							"post": [0.53, 0, 0.03],
							"lerp_mode": "catmullrom"
						},
						"0.6": {
							"post": [0.55, 0, 1],
							"lerp_mode": "catmullrom"
						},
						"0.7": {
							"post": [0, 0, -2],
							"lerp_mode": "catmullrom"
						},
						"0.8": {
							"post": [-0.73, 0, -0.03],
							"lerp_mode": "catmullrom"
						},
						"1.1": {
							"post": [-0.11, 0, -1.82],
							"lerp_mode": "catmullrom"
						},
						"1.35": [-17.5, 0, 0],
						"1.75": {
							"pre": [-14.5, 0, -2],
							"post": [-14.5, 0, -2],
							"lerp_mode": "catmullrom"
						},
						"2.15": {
							"post": [-16.49, -2, -2.01],
							"lerp_mode": "catmullrom"
						},
						"2.55": {
							"post": [-15.14, -3, -2.05],
							"lerp_mode": "catmullrom"
						},
						"2.9": {
							"post": [-2.5625, -1, -0.75],
							"lerp_mode": "catmullrom"
						},
						"3.0": {
							"post": [-0.36, 0, 2.45],
							"lerp_mode": "catmullrom"
						},
						"3.2": {
							"post": [-0.09, 0, -1.14],
							"lerp_mode": "catmullrom"
						},
						"3.5": {
							"post": [4.18, 0, 0.01],
							"lerp_mode": "catmullrom"
						},
						"3.8": {
							"post": [18.14, 0, -0.01],
							"lerp_mode": "catmullrom"
						},
						"4.25": {
							"post": [25.61, 7, 4],
							"lerp_mode": "catmullrom"
						},
						"4.85": {
							"post": [25.75, 7, 4],
							"lerp_mode": "catmullrom"
						},
						"5.25": {
							"post": [21.82, 0, 0],
							"lerp_mode": "catmullrom"
						},
						"5.65": {
							"post": [4.25, 0, 0],
							"lerp_mode": "catmullrom"
						},
						"5.9": {
							"post": [0.04, 0, -0.04],
							"lerp_mode": "catmullrom"
						},
						"6.0": {
							"post": [1.52, 0, 0.71],
							"lerp_mode": "catmullrom"
						},
						"6.15": {
							"post": [-1.5, 0, -0.75],
							"lerp_mode": "catmullrom"
						},
						"6.3": {
							"post": [0, 0, 0],
							"lerp_mode": "catmullrom"
						}
					}
				}
			}
		},
		"shoot": {
			"animation_length": 1.2667,
			"bones": {
				"root": {
					"rotation": {
						"0.0": {
							"post": [0, 0, 0],
							"lerp_mode": "catmullrom"
						},
						"0.0333": {
							"post": [1.24069, 0.15232, -6.99835],
							"lerp_mode": "catmullrom"
						},
						"0.0667": {
							"post": [-5.82024, 1.33042, 5.79388],
							"lerp_mode": "catmullrom"
						},
						"0.1333": {
							"post": [-6.38564, -0.61289, -1.91761],
							"lerp_mode": "catmullrom"
						},
						"0.2": {
							"post": [-6.0138, -0.64862, -3.1926],
							"lerp_mode": "catmullrom"
						},
						"0.3": {
							"post": [-3.22698, -0.95049, 1.89646],
							"lerp_mode": "catmullrom"
						},
						"0.4667": {
							"post": [-0.42425, 0.27786, 0.43549],
							"lerp_mode": "catmullrom"
						},
						"0.7": {
							"post": [0.23068, -0.21405, -0.46178],
							"lerp_mode": "catmullrom"
						},
						"0.9": {
							"post": [-0.09988, 0.076, 0.12379],
							"lerp_mode": "catmullrom"
						},
						"1.0667": {
							"post": [0.04509, 0.01634, -0.04605],
							"lerp_mode": "catmullrom"
						},
						"1.2333": {
							"post": [0, 0, 0],
							"lerp_mode": "catmullrom"
						}
					},
					"position": {
						"0.0": {
							"post": [0, 0, 0],
							"lerp_mode": "catmullrom"
						},
						"0.0333": {
							"post": [0, -0.75, 1.95],
							"lerp_mode": "catmullrom"
						},
						"0.0667": {
							"post": [0, 0.675, 2.33],
							"lerp_mode": "catmullrom"
						},
						"0.1667": {
							"post": [-0.125, 1.18, 1.275],
							"lerp_mode": "catmullrom"
						},
						"0.2333": {
							"post": [-0.11, 0.94, 0.41],
							"lerp_mode": "catmullrom"
						},
						"0.3": {
							"post": [-0.075, 0.51, -0.005],
							"lerp_mode": "catmullrom"
						},
						"0.4333": {
							"post": [0, -0.47, -0.485],
							"lerp_mode": "catmullrom"
						},
						"0.5667": {
							"post": [0, -0.78, -0.095],
							"lerp_mode": "catmullrom"
						},
						"0.7333": {
							"post": [0, -0.415, 0.06],
							"lerp_mode": "catmullrom"
						},
						"0.9": {
							"post": [0, -0.15, 0.1],
							"lerp_mode": "catmullrom"
						},
						"1.0667": {
							"post": [0.03125, -0.17, -0.03],
							"lerp_mode": "catmullrom"
						},
						"1.2333": {
							"post": [0, 0, 0],
							"lerp_mode": "catmullrom"
						}
					}
				},
				"camera": {
					"rotation": {
						"0.0": {
							"post": [0, 0, 0],
							"lerp_mode": "catmullrom"
						},
						"0.0333": {
							"post": [0, 0, 3.4],
							"lerp_mode": "catmullrom"
						},
						"0.0667": {
							"post": [0, 0, -2.875],
							"lerp_mode": "catmullrom"
						},
						"0.1": {
							"post": [0, 0, 2.445],
							"lerp_mode": "catmullrom"
						},
						"0.1667": {
							"post": [0, 0, -2.055],
							"lerp_mode": "catmullrom"
						},
						"0.2333": {
							"post": [0, 0, 1.37],
							"lerp_mode": "catmullrom"
						},
						"0.3": {
							"post": [0, 0, -0.85],
							"lerp_mode": "catmullrom"
						},
						"0.3667": {
							"post": [0, 0, 0.525],
							"lerp_mode": "catmullrom"
						},
						"0.4333": {
							"post": [0, 0, -0.125],
							"lerp_mode": "catmullrom"
						},
						"0.5333": {
							"post": [0, 0, 0],
							"lerp_mode": "catmullrom"
						}
					}
				}
			}
		},
		"put_away": {
			"animation_length": 0.8667,
			"bones": {
				"root": {
					"rotation": {
						"0.0": {
							"post": [0, 0, 0],
							"lerp_mode": "catmullrom"
						},
						"0.1667": {
							"post": [-4.53, -1.25, -1.42],
							"lerp_mode": "catmullrom"
						},
						"0.3333": {
							"post": [-27.15, -7.52, -14.53],
							"lerp_mode": "catmullrom"
						},
						"0.4333": {
							"post": [-40.73045, -11.28181, -23.80042],
							"lerp_mode": "catmullrom"
						},
						"0.5333": {
							"post": [-51.25268, -7.98916, -27.98839],
							"lerp_mode": "catmullrom"
						},
						"0.6667": {
							"post": [-59.1046, 20.10068, -27.392],
							"lerp_mode": "catmullrom"
						},
						"0.7667": {
							"post": [-67.12, 33.68, -19.23],
							"lerp_mode": "catmullrom"
						},
						"0.8667": {
							"post": [-74.38, 35.33, -17.98],
							"lerp_mode": "catmullrom"
						}
					},
					"position": {
						"0.0": {
							"post": [0, 0, 0],
							"lerp_mode": "catmullrom"
						},
						"0.1667": {
							"post": [-0.38, -0.89, 0.09],
							"lerp_mode": "catmullrom"
						},
						"0.3333": {
							"post": [-1.325, -1.5, 0.28],
							"lerp_mode": "catmullrom"
						},
						"0.4333": {
							"post": [-1.95, -2.9, 1.95],
							"lerp_mode": "catmullrom"
						},
						"0.5333": {
							"post": [-2.2, -4.555, 4.37],
							"lerp_mode": "catmullrom"
						},
						"0.7": {
							"post": [-4.7, -8.48, 7.94],
							"lerp_mode": "catmullrom"
						},
						"0.8667": {
							"post": [-7.59, -13.82, 14.07],
							"lerp_mode": "catmullrom"
						}
					}
				},
				"righthand": {
					"rotation": {
						"0.0": [95, 0, -180],
						"0.1": [101.2139, -0.71163, -174.99863],
						"0.3": [99.92205, -1.96551, -168.50279],
						"0.5667": [101.48941, -52.72158, -1.01416],
						"0.6667": [134.2185, -22.09581, -33.36169],
						"0.8667": [131.93942, -24.49859, -38.54941]
					},
					"position": {
						"0.0": [-6.4, -15.5, 8.8],
						"0.3": [-12.51156, -10.93362, 7.05538],
						"0.3667": [-7.96235, -6.73373, 7.75939],
						"0.4667": [-5.27366, -9.92348, 1.38744],
						"0.5667": [-5.49162, -12.40782, -4.43353],
						"0.6667": [-6.62853, -9.91417, -5.75069],
						"0.8667": [-6.47354, -11.01516, -8.65617]
					},
					"scale": [1, 1.5, 1]
				},
				"lefthand": {
					"rotation": [-273.87487, -27.33823, 235.83124],
					"position": [7.7, -15, -8.35],
					"scale": [1, 1.5, 1]
				},
				"camera": {
					"rotation": {
						"0.0": {
							"post": [0, 0, 0],
							"lerp_mode": "catmullrom"
						},
						"0.1333": {
							"post": [-0.225, 0, -0.125],
							"lerp_mode": "catmullrom"
						},
						"0.3667": {
							"post": [0.725, 0, 0.175],
							"lerp_mode": "catmullrom"
						},
						"0.5": {
							"post": [1.125, 0, 1.575],
							"lerp_mode": "catmullrom"
						},
						"0.7333": {
							"post": [0.275, 0, 1.5],
							"lerp_mode": "catmullrom"
						},
						"0.8667": {
							"post": [0, 0, 0],
							"lerp_mode": "catmullrom"
						}
					}
				}
			}
		},
		"walk_aiming": {
			"loop": true,
			"bones": {
				"MZYC": {
					"scale": 0
				}
			}
		},
		"aiming": {
			"loop": true,
			"bones": {
				"MZYC": {
					"scale": 0
				}
			}
		}
	}
}