{
	"format_version": "1.12.0",
	"minecraft:geometry": [
		{
			"description": {
				"identifier": "geometry.unknown",
				"texture_width": 256,
				"texture_height": 256,
				"visible_bounds_width": 19,
				"visible_bounds_height": 17,
				"visible_bounds_offset": [0, 0.5, 0]
			},
			"bones": [
				{
					"name": "MRoot",
					"pivot": [0, 0, 0]
				},
				{
					"name": "Root",
					"parent": "MRoot",
					"pivot": [0, 0, 0]
				},
				{
					"name": "MAllbody",
					"parent": "Root",
					"pivot": [0, 24, 0]
				},
				{
					"name": "AllBody",
					"parent": "MAllbody",
					"pivot": [0, 24, 0]
				},
				{
					"name": "MUpBody",
					"parent": "AllBody",
					"pivot": [0, 18.7, 0]
				},
				{
					"name": "UpBody",
					"parent": "MUpBody",
					"pivot": [0, 18.7, 0],
					"cubes": [
						{"origin": [-0.5, 16.8, -2.125], "size": [1, 1, 4.225], "uv": [0, 108]},
						{"origin": [0.44138, 16.78904, -2.09], "size": [3.725, 1, 4.17], "pivot": [0.44138, 16.78904, -2.09], "rotation": [0, 0, -29.75], "uv": [98, 0]},
						{"origin": [-4.16638, 16.78904, -2.09], "size": [3.725, 1, 4.17], "pivot": [-0.44138, 16.78904, -2.09], "rotation": [0, 0, 29.75], "uv": [98, 0], "mirror": true},
						{"origin": [-3.25, 19.8, -2.125], "size": [6.5, 3, 4.25], "uv": [20, 65]},
						{"origin": [-3.25, 17.8, -2.025], "size": [6.5, 2, 4.05], "uv": [20, 65]}
					]
				},
				{
					"name": "MTail",
					"parent": "UpBody",
					"pivot": [0, 20.93221, 1.63069]
				},
				{
					"name": "Tail",
					"parent": "MTail",
					"pivot": [0, 20.93221, 1.63069],
					"rotation": [-32.5, 0, 0],
					"cubes": [
						{"origin": [-3.295, 15.77121, -0.18331], "size": [6.59, 5.64, 7.52], "pivot": [0.005, 15.93221, 8.63069], "rotation": [-12.5, 0, 0], "uv": [0, 23]}
					]
				},
				{
					"name": "Tail2",
					"parent": "Tail",
					"pivot": [0, 18.90742, 6.38986],
					"rotation": [127.5, 0, 0],
					"cubes": [
						{"origin": [-3.29, 5.52812, 0.93445], "size": [6.58, 5.734, 7.99], "pivot": [0, 10.62311, 7.08576], "rotation": [-15, -57.25, -90], "uv": [26, 23]},
						{"origin": [-3.29, 5.52812, 0.93445], "size": [6.58, 5.734, 7.99], "pivot": [0, 10.62311, 7.08576], "rotation": [-15, 57.25, 90], "uv": [26, 23], "mirror": true},
						{"origin": [-3.29, 11.46842, 2.91965], "size": [6.58, 5.64, 6.58], "pivot": [0, 14.00642, 6.28015], "rotation": [-50, 0, 0], "uv": [32, 12]},
						{"origin": [-3.29, 11.30522, 0.28375], "size": [6.58, 5.734, 7.99], "pivot": [3.29, 13.8407, 3.02986], "rotation": [-84.5, 0, 0], "uv": [28, 0]},
						{"origin": [-3.24, 18.58011, 0.81363], "size": [6.48, 7.734, 5.99], "pivot": [0.05, 19.59711, 2.80863], "rotation": [-112, 0, 0], "uv": [52, 23]}
					]
				},
				{
					"name": "Tail3",
					"parent": "Tail2",
					"pivot": [0, 13.33242, 10.56486],
					"cubes": [
						{"origin": [-3.3, 5.30791, 5.97928], "size": [6.58, 5.734, 6.11], "pivot": [0, 10.62311, 7.08576], "rotation": [16.5, 57.25, 90], "uv": [0, 47]},
						{"origin": [-3.28, 5.30791, 5.97928], "size": [6.58, 5.734, 6.11], "pivot": [0, 10.62311, 7.08576], "rotation": [16.5, -57.25, -90], "uv": [0, 47], "mirror": true},
						{"origin": [-3.295, 3.13812, 12.9834], "size": [6.59, 6.204, 2], "pivot": [0.005, 9.20112, 10.6804], "rotation": [-35, 0, 0], "uv": [18, 80]},
						{"origin": [-3.29, 5.60562, 6.8499], "size": [6.58, 5.64, 7.52], "pivot": [0, 9.20112, 10.6804], "rotation": [-62.5, 0, 0], "uv": [0, 35]},
						{"origin": [-3.285, -1.92964, 5.5804], "size": [6.57, 5.734, 5.64], "pivot": [-0.005, 3.33063, 8.26377], "rotation": [157.25, 0, 0], "uv": [56, 7]},
						{"origin": [-3.295, 2.90823, 5.79652], "size": [6.59, 5.734, 6.11], "pivot": [0.005, 6.26289, 6.51514], "rotation": [134.75, 0, 0], "uv": [24, 47]},
						{"origin": [-3.28, 6.35958, -3.03746], "size": [6.56, 5.734, 6.11], "pivot": [-0.01, 12.52658, 0.99254], "rotation": [84.5, 0, 0], "uv": [48, 47]}
					]
				},
				{
					"name": "Tail4",
					"parent": "Tail3",
					"pivot": [0, 4.10742, 12.33986],
					"cubes": [
						{"origin": [-3, 5.00136, 10.75859], "size": [6, 5.6, 7.5], "pivot": [2, 11.85136, 9.80859], "rotation": [-40, 0, 0], "uv": [26, 35]}
					]
				},
				{
					"name": "Tail5",
					"parent": "Tail4",
					"pivot": [0, 3.60742, 13.83986],
					"cubes": [
						{"origin": [-2.5, 1.37564, 12.33871], "size": [5, 4, 4.5], "pivot": [-0.5, 6.37564, 14.28871], "rotation": [-3.5, 0, 0], "uv": [0, 72]}
					]
				},
				{
					"name": "Tail6",
					"parent": "Tail5",
					"pivot": [0, 3.60742, 16.83986],
					"cubes": [
						{"origin": [-2, 2.57125, 16.61096], "size": [4, 3, 3], "pivot": [0, 2.42125, 21.61096], "rotation": [9.5, 0, 0], "uv": [92, 42]}
					]
				},
				{
					"name": "Tail7",
					"parent": "Tail6",
					"pivot": [0, 4.1074, 19.5899],
					"cubes": [
						{"origin": [-1, 3.72593, 19.02034], "size": [2, 2, 2], "pivot": [0, 4.60742, 21.83986], "rotation": [14.5, 0, 0], "uv": [116, 49]}
					]
				},
				{
					"name": "MUpperBody",
					"parent": "UpBody",
					"pivot": [0, 22.9644, 0]
				},
				{
					"name": "UpperBody",
					"parent": "MUpperBody",
					"pivot": [0, 22.9644, 0],
					"cubes": [
						{"origin": [-3.6, 21.6, -2.5], "size": [7.2, 2, 5], "uv": [54, 0]},
						{"origin": [-2.55, 23.525, -2.25], "size": [5.1, 6.25, 4.475], "uv": [50, 58]},
						{
							"origin": [-0.8, 27.825, 1.9],
							"size": [2.85, 2.25, 0.9],
							"pivot": [2.05, 30.075, 2.8],
							"rotation": [0, -1, -17.5],
							"uv": {
								"north": {"uv": [37, 130], "uv_size": [3, 2]},
								"east": {"uv": [37, 130], "uv_size": [1, 2]},
								"south": {"uv": [40, 130], "uv_size": [-3, 2]},
								"west": {"uv": [39, 130], "uv_size": [1, 2]},
								"up": {"uv": [37, 130], "uv_size": [3, 1]},
								"down": {"uv": [37, 132], "uv_size": [3, -1]}
							}
						},
						{
							"origin": [-2.05, 27.825, 1.9],
							"size": [2.85, 2.25, 0.9],
							"pivot": [-2.05, 30.075, 2.8],
							"rotation": [0, 1, 17.5],
							"uv": {
								"north": {"uv": [40, 130], "uv_size": [-3, 2]},
								"east": {"uv": [40, 130], "uv_size": [-1, 2]},
								"south": {"uv": [37, 130], "uv_size": [3, 2]},
								"west": {"uv": [38, 130], "uv_size": [-1, 2]},
								"up": {"uv": [40, 130], "uv_size": [-3, 1]},
								"down": {"uv": [40, 132], "uv_size": [-3, -1]}
							}
						},
						{"origin": [-2.78665, 23.21723, -2.225], "size": [1.1, 6, 4.45], "inflate": -0.005, "pivot": [-4.23665, 26.21723, 0.225], "rotation": [0, 0, -15], "uv": [92, 88]},
						{"origin": [1.68665, 23.21723, -2.225], "size": [1.1, 6, 4.45], "inflate": -0.005, "pivot": [4.23665, 26.21723, 0.225], "rotation": [0, 0, 15], "uv": [16, 93]},
						{
							"origin": [1.94964, 30.54094, -2.3413],
							"size": [6.4, 0.65, 1.1],
							"pivot": [1.94964, 29.99094, -2.3413],
							"rotation": [-1.14335, 0.50423, 151.99479],
							"uv": {
								"north": {"uv": [36, 131], "uv_size": [-7, 1]},
								"east": {"uv": [36, 131], "uv_size": [-1, 1]},
								"south": {"uv": [29, 131], "uv_size": [7, 1]},
								"west": {"uv": [30, 131], "uv_size": [-1, 1]},
								"up": {"uv": [36, 131], "uv_size": [-7, 1]},
								"down": {"uv": [36, 132], "uv_size": [-7, -1]}
							}
						},
						{
							"origin": [1.94964, 29.99094, -2.3413],
							"size": [6.4, 0.55, 1.1],
							"pivot": [1.94964, 29.99094, -2.3413],
							"rotation": [-1.14335, 0.50423, 151.99479],
							"uv": {
								"north": {"uv": [37, 130], "uv_size": [-7, 1]},
								"east": {"uv": [37, 130], "uv_size": [-1, 1]},
								"south": {"uv": [30, 130], "uv_size": [7, 1]},
								"west": {"uv": [31, 130], "uv_size": [-1, 1]},
								"up": {"uv": [37, 130], "uv_size": [-7, 1]},
								"down": {"uv": [37, 131], "uv_size": [-7, -1]}
							}
						},
						{
							"origin": [-4.59964, 29.99094, -2.3163],
							"size": [2.65, 1.2, 1.1],
							"pivot": [-1.94964, 29.99094, -2.3163],
							"rotation": [-1.14335, -0.50423, -151.99479],
							"uv": {
								"north": {"uv": [82, 22], "uv_size": [3, 1]},
								"east": {"uv": [82, 22], "uv_size": [1, 1]},
								"south": {"uv": [85, 22], "uv_size": [-3, 1]},
								"west": {"uv": [84, 22], "uv_size": [1, 1]},
								"up": {"uv": [82, 22], "uv_size": [3, 1]},
								"down": {"uv": [82, 23], "uv_size": [3, -1]}
							}
						},
						{"origin": [1.94503, 28.85843, -2.349], "size": [3.2, 1.325, 4.625], "pivot": [4.12003, 28.60843, 0], "rotation": [0, 0, -79.75], "uv": [98, 59]},
						{"origin": [2.75042, 28.95851, -2.549], "size": [1, 1, 1], "pivot": [3.25042, 29.45851, -2.049], "rotation": [0, -40, -79.75], "uv": [108, 61]},
						{"origin": [-3.75042, 28.95851, -2.549], "size": [1, 1, 1], "pivot": [-3.25042, 29.45851, -2.049], "rotation": [0, 40, 79.75], "uv": [108, 59], "mirror": true},
						{"origin": [-0.47625, 26.9236, -2.35], "size": [4, 1.325, 4.625], "pivot": [3.52375, 26.9236, -2.35], "rotation": [0, 0, -87], "uv": [0, 87]},
						{
							"origin": [-1.17294, 24.09808, 2.73299],
							"size": [9, 2, 1],
							"pivot": [3.32706, 25.59808, 3.23299],
							"rotation": [-179.33715, 10.4711, -89.42209],
							"uv": {
								"north": {"uv": [20, 131], "uv_size": [9, 2]},
								"east": {"uv": [20, 131], "uv_size": [1, 2]},
								"south": {"uv": [29, 131], "uv_size": [-9, 2]},
								"west": {"uv": [28, 131], "uv_size": [1, 2]},
								"up": {"uv": [20, 131], "uv_size": [9, 1]},
								"down": {"uv": [20, 133], "uv_size": [9, -1]}
							}
						},
						{
							"origin": [-3.66264, 25.79879, 1.4],
							"size": [10, 1, 1],
							"pivot": [2.83736, 26.46129, 2.7125],
							"rotation": [90, 7.5, -94.5],
							"uv": {
								"north": {"uv": [20, 130], "uv_size": [10, 1]},
								"east": {"uv": [20, 130], "uv_size": [1, 1]},
								"south": {"uv": [30, 130], "uv_size": [-10, 1]},
								"west": {"uv": [29, 130], "uv_size": [1, 1]},
								"up": {"uv": [20, 130], "uv_size": [10, 1]},
								"down": {"uv": [20, 131], "uv_size": [10, -1]}
							}
						},
						{
							"origin": [-7.82706, 24.09808, 2.73299],
							"size": [9, 2, 1],
							"pivot": [-3.32706, 25.59808, 3.23299],
							"rotation": [-179.33715, -10.4711, 89.42209],
							"uv": {
								"north": {"uv": [29, 131], "uv_size": [-9, 2]},
								"east": {"uv": [29, 131], "uv_size": [-1, 2]},
								"south": {"uv": [20, 131], "uv_size": [9, 2]},
								"west": {"uv": [21, 131], "uv_size": [-1, 2]},
								"up": {"uv": [29, 131], "uv_size": [-9, 1]},
								"down": {"uv": [29, 133], "uv_size": [-9, -1]}
							}
						},
						{
							"origin": [-6.33736, 25.79879, 1.4],
							"size": [10, 1, 1],
							"pivot": [-2.83736, 26.46129, 2.7125],
							"rotation": [90, -7.5, 94.5],
							"uv": {
								"north": {"uv": [30, 130], "uv_size": [-10, 1]},
								"east": {"uv": [30, 130], "uv_size": [-1, 1]},
								"south": {"uv": [20, 130], "uv_size": [10, 1]},
								"west": {"uv": [21, 130], "uv_size": [-1, 1]},
								"up": {"uv": [30, 130], "uv_size": [-10, 1]},
								"down": {"uv": [30, 131], "uv_size": [-10, -1]}
							}
						},
						{"origin": [-3.52375, 26.9236, -2.35], "size": [4, 1.325, 4.625], "pivot": [-3.52375, 26.9236, -2.35], "rotation": [0, 0, 87], "uv": [0, 87], "mirror": true},
						{"origin": [-5.14503, 28.85843, -2.349], "size": [3.2, 1.325, 4.625], "pivot": [-4.12003, 28.60843, 0], "rotation": [0, 0, 79.75], "uv": [98, 64]}
					]
				},
				{
					"name": "AllHead",
					"parent": "UpperBody",
					"pivot": [0, 29.7, 0],
					"cubes": [
						{"origin": [-1.5, 29.8, -1.525], "size": [3, 2, 3], "uv": [100, 104]}
					]
				},
				{
					"name": "MHead",
					"parent": "AllHead",
					"pivot": [0, 30.7, 0]
				},
				{
					"name": "Head",
					"parent": "MHead",
					"pivot": [0, 30.7, 0],
					"cubes": [
						{"origin": [-3.5, 30.7, -3.5], "size": [7, 7, 7], "uv": [0, 0]}
					]
				},
				{
					"name": "Eyes",
					"parent": "Head",
					"pivot": [0, 32.7, 0]
				},
				{
					"name": "EyeBrow",
					"parent": "Eyes",
					"pivot": [0, 33.4, 0]
				},
				{
					"name": "RightEyebrow",
					"parent": "EyeBrow",
					"pivot": [-2.875, 33.55, -3.325],
					"cubes": [
						{"origin": [-4.375, 33.05, -4.025], "size": [1.1, 1, 1], "uv": [78, 15]},
						{"origin": [-3.275, 33.55, -3.825], "size": [2, 1, 1], "uv": [124, 51]}
					]
				},
				{
					"name": "LeftEyebrow",
					"parent": "EyeBrow",
					"pivot": [2.875, 33.55, -3.325],
					"cubes": [
						{"origin": [3.275, 33.05, -4.025], "size": [1.1, 1, 1], "uv": [110, 10]},
						{"origin": [1.275, 33.55, -3.825], "size": [2, 1, 1], "uv": [124, 51], "mirror": true}
					]
				},
				{
					"name": "Eyelid",
					"parent": "Eyes",
					"pivot": [0, 32.5, 0]
				},
				{
					"name": "RightEyelid",
					"parent": "Eyelid",
					"pivot": [-2.5, 32.2, -3.025],
					"cubes": [
						{"origin": [-3.4, 31.7, -3.51], "size": [2, 2, 1], "uv": [78, 85]}
					]
				},
				{
					"name": "RightEyelidBase",
					"parent": "RightEyelid",
					"pivot": [-2.325, 32.7, -3.025],
					"cubes": [
						{"origin": [-2.925, 31.7, -3.55], "size": [1.4, 2, 1], "uv": [126, 71]}
					]
				},
				{
					"name": "RightEyePublic",
					"parent": "RightEyelidBase",
					"pivot": [-2.225, 32.7, -2.86],
					"cubes": [
						{"origin": [-2.8, 31.95, -3.86], "size": [1.15, 1.5, 2], "inflate": -0.3, "uv": [112, 18]}
					]
				},
				{
					"name": "RightEyeDot",
					"parent": "RightEyelidBase",
					"pivot": [-5.95, 14.35, -3.55],
					"cubes": [
						{"origin": [-2.225, 32.8, -3.95], "size": [1.2, 1, 1], "inflate": -0.35, "uv": [110, 86]}
					]
				},
				{
					"name": "LeftEyelid",
					"parent": "Eyelid",
					"pivot": [2.5, 32.2, -3.025],
					"cubes": [
						{"origin": [1.4, 31.7, -3.51], "size": [2, 2, 1], "uv": [122, 0]}
					]
				},
				{
					"name": "LeftEyelidBase",
					"parent": "LeftEyelid",
					"pivot": [2.325, 32.7, -3.025],
					"cubes": [
						{"origin": [1.525, 31.7, -3.55], "size": [1.4, 2, 1], "uv": [126, 71]}
					]
				},
				{
					"name": "LeftEyePublic",
					"parent": "LeftEyelidBase",
					"pivot": [2.225, 32.7, -2.86],
					"cubes": [
						{"origin": [1.65, 31.95, -3.86], "size": [1.15, 1.5, 2], "inflate": -0.3, "uv": [112, 18]}
					]
				},
				{
					"name": "LeftEyeDot",
					"parent": "LeftEyelidBase",
					"pivot": [-1.225, 14.35, -3.55],
					"cubes": [
						{"origin": [2.275, 32.8, -3.95], "size": [1.2, 1, 1], "inflate": -0.35, "uv": [110, 86]}
					]
				},
				{
					"name": "Mouth",
					"parent": "Head",
					"pivot": [0, 31, -2]
				},
				{
					"name": "kongju",
					"parent": "Mouth",
					"pivot": [0.125, 31.2, -2.5125],
					"cubes": [
						{"origin": [-0.675, 30.675, -3.0125], "size": [1.4, 1.15, 2], "inflate": -0.5, "pivot": [0.125, 31.25, -2.5125], "rotation": [0, 0, -37.5], "uv": [12, 122]},
						{"origin": [-0.925, 30.975, -3.0125], "size": [1.4, 1.15, 2], "inflate": -0.5, "pivot": [0.15, 31.25, -2.5125], "rotation": [0, 0, -37.5], "uv": [12, 122]},
						{"origin": [-0.675, 30.45, -3.0125], "size": [1.35, 1.15, 2], "inflate": -0.5, "pivot": [0.125, 31.25, -2.5125], "rotation": [0, 0, 50], "uv": [12, 122]},
						{"origin": [-1.4603, 30.69994, -3.0125], "size": [1.4, 1.15, 2], "inflate": -0.5, "pivot": [-0.7353, 31.32494, -2.4625], "rotation": [0, 0, -42], "uv": [12, 122]},
						{"origin": [-1.15, 30.475, -3.0125], "size": [1.4, 1.15, 2], "inflate": -0.5, "pivot": [-0.275, 31.25, -2.5125], "rotation": [0, 0, 50], "uv": [12, 122]},
						{"origin": [0.0603, 30.69994, -3.0125], "size": [1.4, 1.15, 2], "inflate": -0.5, "pivot": [0.7353, 31.32494, -2.4625], "rotation": [0, 0, 42], "uv": [12, 122]},
						{"origin": [-0.25, 30.475, -3.0125], "size": [1.4, 1.15, 2], "inflate": -0.5, "pivot": [0.275, 31.25, -2.5125], "rotation": [0, 0, -50], "uv": [12, 122]},
						{"origin": [-0.475, 30.975, -3.0125], "size": [1.4, 1.15, 2], "inflate": -0.5, "pivot": [-0.15, 31.25, -2.5125], "rotation": [0, 0, 37.5], "uv": [12, 122]}
					]
				},
				{
					"name": "jingya",
					"parent": "Mouth",
					"pivot": [0.125, 31.7, -2.5125],
					"cubes": [
						{"origin": [-0.675, 30.975, -3.0125], "size": [1.4, 1.35, 2], "inflate": -0.5, "pivot": [0.125, 31.75, -2.5125], "rotation": [0, 0, -37.5], "uv": [12, 122]},
						{"origin": [-0.925, 31.1, -3.0125], "size": [1.4, 1.525, 2], "inflate": -0.5, "pivot": [0.15, 31.75, -2.5125], "rotation": [0, 0, -37.5], "uv": [12, 122]},
						{"origin": [-0.675, 30.95, -3.0125], "size": [1.35, 1.15, 2], "inflate": -0.5, "pivot": [0.125, 31.75, -2.5125], "rotation": [0, 0, 50], "uv": [12, 122]},
						{"origin": [-1.4603, 30.97494, -3.0125], "size": [1.4, 1.375, 2], "inflate": -0.5, "pivot": [-0.7353, 31.82494, -2.4625], "rotation": [0, 0, -42], "uv": [12, 122]},
						{"origin": [-2.1103, 30.39994, -3.0125], "size": [1.7, 2.075, 2], "inflate": -0.5, "pivot": [-0.7353, 31.82494, -2.4625], "rotation": [0, 0, -77], "uv": [66, 43]},
						{"origin": [0.4103, 30.34994, -3.0125], "size": [1.7, 2.125, 2], "inflate": -0.5, "pivot": [0.7353, 31.82494, -2.4625], "rotation": [0, 0, 77], "uv": [66, 43]},
						{"origin": [1.1103, 31.09994, -3.0125], "size": [1.2, 1.375, 2], "inflate": -0.5, "pivot": [0.7353, 31.82494, -2.4625], "rotation": [0, 0, 77], "uv": [12, 122]},
						{"origin": [1.1103, 30.72494, -3.0125], "size": [1.1, 1.375, 2], "inflate": -0.5, "pivot": [0.7353, 31.82494, -2.4625], "rotation": [0, 0, 77], "uv": [12, 122]},
						{"origin": [1.1103, 30.62494, -3.0125], "size": [1.1, 1.175, 2], "inflate": -0.5, "pivot": [0.7353, 31.82494, -2.4625], "rotation": [0, 0, 77], "uv": [12, 122]},
						{"origin": [-2.2103, 30.62494, -3.0125], "size": [1.1, 1.175, 2], "inflate": -0.5, "pivot": [-0.7353, 31.82494, -2.4625], "rotation": [0, 0, -77], "uv": [12, 122]},
						{"origin": [-2.2353, 30.77494, -3.0125], "size": [1.125, 1.325, 2], "inflate": -0.5, "pivot": [-0.7353, 31.82494, -2.4625], "rotation": [0, 0, -77], "uv": [12, 122]},
						{"origin": [-2.3103, 31.09994, -3.0125], "size": [1.2, 1.375, 2], "inflate": -0.5, "pivot": [-0.7353, 31.82494, -2.4625], "rotation": [0, 0, -77], "uv": [12, 122]},
						{"origin": [1.2353, 29.44994, -3.0125], "size": [1.1, 3.25, 2], "inflate": -0.5, "pivot": [0.7353, 31.82494, -2.4625], "rotation": [0, 0, 89.5], "uv": [26, 93]},
						{"origin": [-1.15, 30.975, -3.0125], "size": [1.4, 1.15, 2], "inflate": -0.5, "pivot": [-0.275, 31.75, -2.5125], "rotation": [0, 0, 50], "uv": [12, 122]},
						{"origin": [0.0603, 30.99994, -3.0125], "size": [1.4, 1.35, 2], "inflate": -0.5, "pivot": [0.7353, 31.82494, -2.4625], "rotation": [0, 0, 42], "uv": [12, 122]},
						{"origin": [-0.25, 30.975, -3.0125], "size": [1.4, 1.15, 2], "inflate": -0.5, "pivot": [0.275, 31.75, -2.5125], "rotation": [0, 0, -50], "uv": [12, 122]},
						{"origin": [-0.475, 31.25, -3.0125], "size": [1.4, 1.375, 2], "inflate": -0.5, "pivot": [-0.15, 31.75, -2.5125], "rotation": [0, 0, 37.5], "uv": [12, 122]}
					]
				},
				{
					"name": "xiao",
					"parent": "Mouth",
					"pivot": [0, 31.125, -2.5125],
					"cubes": [
						{"origin": [-1.4, 30.925, -3.0125], "size": [2.8, 1.1, 2], "inflate": -0.5, "uv": [72, 55]},
						{"origin": [-1.1, 30.3, -3.0125], "size": [2.2, 1.75, 2], "inflate": -0.5, "uv": [72, 55]}
					]
				},
				{
					"name": "bone23",
					"parent": "xiao",
					"pivot": [0.375, 31.7, -2.5125],
					"rotation": [0, 0, 8.25],
					"cubes": [
						{"origin": [-0.50695, 30.9531, -3.0125], "size": [1.925, 1.15, 2], "inflate": -0.5, "uv": [12, 122]}
					]
				},
				{
					"name": "bone24",
					"parent": "xiao",
					"pivot": [-0.375, 31.7, -2.5125],
					"rotation": [0, 0, -8.25],
					"cubes": [
						{"origin": [-1.41805, 30.9531, -3.0125], "size": [1.9, 1.15, 2], "inflate": -0.5, "uv": [12, 122]}
					]
				},
				{
					"name": "bone17",
					"parent": "xiao",
					"pivot": [-0.65, 31.375, -2.5125],
					"rotation": [0, 0, 65],
					"cubes": [
						{"origin": [-1.275, 30.675, -3.0125], "size": [1.675, 1.4, 2], "inflate": -0.5, "uv": [12, 122]}
					]
				},
				{
					"name": "bone18",
					"parent": "xiao",
					"pivot": [0.65, 31.375, -2.5125],
					"rotation": [0, 0, -65],
					"cubes": [
						{"origin": [-0.4, 30.675, -3.0125], "size": [1.675, 1.4, 2], "inflate": -0.5, "uv": [12, 122]}
					]
				},
				{
					"name": "weixiao",
					"parent": "Mouth",
					"pivot": [0, 31.2, -2.5125],
					"cubes": [
						{"origin": [-0.5625, 30.53912, -3.0125], "size": [1.125, 1.125, 2], "inflate": -0.5, "uv": [12, 122]},
						{"origin": [-0.75173, 30.56738, -3.0125], "size": [1.25, 1.125, 2], "inflate": -0.5, "pivot": [-0.07673, 31.14238, -2.5125], "rotation": [0, 0, 32], "uv": [12, 122]},
						{"origin": [-0.49827, 30.56738, -3.0125], "size": [1.25, 1.125, 2], "inflate": -0.5, "pivot": [0.07673, 31.14238, -2.5125], "rotation": [0, 0, -32], "uv": [12, 122]}
					]
				},
				{
					"name": "Hair",
					"parent": "Head",
					"pivot": [0, 13.7, 0]
				},
				{
					"name": "BaseHair",
					"parent": "Hair",
					"pivot": [0, 35, 4.7],
					"cubes": [
						{"origin": [-4, 31, 3.2], "size": [8, 7, 1], "uv": [74, 23]},
						{"origin": [3.075, 38.65, -2.6], "size": [1, 1, 5], "uv": [100, 98]},
						{"origin": [-3.925, 38.65, -2.6], "size": [1, 1, 5], "uv": [40, 101]},
						{"origin": [2.075, 39.65, -1.6], "size": [1, 1, 3], "uv": [94, 116]},
						{"origin": [-2.925, 39.65, -1.6], "size": [1, 1, 3], "uv": [102, 116]},
						{"origin": [-1.925, 39.65, -2.6], "size": [4, 1, 5], "uv": [80, 0]},
						{"origin": [-4, 37.95, -3.8], "size": [8, 1, 8], "uv": [0, 14]},
						{"origin": [-2.925, 38.65, -3.6], "size": [6, 1, 7], "uv": [52, 35]},
						{"origin": [3.36251, 31.2774, -3.26857], "size": [1.025, 3, 1], "pivot": [4.25368, 34.38583, -2.46186], "rotation": [4.3956, -1.0175, 2.4819], "uv": [0, 125]},
						{"origin": [3.32618, 34.20933, -3.29357], "size": [1.025, 2, 1], "pivot": [4.25368, 34.38583, -2.46186], "rotation": [4.4905, -0.4356, -4.9962], "uv": [126, 74]},
						{"origin": [4.975, 33.8, -0.975], "size": [1, 3, 1], "pivot": [4.975, 35.3, -0.475], "rotation": [0, 0, -45], "uv": [4, 125]},
						{"origin": [4.475, 32.95, 0.19], "size": [1, 5, 1], "uv": [28, 120]},
						{"origin": [4.475, 31.95, 1.19], "size": [1, 6, 2], "uv": [112, 59]},
						{"origin": [4.68396, 30.60021, 1.79818], "size": [2, 6, 1], "pivot": [5.68396, 33.60021, 2.29818], "rotation": [78.55326, 79.78573, 71.63866], "uv": [114, 86]},
						{"origin": [3.82092, 30.75011, 2.82687], "size": [2, 6, 1], "pivot": [5.24592, 33.75011, 3.60187], "rotation": [11.28215, 50.1589, 7.28344], "uv": [32, 115]},
						{"origin": [3.475, 31, -1.75], "size": [1, 1, 5], "uv": [52, 101]},
						{"origin": [3.975, 31.949, -2.8], "size": [1, 7, 6], "uv": [38, 68]},
						{"origin": [-6.68396, 30.60021, 1.79818], "size": [2, 6, 1], "pivot": [-5.68396, 33.60021, 2.29818], "rotation": [78.55326, -79.78573, -71.63866], "uv": [38, 115]},
						{"origin": [-5.82092, 30.75011, 2.82687], "size": [2, 6, 1], "pivot": [-5.24592, 33.75011, 3.60187], "rotation": [11.28215, -50.1589, -7.28344], "uv": [44, 115]},
						{"origin": [-4.475, 31, -1.75], "size": [1, 1, 5], "uv": [76, 101]},
						{"origin": [-4.38751, 31.2774, -3.26857], "size": [1.025, 3, 1], "pivot": [-4.25368, 34.38583, -2.46186], "rotation": [4.3956, 1.0175, -2.4819], "uv": [8, 125]},
						{"origin": [-4.35118, 34.20933, -3.29357], "size": [1.025, 2, 1], "pivot": [-4.25368, 34.38583, -2.46186], "rotation": [4.4905, 0.4356, 4.9962], "uv": [126, 84]},
						{"origin": [-5.975, 33.8, -0.975], "size": [1, 3, 1], "pivot": [-4.975, 35.3, -0.475], "rotation": [0, 0, 45], "uv": [12, 125]},
						{"origin": [-5.475, 32.95, 0.19], "size": [1, 5, 1], "uv": [104, 120]},
						{"origin": [-5.475, 31.95, 1.19], "size": [1, 6, 2], "uv": [112, 94]},
						{"origin": [-4.975, 31.949, -2.8], "size": [1, 7, 6], "uv": [52, 68]},
						{"origin": [-3, 32, 4.4], "size": [6, 6, 1], "pivot": [0, 35, 4.7], "rotation": [5, 0, 0], "uv": [50, 88]},
						{"origin": [-3.5, 28.43393, 8.17985], "size": [7, 6, 1], "pivot": [0.325, 13.16866, 3.78289], "rotation": [10, 0, 0], "uv": [50, 81]},
						{"origin": [-4.5, 29.43393, 7.57985], "size": [3, 7, 1], "pivot": [0.325, 13.16866, 3.78289], "rotation": [10, 0, 0], "uv": [106, 32]},
						{"origin": [1.5, 29.43393, 7.57985], "size": [3, 7, 1], "pivot": [0.325, 13.16866, 3.78289], "rotation": [10, 0, 0], "uv": [106, 40]}
					]
				},
				{
					"name": "BaseHair2",
					"parent": "BaseHair",
					"pivot": [0, 40.05766, -3.57079],
					"rotation": [-12.5, 0, 0],
					"cubes": [
						{
							"origin": [-1, 38.45686, -4.46029],
							"size": [2, 4, 1],
							"uv": {
								"north": {"uv": [48, 129], "uv_size": [2, 4]},
								"east": {"uv": [48, 129], "uv_size": [1, 4]},
								"south": {"uv": [50, 129], "uv_size": [-2, 4]},
								"west": {"uv": [49, 129], "uv_size": [1, 4]},
								"up": {"uv": [48, 129], "uv_size": [2, 1]},
								"down": {"uv": [48, 133], "uv_size": [2, -1]}
							}
						},
						{
							"origin": [0.87083, 38.45686, -4.58291],
							"size": [2, 3, 1],
							"pivot": [0, 40.24369, -3.53622],
							"rotation": [0, -7.5, 0],
							"uv": {
								"north": {"uv": [50, 130], "uv_size": [2, 3]},
								"east": {"uv": [50, 130], "uv_size": [1, 3]},
								"south": {"uv": [52, 130], "uv_size": [-2, 3]},
								"west": {"uv": [51, 130], "uv_size": [1, 3]},
								"up": {"uv": [50, 130], "uv_size": [2, 1]},
								"down": {"uv": [50, 133], "uv_size": [2, -1]}
							}
						},
						{
							"origin": [2.42321, 38.45686, -5.39774],
							"size": [1, 2, 1],
							"pivot": [0, 40.24369, -3.53622],
							"rotation": [0, -25, 0],
							"uv": {
								"north": {"uv": [52, 131], "uv_size": [1, 2]},
								"east": {"uv": [52, 131], "uv_size": [1, 2]},
								"south": {"uv": [53, 131], "uv_size": [-1, 2]},
								"west": {"uv": [52, 131], "uv_size": [1, 2]},
								"up": {"uv": [52, 131], "uv_size": [1, 1]},
								"down": {"uv": [52, 133], "uv_size": [1, -1]}
							}
						},
						{
							"origin": [3.42321, 38.45686, -5.39774],
							"size": [1, 1, 1],
							"pivot": [0, 40.24369, -3.53622],
							"rotation": [0, -25, 0],
							"uv": {
								"north": {"uv": [53, 132], "uv_size": [1, 1]},
								"east": {"uv": [53, 132], "uv_size": [1, 1]},
								"south": {"uv": [54, 132], "uv_size": [-1, 1]},
								"west": {"uv": [53, 132], "uv_size": [1, 1]},
								"up": {"uv": [53, 132], "uv_size": [1, 1]},
								"down": {"uv": [53, 133], "uv_size": [1, -1]}
							}
						},
						{
							"origin": [-4.42321, 38.45686, -5.39774],
							"size": [1, 1, 1],
							"pivot": [0, 40.24369, -3.53622],
							"rotation": [0, 25, 0],
							"uv": {
								"north": {"uv": [45, 132], "uv_size": [-1, 1]},
								"east": {"uv": [45, 132], "uv_size": [-1, 1]},
								"south": {"uv": [44, 132], "uv_size": [1, 1]},
								"west": {"uv": [45, 132], "uv_size": [-1, 1]},
								"up": {"uv": [45, 132], "uv_size": [-1, 1]},
								"down": {"uv": [45, 133], "uv_size": [-1, -1]}
							}
						},
						{
							"origin": [-3.42321, 38.45686, -5.39774],
							"size": [1, 2, 1],
							"pivot": [0, 40.24369, -3.53622],
							"rotation": [0, 25, 0],
							"uv": {
								"north": {"uv": [46, 131], "uv_size": [-1, 2]},
								"east": {"uv": [46, 131], "uv_size": [-1, 2]},
								"south": {"uv": [45, 131], "uv_size": [1, 2]},
								"west": {"uv": [46, 131], "uv_size": [-1, 2]},
								"up": {"uv": [46, 131], "uv_size": [-1, 1]},
								"down": {"uv": [46, 133], "uv_size": [-1, -1]}
							}
						},
						{
							"origin": [-2.87083, 38.45686, -4.58291],
							"size": [2, 3, 1],
							"pivot": [0, 40.24369, -3.53622],
							"rotation": [0, 7.5, 0],
							"uv": {
								"north": {"uv": [48, 130], "uv_size": [-2, 3]},
								"east": {"uv": [48, 130], "uv_size": [-1, 3]},
								"south": {"uv": [46, 130], "uv_size": [2, 3]},
								"west": {"uv": [47, 130], "uv_size": [-1, 3]},
								"up": {"uv": [48, 130], "uv_size": [-2, 1]},
								"down": {"uv": [48, 133], "uv_size": [-2, -1]}
							}
						},
						{
							"origin": [-2.42083, 39.99606, -4.44743],
							"size": [1, 2.225, 1],
							"pivot": [0, 40.24369, -3.53622],
							"rotation": [-7.1385, 0.25655, 117.44229],
							"uv": {
								"north": {"uv": [52, 129], "uv_size": [1, 2]},
								"east": {"uv": [52, 129], "uv_size": [1, 2]},
								"south": {"uv": [53, 129], "uv_size": [-1, 2]},
								"west": {"uv": [52, 129], "uv_size": [1, 2]},
								"up": {"uv": [52, 129], "uv_size": [1, 1]},
								"down": {"uv": [52, 131], "uv_size": [1, -1]}
							}
						},
						{
							"origin": [-2.91333, 41.08791, -4.8046],
							"size": [1, 2.825, 1],
							"pivot": [0, 40.24369, -3.53622],
							"rotation": [-17.55775, 5.65275, 136.22757],
							"uv": {
								"north": {"uv": [53, 130], "uv_size": [1, 2]},
								"east": {"uv": [53, 130], "uv_size": [1, 2]},
								"south": {"uv": [54, 130], "uv_size": [-1, 2]},
								"west": {"uv": [53, 130], "uv_size": [1, 2]},
								"up": {"uv": [53, 130], "uv_size": [1, 1]},
								"down": {"uv": [53, 132], "uv_size": [1, -1]}
							}
						},
						{
							"origin": [1.91333, 41.08791, -4.8046],
							"size": [1, 2.825, 1],
							"pivot": [0, 40.24369, -3.53622],
							"rotation": [-17.55775, -5.65275, -136.22757],
							"uv": {
								"north": {"uv": [54, 130], "uv_size": [-1, 2]},
								"east": {"uv": [54, 130], "uv_size": [-1, 2]},
								"south": {"uv": [53, 130], "uv_size": [1, 2]},
								"west": {"uv": [54, 130], "uv_size": [-1, 2]},
								"up": {"uv": [54, 130], "uv_size": [-1, 1]},
								"down": {"uv": [54, 132], "uv_size": [-1, -1]}
							}
						},
						{
							"origin": [1.42083, 39.99606, -4.44743],
							"size": [1, 2.225, 1],
							"pivot": [0, 40.24369, -3.53622],
							"rotation": [-7.1385, -0.25655, -117.44229],
							"uv": {
								"north": {"uv": [53, 129], "uv_size": [-1, 2]},
								"east": {"uv": [53, 129], "uv_size": [-1, 2]},
								"south": {"uv": [52, 129], "uv_size": [1, 2]},
								"west": {"uv": [53, 129], "uv_size": [-1, 2]},
								"up": {"uv": [53, 129], "uv_size": [-1, 1]},
								"down": {"uv": [53, 131], "uv_size": [-1, -1]}
							}
						}
					]
				},
				{
					"name": "bone5",
					"parent": "BaseHair",
					"pivot": [0, 13.7, 0],
					"cubes": [
						{"origin": [-3.33411, 34.21791, -4.925], "size": [1, 3, 1], "pivot": [-2.2341, 36.0179, -4.425], "rotation": [0, 0, 11], "uv": [22, 125]},
						{"origin": [-2.3341, 34.8179, -4.925], "size": [1, 3, 1], "pivot": [-2.2341, 36.0179, -4.425], "rotation": [0, 0, 11], "uv": [32, 125]},
						{"origin": [1.21668, 34.79031, -4.875], "size": [1, 3, 1], "pivot": [2.21668, 36.04031, -4.375], "rotation": [0, 0, -17.75], "uv": [42, 125]},
						{"origin": [2.21668, 33.79031, -4.875], "size": [1, 4, 1], "pivot": [2.21668, 36.04031, -4.375], "rotation": [0, 0, -17.75], "uv": [18, 122]},
						{"origin": [-3.5, 35.325, -4.375], "size": [1, 3, 1], "uv": [46, 125]},
						{"origin": [2.625, 34.2, -4.35], "size": [1, 4, 1], "pivot": [3, 36.325, -4], "rotation": [0, 0, -7.5], "uv": [122, 31]},
						{"origin": [3.3875, 34.225, -4], "size": [1, 4, 3], "pivot": [3.8875, 36.225, -2.5], "rotation": [0, 0, -6], "uv": [58, 108]},
						{"origin": [-4.3375, 34.225, -3.95], "size": [1, 4, 3], "uv": [66, 108]},
						{"origin": [-2.495, 35.425, -4.55], "size": [1, 3, 1], "uv": [50, 125]},
						{"origin": [-1.5, 36.425, -4.55], "size": [3, 2, 1], "uv": [118, 22]},
						{"origin": [1.499, 35.425, -4.55], "size": [1, 3, 1], "uv": [54, 125]}
					]
				},
				{
					"name": "MRightSideHair",
					"parent": "Hair",
					"pivot": [-4.34992, 37.12766, -2.06992]
				},
				{
					"name": "RightSideHair",
					"parent": "MRightSideHair",
					"pivot": [-4.34992, 37.12766, -2.06992],
					"cubes": [
						{"origin": [-5.57036, 31.32171, -3.85837], "size": [1.025, 1, 1], "pivot": [-5.06106, 32.52124, -3.12087], "rotation": [-6.7075, -0.9015, 2.5659], "uv": [14, 116]},
						{"origin": [-5.58228, 32.22105, -3.88337], "size": [1.025, 2, 2], "pivot": [-5.06106, 32.52124, -3.12087], "rotation": [-6.7403, -0.6087, 5.0489], "uv": [34, 103]},
						{"origin": [-5.69014, 34.00954, -3.79832], "size": [1.025, 3, 2], "pivot": [-4.65442, 33.21796, -3.06615], "rotation": [-6.7438, 0.5682, 14.9796], "uv": [118, 59]},
						{"origin": [-5.217, 29.38561, -2.85296], "size": [1.025, 2, 2], "pivot": [-4.57891, 30.87682, -2.09271], "rotation": [-1.6634, -0.7653, -7.4949], "uv": [120, 89]},
						{"origin": [-5.25693, 28.49251, -2.82796], "size": [1.025, 1, 1], "pivot": [-4.57891, 30.87682, -2.09271], "rotation": [-1.6285, -0.8371, -9.9942], "uv": [22, 118]},
						{"origin": [-5.31073, 31.25463, -2.85758], "size": [1.025, 4, 2], "pivot": [-4.57891, 30.87682, -2.09271], "rotation": [-1.771, -0.4648, 2.5011], "uv": [44, 89]},
						{"origin": [-4.25091, 27.46335, -2.99042], "size": [1.025, 3, 1], "pivot": [-3.66828, 30.14871, -2.50292], "rotation": [-4.0441, -0.8952, -9.5395], "uv": [58, 125]},
						{"origin": [-4.26597, 30.33308, -3.01542], "size": [1.025, 2, 1], "pivot": [-3.66828, 30.14871, -2.50292], "rotation": [-4.1262, -0.3602, -2.0582], "uv": [126, 87]},
						{"origin": [-4.48374, 30.01922, -3.87663], "size": [1.025, 3, 1], "pivot": [-4.34992, 33.12766, -3.06992], "rotation": [-6.666, -1.007, -2.4335], "uv": [62, 125]},
						{"origin": [-4.44742, 32.95116, -3.90163], "size": [1.025, 2, 1], "pivot": [-4.34992, 33.12766, -3.06992], "rotation": [-6.74, -0.1303, 5.0155], "uv": [126, 90]}
					]
				},
				{
					"name": "MLeftSideHair",
					"parent": "Hair",
					"pivot": [4.34992, 37.12766, -2.06992]
				},
				{
					"name": "LeftSideHair",
					"parent": "MLeftSideHair",
					"pivot": [4.34992, 37.12766, -2.06992],
					"cubes": [
						{"origin": [4.66514, 34.00954, -3.79832], "size": [1.025, 3, 2], "pivot": [4.65442, 33.21796, -3.06615], "rotation": [-6.7438, -0.5682, -14.9796], "uv": [118, 64]},
						{"origin": [4.54536, 31.32171, -3.85837], "size": [1.025, 1, 1], "pivot": [5.06106, 32.52124, -3.12087], "rotation": [-6.7075, 0.9015, -2.5659], "uv": [126, 77]},
						{"origin": [4.55728, 32.22105, -3.88337], "size": [1.025, 2, 2], "pivot": [5.06106, 32.52124, -3.12087], "rotation": [-6.7403, 0.6087, -5.0489], "uv": [108, 120]},
						{"origin": [4.2244, 28.42015, -3.24617], "size": [1.025, 2, 2], "pivot": [4.6113, 29.91135, -2.48592], "rotation": [-4.661, 0.8928, 7.4516], "uv": [114, 120]},
						{"origin": [4.26432, 27.52705, -3.22117], "size": [1.025, 1, 1], "pivot": [4.6113, 29.91135, -2.48592], "rotation": [-4.6178, 1.0951, 9.9438], "uv": [128, 6]},
						{"origin": [4.31812, 30.28917, -3.25078], "size": [1.025, 5, 2], "pivot": [4.6113, 29.91135, -2.48592], "rotation": [-4.7451, 0.0709, -2.515], "uv": [50, 115]},
						{"origin": [3.26028, 26.52037, -3.42521], "size": [1.025, 3, 1], "pivot": [3.70265, 29.20573, -2.93771], "rotation": [-7.0354, 1.1295, 9.4867], "uv": [66, 125]},
						{"origin": [3.27534, 29.39011, -3.45021], "size": [1.025, 2, 1], "pivot": [3.70265, 29.20573, -2.93771], "rotation": [-7.1222, 0.2039, 2.0435], "uv": [126, 93]},
						{"origin": [3.45874, 30.01922, -3.87663], "size": [1.025, 3, 1], "pivot": [4.34992, 33.12766, -3.06992], "rotation": [-6.666, 1.007, 2.4335], "uv": [70, 125]},
						{"origin": [3.42242, 32.95116, -3.90163], "size": [1.025, 2, 1], "pivot": [4.34992, 33.12766, -3.06992], "rotation": [-6.74, 0.1303, -5.0155], "uv": [126, 96]}
					]
				},
				{
					"name": "MBangs",
					"parent": "Hair",
					"pivot": [0, 37.61244, -4.05233]
				},
				{
					"name": "Bangs",
					"parent": "MBangs",
					"pivot": [0, 37.61244, -4.05233],
					"cubes": [
						{"origin": [-1, 35.01879, -5.05528], "size": [2, 2, 1], "pivot": [0, 36.51879, -4.55528], "rotation": [-7.5, 0, 0], "uv": [32, 122]},
						{"origin": [-1, 37.01879, -5.05528], "size": [2, 1, 1], "pivot": [0, 36.51879, -4.55528], "rotation": [-7.5, 0, 0], "uv": [124, 82]},
						{"origin": [-1.98767, 34.04147, -5.04634], "size": [1, 2.05, 1.05], "pivot": [-2, 37.01778, -4.5148], "rotation": [-7.3983, -1.2344, -9.4202], "uv": [126, 99]},
						{"origin": [-1.73303, 36.03066, -5.0263], "size": [1, 2.05, 1.05], "pivot": [-1.22264, 36.98168, -4.54477], "rotation": [-7.4278, 1.0409, 7.9324], "uv": [126, 102]},
						{"origin": [0.63177, 34.16156, -5.23683], "size": [1, 2.05, 1.05], "pivot": [1.13177, 35.18656, -4.68683], "rotation": [-7.3379, 1.5551, 11.9003], "uv": [104, 126]},
						{"origin": [0.92508, 32.75671, -5.29821], "size": [1, 2.05, 1.05], "pivot": [0.94465, 34.31702, -4.82652], "rotation": [3.7092, 6.5231, 119.7114], "uv": [126, 105]},
						{"origin": [-1.19461, 34.41162, -5.23815], "size": [2, 2, 1.05], "pivot": [-0.44461, 34.98662, -4.71315], "rotation": [-4.1013, 6.2847, 56.7747], "uv": [122, 36]},
						{"origin": [0.85287, 36.01234, -5.13983], "size": [1, 2.05, 1.05], "pivot": [1.19764, 36.11244, -4.55233], "rotation": [-7.4659, -0.7168, -5.4532], "uv": [126, 108]}
					]
				},
				{
					"name": "FLongHair",
					"parent": "Hair",
					"pivot": [0, 29.66069, 5.17354]
				},
				{
					"name": "MLongHair",
					"parent": "FLongHair",
					"pivot": [0, 29.66069, 5.17354]
				},
				{
					"name": "LongHair",
					"parent": "MLongHair",
					"pivot": [0, 29.66069, 5.17354],
					"cubes": [
						{"origin": [-4.98945, 24.93824, 5.37907], "size": [2, 6, 1], "pivot": [-3.5, 27.99809, 5.53439], "rotation": [9.8511, -1.7279, 9.8511], "uv": [56, 115]},
						{"origin": [2.98945, 24.93824, 5.37907], "size": [2, 6, 1], "pivot": [3.5, 27.99809, 5.53439], "rotation": [9.8511, 1.7279, -9.8511], "uv": [62, 115]},
						{"origin": [-4, 24.45435, 8.79809], "size": [8, 6, 1], "pivot": [-0.175, 8.27935, 4.84809], "rotation": [10, 0, 0], "uv": [66, 78]}
					]
				},
				{
					"name": "LongHair2",
					"parent": "LongHair",
					"pivot": [0, 25.20952, 5.93164],
					"rotation": [10, 0, 0],
					"cubes": [
						{"origin": [-5.5, 19.45952, 5.84831], "size": [3, 6, 1], "uv": [10, 109]},
						{"origin": [2.5, 19.45952, 5.84831], "size": [3, 6, 1], "uv": [94, 109]},
						{"origin": [-4.5, 18.45952, 5.92331], "size": [9, 7, 1], "uv": [0, 64]}
					]
				},
				{
					"name": "FLongRightHair",
					"parent": "Hair",
					"pivot": [-4.78569, 30.74251, 3.67508]
				},
				{
					"name": "MLongRightHair",
					"parent": "FLongRightHair",
					"pivot": [-4.78569, 30.74251, 3.67508]
				},
				{
					"name": "LongRightHair",
					"parent": "MLongRightHair",
					"pivot": [-4.78569, 30.74251, 3.67508],
					"rotation": [0, -50, 0],
					"cubes": [
						{"origin": [-10.33702, 20.53615, 4.82039], "size": [1, 4, 1], "pivot": [7.03352, 11.99348, 2.65206], "rotation": [4.4438, -3.3789, 12.6228], "uv": [38, 122], "mirror": true},
						{"origin": [-7.13181, 25.11912, 7.4656], "size": [3, 5, 1], "pivot": [10.23519, 14.61334, 4.93019], "rotation": [12.422, -2.1254, 2.6901], "uv": [112, 102], "mirror": true},
						{"origin": [-7.30144, 27.95953, 2.6305], "size": [2, 5, 1], "pivot": [-6.30144, 30.38453, 3.2055], "rotation": [9.9642, -10.9616, 0.7209], "uv": [58, 95], "mirror": true}
					]
				},
				{
					"name": "LongRightHair2",
					"parent": "LongRightHair",
					"pivot": [-4.35337, 26.14251, 4.56001],
					"cubes": [
						{"origin": [-5.64806, 23.86965, 5.17132], "size": [3, 7, 1], "pivot": [-4.1081, 24.30419, 5.30863], "rotation": [31.8543, -4.986, -8.639], "uv": [34, 107], "mirror": true},
						{"origin": [-7.54213, 20.89904, 11.95253], "size": [2, 5, 1], "pivot": [9.06994, 13.35945, 8.58716], "rotation": [25.9708, -8.4232, 2.6564], "uv": [68, 115], "mirror": true},
						{"origin": [-4.66113, 20.74972, 4.87061], "size": [2, 4, 1], "pivot": [-4.1081, 24.30419, 5.30863], "rotation": [24.3761, -4.3613, -7.9988], "uv": [118, 79], "mirror": true}
					]
				},
				{
					"name": "FLongLeftHair",
					"parent": "Hair",
					"pivot": [4.78569, 30.74251, 3.67508]
				},
				{
					"name": "MLongLeftHair",
					"parent": "FLongLeftHair",
					"pivot": [4.78569, 30.74251, 3.67508]
				},
				{
					"name": "LongLeftHair",
					"parent": "MLongLeftHair",
					"pivot": [4.78569, 30.74251, 3.67508],
					"rotation": [0, 50, 0],
					"cubes": [
						{"origin": [9.33702, 20.53615, 4.82039], "size": [1, 4, 1], "pivot": [-7.03352, 11.99348, 2.65206], "rotation": [4.4438, 3.3789, -12.6228], "uv": [38, 122]},
						{"origin": [4.13181, 25.11912, 7.4656], "size": [3, 5, 1], "pivot": [-10.23519, 14.61334, 4.93019], "rotation": [12.422, 2.1254, -2.6901], "uv": [112, 102]},
						{"origin": [5.30144, 27.95953, 2.6305], "size": [2, 5, 1], "pivot": [6.30144, 30.38453, 3.2055], "rotation": [9.9642, 10.9616, -0.7209], "uv": [58, 95]}
					]
				},
				{
					"name": "LongLeftHair2",
					"parent": "LongLeftHair",
					"pivot": [4.35337, 26.14251, 4.56001],
					"cubes": [
						{"origin": [2.64806, 23.86965, 5.17132], "size": [3, 7, 1], "pivot": [4.1081, 24.30419, 5.30863], "rotation": [31.8543, 4.986, 8.639], "uv": [34, 107]},
						{"origin": [5.54213, 20.89904, 11.95253], "size": [2, 5, 1], "pivot": [-9.06994, 13.35945, 8.58716], "rotation": [25.9708, 8.4232, -2.6564], "uv": [68, 115]},
						{"origin": [2.66113, 20.74972, 4.87061], "size": [2, 4, 1], "pivot": [4.1081, 24.30419, 5.30863], "rotation": [24.3761, 4.3613, 7.9988], "uv": [118, 79]}
					]
				},
				{
					"name": "Ear",
					"parent": "Head",
					"pivot": [-3.37089, 37.87854, -2.16927]
				},
				{
					"name": "Left_ear",
					"parent": "Ear",
					"pivot": [4.01518, 40.05579, -1.67616],
					"rotation": [175.69557, -4.83533, 115.5836],
					"cubes": [
						{"origin": [3.36634, 38.77878, -3.60052], "size": [1.275, 1.1, 4], "pivot": [4.09482, 39.71803, -2.58048], "rotation": [167.74077, 73.80435, -175.38615], "uv": [108, 21]},
						{"origin": [3.91829, 38.7432, -4.63325], "size": [1, 1.825, 5.475], "pivot": [4.58079, 39.6557, -1.89575], "rotation": [-86.70212, 73.36645, -75.83743], "uv": [0, 102]},
						{"origin": [3.61542, 39.20764, -3.85887], "size": [1.075, 1.1, 3.3], "pivot": [4.09482, 39.71803, -2.58048], "rotation": [-166.74452, 71.99091, -172.37418], "uv": [110, 116]},
						{"origin": [3.52678, 40.06719, -5.70836], "size": [1.275, 1, 5], "pivot": [4.09482, 39.71803, -2.58048], "rotation": [-143.81694, 77.13966, -158.67571], "uv": [64, 102]},
						{"origin": [2.93284, 40.56748, -5.24641], "size": [1.225, 1, 6.1], "pivot": [3.80976, 41.23833, -1.14608], "rotation": [16.63468, 75.49552, -5.60289], "uv": [78, 88]},
						{"origin": [2.99928, 38.32731, -4.96289], "size": [1.225, 1, 7.1], "pivot": [3.46178, 38.82731, -1.91289], "rotation": [-101.39567, 77.64667, -84.65604], "uv": [34, 81]},
						{"origin": [2.71693, 40.8268, -4.08128], "size": [1.025, 1, 3.1], "pivot": [3.02943, 41.3268, -1.53128], "rotation": [69.21155, 85.93231, 34.98354], "uv": [14, 118]},
						{"origin": [4.32509, 41.43935, -3.40141], "size": [1.025, 1, 3.1], "pivot": [4.83759, 41.93935, -1.65141], "rotation": [129.16826, 86.34408, 115.01883], "uv": [118, 18]},
						{"origin": [4.38007, 38.5248, -1.34688], "size": [1, 2, 1], "pivot": [4.38007, 39.7248, -0.84688], "rotation": [9.98663, -0.52069, -109.54549], "uv": [126, 111]},
						{"origin": [4.49198, 39.1065, -1.01625], "size": [1, 2, 1], "pivot": [4.99198, 40.1065, -0.51625], "rotation": [-4.5877, 1.89227, 46.84607], "uv": [126, 114]},
						{"origin": [1.67698, 35.83363, -1.73707], "size": [3.2, 6, 1], "pivot": [5.24904, 38.53285, -0.66214], "rotation": [5.89276, -9.10941, 53.93983], "uv": [102, 109]}
					]
				},
				{
					"name": "Right_ear",
					"parent": "Ear",
					"pivot": [-4.01518, 40.05579, -1.67616],
					"rotation": [175.69557, 4.83533, -115.5836],
					"cubes": [
						{"origin": [-4.64134, 38.77878, -3.60052], "size": [1.275, 1.1, 4], "pivot": [-4.09482, 39.71803, -2.58048], "rotation": [167.74077, -73.80435, 175.38615], "uv": [108, 21], "mirror": true},
						{"origin": [-4.91829, 38.7432, -4.63325], "size": [1, 1.825, 5.475], "pivot": [-4.58079, 39.6557, -1.89575], "rotation": [-86.70212, -73.36645, 75.83743], "uv": [0, 102], "mirror": true},
						{"origin": [-4.69042, 39.20764, -3.85887], "size": [1.075, 1.1, 3.3], "pivot": [-4.09482, 39.71803, -2.58048], "rotation": [-166.74452, -71.99091, 172.37418], "uv": [110, 116], "mirror": true},
						{"origin": [-4.80178, 40.06719, -5.70836], "size": [1.275, 1, 5], "pivot": [-4.09482, 39.71803, -2.58048], "rotation": [-143.81694, -77.13966, 158.67571], "uv": [64, 102], "mirror": true},
						{"origin": [-4.15784, 40.56748, -5.24641], "size": [1.225, 1, 6.1], "pivot": [-3.80976, 41.23833, -1.14608], "rotation": [16.63468, -75.49552, 5.60289], "uv": [78, 88], "mirror": true},
						{"origin": [-4.22428, 38.32731, -4.96289], "size": [1.225, 1, 7.1], "pivot": [-3.46178, 38.82731, -1.91289], "rotation": [-101.39567, -77.64667, 84.65604], "uv": [34, 81], "mirror": true},
						{"origin": [-3.74193, 40.8268, -4.08128], "size": [1.025, 1, 3.1], "pivot": [-3.02943, 41.3268, -1.53128], "rotation": [69.21155, -85.93231, -34.98354], "uv": [14, 118], "mirror": true},
						{"origin": [-5.35009, 41.43935, -3.40141], "size": [1.025, 1, 3.1], "pivot": [-4.83759, 41.93935, -1.65141], "rotation": [129.16826, -86.34408, -115.01883], "uv": [118, 18], "mirror": true},
						{"origin": [-5.38007, 38.5248, -1.34688], "size": [1, 2, 1], "pivot": [-4.38007, 39.7248, -0.84688], "rotation": [9.98663, 0.52069, 109.54549], "uv": [126, 111], "mirror": true},
						{"origin": [-5.49198, 39.1065, -1.01625], "size": [1, 2, 1], "pivot": [-4.99198, 40.1065, -0.51625], "rotation": [-4.5877, -1.89227, -46.84607], "uv": [126, 114], "mirror": true},
						{"origin": [-4.87698, 35.83363, -1.73707], "size": [3.2, 6, 1], "pivot": [-5.24904, 38.53285, -0.66214], "rotation": [5.89276, 9.10941, -53.93983], "uv": [102, 109], "mirror": true}
					]
				},
				{
					"name": "LeftShoulderLocator",
					"parent": "Head",
					"pivot": [3, 40.7, 0]
				},
				{
					"name": "RightShoulderLocator",
					"parent": "Head",
					"pivot": [-3, 40.7, 0]
				},
				{
					"name": "Arm",
					"parent": "UpperBody",
					"pivot": [-0.2, 28.1, 0]
				},
				{
					"name": "LeftArm",
					"parent": "Arm",
					"pivot": [3.25, 28.1, 0],
					"rotation": [0, 0, -18],
					"cubes": [
						{"origin": [1.95, 22.15, -1.6], "size": [3.05, 7, 3.2], "uv": [84, 78]},
						{
							"origin": [1.525, 24.775, 0.725],
							"size": [4, 4, 1],
							"pivot": [3.025, 26.775, 0.025],
							"rotation": [-90, 0, 0],
							"uv": {
								"north": {"uv": [40, 129], "uv_size": [4, 4]},
								"east": {"uv": [40, 129], "uv_size": [1, 4]},
								"south": {"uv": [44, 129], "uv_size": [-4, 4]},
								"west": {"uv": [43, 129], "uv_size": [1, 4]},
								"up": {"uv": [40, 129], "uv_size": [4, 1]},
								"down": {"uv": [40, 133], "uv_size": [4, -1]}
							}
						}
					]
				},
				{
					"name": "LeftForeArm",
					"parent": "LeftArm",
					"pivot": [3.35325, 22.58739, -0.05],
					"cubes": [
						{"origin": [2.025, 16.775, -1.575], "size": [3, 6, 3.2], "uv": [32, 89]},
						{"origin": [2.025, 13.775, -1.45], "size": [3, 3, 3], "uv": [102, 88]}
					]
				},
				{
					"name": "LeftHand",
					"parent": "LeftForeArm",
					"pivot": [3.525, 15.275, 0.05],
					"cubes": [
						{"origin": [3.025, 14.775, -0.45], "size": [1, 1, 1], "uv": [124, 128]}
					]
				},
				{
					"name": "LeftHandLocator",
					"parent": "LeftHand",
					"pivot": [3.525, 15.275, 0.05]
				},
				{
					"name": "LeftWaistLocator",
					"parent": "LeftHand",
					"pivot": [3.525, 15.275, 0.05]
				},
				{
					"name": "SheathLocator",
					"parent": "LeftHand",
					"pivot": [3.525, 15.275, 0.05]
				},
				{
					"name": "RightArm",
					"parent": "Arm",
					"pivot": [-3.25, 28.1, 0],
					"rotation": [0, 0, 18],
					"cubes": [
						{"origin": [-5, 22.15, -1.6], "size": [3.05, 7, 3.2], "uv": [84, 78], "mirror": true},
						{
							"origin": [-5.525, 24.775, 0.725],
							"size": [4, 4, 1],
							"pivot": [-3.025, 26.775, 0.025],
							"rotation": [-90, 0, 0],
							"uv": {
								"north": {"uv": [44, 129], "uv_size": [-4, 4]},
								"east": {"uv": [44, 129], "uv_size": [-1, 4]},
								"south": {"uv": [40, 129], "uv_size": [4, 4]},
								"west": {"uv": [41, 129], "uv_size": [-1, 4]},
								"up": {"uv": [44, 129], "uv_size": [-4, 1]},
								"down": {"uv": [44, 133], "uv_size": [-4, -1]}
							}
						}
					]
				},
				{
					"name": "RightForeArm",
					"parent": "RightArm",
					"pivot": [-3.35325, 22.58739, -0.05],
					"cubes": [
						{"origin": [-5.025, 16.775, -1.575], "size": [3, 6, 3.2], "uv": [32, 89], "mirror": true},
						{"origin": [-5.025, 13.775, -1.45], "size": [3, 3, 3], "uv": [102, 88], "mirror": true}
					]
				},
				{
					"name": "RightHand",
					"parent": "RightForeArm",
					"pivot": [-3.525, 15.275, 0.05],
					"cubes": [
						{"origin": [-4.025, 14.775, -0.45], "size": [1, 1, 1], "uv": [124, 128], "mirror": true}
					]
				},
				{
					"name": "RightHandLocator",
					"parent": "RightHand",
					"pivot": [-3.525, 15.275, 0.05]
				},
				{
					"name": "BladeLocator",
					"parent": "RightHand",
					"pivot": [-3.525, 15.275, 0.05]
				},
				{
					"name": "Elytra",
					"parent": "UpperBody",
					"pivot": [0, 29.9644, 3]
				},
				{
					"name": "ElytraLocator",
					"parent": "Elytra",
					"pivot": [0, 29.9644, 3]
				},
				{
					"name": "RifleLocator",
					"parent": "UpperBody",
					"pivot": [0, 24.15, 2.3],
					"rotation": [0, 0, 45]
				},
				{
					"name": "PistolLocator",
					"parent": "UpperBody",
					"pivot": [-4, 21.75, -0.6],
					"rotation": [-30, 0, 0]
				},
				{
					"name": "RightWaistLocator",
					"parent": "UpperBody",
					"pivot": [-4, 20, 0],
					"rotation": [-5, 0, 0]
				},
				{
					"name": "BackpackLocator",
					"parent": "UpperBody",
					"pivot": [0, 28, 0]
				},
				{
					"name": "clothe",
					"parent": "UpBody",
					"pivot": [0, 21.825, -0.075]
				},
				{
					"name": "LeftClothe",
					"parent": "clothe",
					"pivot": [3.1, 21.63735, -0.06085],
					"rotation": [0, 0, 7.5]
				},
				{
					"name": "LF",
					"parent": "LeftClothe",
					"pivot": [3.2195, 21.71147, -1.5592],
					"cubes": [
						{"origin": [2.45081, 17.78662, -1.07379], "size": [2.35, 3, 1], "pivot": [3.57046, 20.85997, -0.9879], "rotation": [-90, -77, 75], "uv": [6, 121]}
					]
				},
				{
					"name": "LF2",
					"parent": "LF",
					"pivot": [4.1195, 17.71147, -1.5592],
					"cubes": [
						{"origin": [2.84042, 10.86836, -1.92966], "size": [2.35, 7, 1], "pivot": [4.1195, 17.71147, -1.5592], "rotation": [-90, -77, 75], "uv": [0, 113]}
					]
				},
				{
					"name": "LF3",
					"parent": "LF2",
					"pivot": [6.1195, 11.31147, -2.7592],
					"cubes": [
						{
							"origin": [4.50259, 7.26616, -2.85425],
							"size": [2.35, 4, 1],
							"pivot": [6.1195, 11.31147, -2.7592],
							"rotation": [-90, -77, 75],
							"uv": {
								"north": {"uv": [121, 12], "uv_size": [2, 4]},
								"east": {"uv": [120, 12], "uv_size": [1, 4]},
								"south": {"uv": [124, 12], "uv_size": [2, 4]},
								"west": {"uv": [123, 12], "uv_size": [1, 4]},
								"up": {"uv": [121, 11], "uv_size": [2, 1]},
								"down": {"uv": [123, 12], "uv_size": [2, -1]}
							}
						}
					]
				},
				{
					"name": "LB",
					"parent": "LeftClothe",
					"pivot": [3.41804, 21.74228, 1.51541],
					"cubes": [
						{"origin": [2.41525, 17.75182, 0.09967], "size": [2.35, 3, 1], "pivot": [3.55663, 20.73106, 0.9879], "rotation": [90, 77, 75], "uv": [68, 121]}
					]
				},
				{
					"name": "LB2",
					"parent": "LB",
					"pivot": [4.1195, 17.95947, 1.9592],
					"cubes": [
						{"origin": [3.3508, 10.96734, 1.08634], "size": [2.35, 7, 1], "pivot": [4.21755, 18.02522, 1.91265], "rotation": [90, 77, 75], "uv": [74, 113]}
					]
				},
				{
					"name": "LB3",
					"parent": "LB2",
					"pivot": [6.0195, 11.35947, 3.1592],
					"cubes": [
						{
							"origin": [4.81407, 7.31002, 2.31757],
							"size": [2.35, 4, 1],
							"pivot": [6.0195, 11.35947, 3.1592],
							"rotation": [90, 77, 75],
							"uv": {
								"north": {"uv": [23, 121], "uv_size": [2, 4]},
								"east": {"uv": [22, 121], "uv_size": [1, 4]},
								"south": {"uv": [26, 121], "uv_size": [2, 4]},
								"west": {"uv": [25, 121], "uv_size": [1, 4]},
								"up": {"uv": [23, 120], "uv_size": [2, 1]},
								"down": {"uv": [25, 121], "uv_size": [2, -1]}
							}
						}
					]
				},
				{
					"name": "LM",
					"parent": "LeftClothe",
					"pivot": [3.39551, 22.006, 0],
					"cubes": [
						{"origin": [1.3235, 17.79933, -0.08236], "size": [4.6, 4, 1], "pivot": [3.4485, 21.73118, 0], "rotation": [0, -90, -15], "uv": [110, 69]}
					]
				},
				{
					"name": "LM2",
					"parent": "LM",
					"pivot": [4.29551, 17.906, 0],
					"cubes": [
						{"origin": [2.24701, 10.91185, -0.05121], "size": [4.6, 7, 1], "pivot": [4.37201, 18.01859, 0], "rotation": [0, -90, -15], "uv": [24, 103]}
					]
				},
				{
					"name": "LM3",
					"parent": "LM2",
					"pivot": [6.19551, 11.106, 0],
					"cubes": [
						{
							"origin": [3.19551, 7.14827, -0.07895],
							"size": [6.35, 4, 1],
							"pivot": [6.19551, 11.106, 0],
							"rotation": [0, -90, -15],
							"uv": {
								"north": {"uv": [101, 13], "uv_size": [6, 4]},
								"east": {"uv": [100, 13], "uv_size": [1, 4]},
								"south": {"uv": [108, 13], "uv_size": [6, 4]},
								"west": {"uv": [107, 13], "uv_size": [1, 4]},
								"up": {"uv": [101, 12], "uv_size": [6, 1]},
								"down": {"uv": [107, 13], "uv_size": [6, -1]}
							}
						}
					]
				},
				{
					"name": "RightClothe",
					"parent": "clothe",
					"pivot": [-3.3, 21.7854, -0.0608],
					"rotation": [0, 0, -7.5]
				},
				{
					"name": "RM",
					"parent": "RightClothe",
					"pivot": [-3.09551, 22.006, 0],
					"cubes": [
						{"origin": [-5.9235, 17.80615, 0.0694], "size": [4.6, 4, 1], "pivot": [-3.4485, 21.93118, 0], "rotation": [0, 90, 15], "uv": [110, 74]}
					]
				},
				{
					"name": "RM2",
					"parent": "RM",
					"pivot": [-4.29551, 18.006, 0],
					"cubes": [
						{"origin": [-6.84701, 10.91185, -0.05121], "size": [4.6, 7, 1], "pivot": [-4.37201, 18.01859, 0], "rotation": [0, 90, 15], "uv": [24, 103], "mirror": true}
					]
				},
				{
					"name": "RM3",
					"parent": "RM2",
					"pivot": [-6.19551, 11.106, 0],
					"cubes": [
						{
							"origin": [-9.54551, 7.14827, -0.07895],
							"size": [6.35, 4, 1],
							"pivot": [-6.19551, 11.106, 0],
							"rotation": [0, 90, 15],
							"uv": {
								"north": {"uv": [107, 13], "uv_size": [-6, 4]},
								"east": {"uv": [108, 13], "uv_size": [-1, 4]},
								"south": {"uv": [114, 13], "uv_size": [-6, 4]},
								"west": {"uv": [101, 13], "uv_size": [-1, 4]},
								"up": {"uv": [107, 12], "uv_size": [-6, 1]},
								"down": {"uv": [113, 13], "uv_size": [-6, -1]}
							}
						}
					]
				},
				{
					"name": "RB",
					"parent": "RightClothe",
					"pivot": [-3.40361, 21.60524, 1.39998],
					"cubes": [
						{"origin": [-4.88441, 17.7802, 0.17379], "size": [2.35, 3, 1], "pivot": [-3.55663, 20.83106, 1.0879], "rotation": [90, -77, -75], "uv": [74, 121]}
					]
				},
				{
					"name": "RB2",
					"parent": "RB",
					"pivot": [-4.20361, 18.00524, 1.89998],
					"cubes": [
						{"origin": [-5.58164, 10.93896, 1.01222], "size": [2.35, 7, 1], "pivot": [-4.21755, 17.92522, 1.81265], "rotation": [90, -77, -75], "uv": [80, 113]}
					]
				},
				{
					"name": "RB3",
					"parent": "RB2",
					"pivot": [-5.60361, 11.20524, 2.99998],
					"cubes": [
						{
							"origin": [-7.62579, 7.41601, 2.82543],
							"size": [2.35, 4, 1],
							"pivot": [-6.00458, 11.34878, 3.64988],
							"rotation": [90, -77, -75],
							"uv": {
								"north": {"uv": [121, 70], "uv_size": [2, 4]},
								"east": {"uv": [120, 70], "uv_size": [1, 4]},
								"south": {"uv": [124, 70], "uv_size": [2, 4]},
								"west": {"uv": [123, 70], "uv_size": [1, 4]},
								"up": {"uv": [121, 69], "uv_size": [2, 1]},
								"down": {"uv": [123, 70], "uv_size": [2, -1]}
							}
						}
					]
				},
				{
					"name": "RF",
					"parent": "RightClothe",
					"pivot": [-3.32145, 21.8684, -1.61541],
					"cubes": [
						{"origin": [-4.76865, 17.77794, -1.09967], "size": [2.35, 3, 1], "pivot": [-3.56003, 20.75718, -0.9879], "rotation": [-90, 77, -75], "uv": [80, 121]}
					]
				},
				{
					"name": "RF2",
					"parent": "RF",
					"pivot": [-4.32096, 17.85133, -1.71265],
					"cubes": [
						{"origin": [-5.07287, 10.84944, -1.34151], "size": [2.35, 7, 1], "pivot": [-4.32096, 17.85133, -1.21265], "rotation": [-90, 77, -75], "uv": [114, 10]}
					]
				},
				{
					"name": "RF3",
					"parent": "RF2",
					"pivot": [-6.10798, 11.2749, -2.84988],
					"cubes": [
						{
							"origin": [-6.92215, 7.2815, -2.85472],
							"size": [2.35, 4, 1],
							"pivot": [-6.1195, 11.3115, -2.7592],
							"rotation": [-90, 77, -75],
							"uv": {
								"north": {"uv": [121, 75], "uv_size": [2, 4]},
								"east": {"uv": [120, 75], "uv_size": [1, 4]},
								"south": {"uv": [124, 75], "uv_size": [2, 4]},
								"west": {"uv": [123, 75], "uv_size": [1, 4]},
								"up": {"uv": [121, 74], "uv_size": [2, 1]},
								"down": {"uv": [123, 75], "uv_size": [2, -1]}
							}
						}
					]
				},
				{
					"name": "BackClothe",
					"parent": "clothe",
					"pivot": [-0.00579, 21.55165, 2.40762],
					"rotation": [-1.25, 0, 0]
				},
				{
					"name": "BR",
					"parent": "BackClothe",
					"pivot": [-2.39855, 21.61213, 2.45638],
					"cubes": [
						{"origin": [-2.89454, 15.76504, 1.42664], "size": [3, 6, 1], "pivot": [-1.74349, 21.74401, 2.1545], "rotation": [14.78217, -2.57594, 9.6658], "uv": [110, 79]}
					]
				},
				{
					"name": "BR2",
					"parent": "BR",
					"pivot": [-2.94602, 16.06411, 3.73579],
					"cubes": [
						{"origin": [-3.9348, 11.16883, 2.93886], "size": [3, 5, 1], "pivot": [-3.29855, 16.11213, 3.75638], "rotation": [14.78217, -2.57594, 9.6658], "uv": [114, 32]}
					]
				},
				{
					"name": "BR3",
					"parent": "BR2",
					"pivot": [-3.54602, 11.46411, 4.93579],
					"cubes": [
						{
							"origin": [-4.7803, 7.39002, 4.18205],
							"size": [2, 4, 1],
							"pivot": [-4.14602, 11.46411, 4.93579],
							"rotation": [14.78217, -2.57594, 9.6658],
							"uv": {
								"north": {"uv": [121, 85], "uv_size": [2, 4]},
								"east": {"uv": [120, 85], "uv_size": [1, 4]},
								"south": {"uv": [124, 85], "uv_size": [2, 4]},
								"west": {"uv": [123, 85], "uv_size": [1, 4]},
								"up": {"uv": [121, 84], "uv_size": [2, 1]},
								"down": {"uv": [123, 85], "uv_size": [2, -1]}
							}
						}
					]
				},
				{
					"name": "BL",
					"parent": "BackClothe",
					"pivot": [2.68119, 22.21373, 2.45504],
					"cubes": [
						{"origin": [-0.12282, 15.86664, 1.4253], "size": [3, 6, 1], "pivot": [1.72612, 21.84561, 2.15316], "rotation": [14.78217, 2.57594, -9.6658], "uv": [110, 109]}
					]
				},
				{
					"name": "BL2",
					"parent": "BL",
					"pivot": [2.52866, 15.96571, 3.73445],
					"cubes": [
						{"origin": [0.90839, 11.19284, 2.93412], "size": [3, 5, 1], "pivot": [2.98119, 16.21373, 3.65504], "rotation": [14.78217, 2.57594, -9.6658], "uv": [114, 38]}
					]
				},
				{
					"name": "BL3",
					"parent": "BL2",
					"pivot": [3.62866, 11.36571, 4.93445],
					"cubes": [
						{
							"origin": [2.79648, 7.48187, 4.23247],
							"size": [2, 4, 1],
							"pivot": [4.12866, 11.36571, 4.93445],
							"rotation": [14.78217, 2.57594, -9.6658],
							"uv": {
								"north": {"uv": [87, 121], "uv_size": [2, 4]},
								"east": {"uv": [86, 121], "uv_size": [1, 4]},
								"south": {"uv": [90, 121], "uv_size": [2, 4]},
								"west": {"uv": [89, 121], "uv_size": [1, 4]},
								"up": {"uv": [87, 120], "uv_size": [2, 1]},
								"down": {"uv": [89, 121], "uv_size": [2, -1]}
							}
						}
					]
				},
				{
					"name": "BM",
					"parent": "BackClothe",
					"pivot": [0, 21.65066, 2.4071],
					"cubes": [
						{"origin": [-1.5, 15.91811, 1.43904], "size": [3, 6, 1], "pivot": [0, 21.87585, 2.36009], "rotation": [15, 0, 0], "uv": [18, 111]}
					]
				},
				{
					"name": "BM2",
					"parent": "BM",
					"pivot": [0, 16.06326, 3.78359],
					"cubes": [
						{"origin": [-2.5, 11.0626, 2.98855], "size": [5, 5, 1], "pivot": [0, 16.06326, 3.68359], "rotation": [15, 0, 0], "uv": [104, 26]}
					]
				},
				{
					"name": "BM3",
					"parent": "BM2",
					"pivot": [0, 11.15066, 5.1071],
					"cubes": [
						{
							"origin": [-3.5, 7.27046, 4.25676],
							"size": [7, 4, 1],
							"pivot": [0, 11.35066, 5.1071],
							"rotation": [15, 0, 0],
							"uv": {
								"north": {"uv": [1, 93], "uv_size": [7, 4]},
								"east": {"uv": [0, 93], "uv_size": [1, 4]},
								"south": {"uv": [9, 93], "uv_size": [7, 4]},
								"west": {"uv": [8, 93], "uv_size": [1, 4]},
								"up": {"uv": [1, 92], "uv_size": [7, 1]},
								"down": {"uv": [8, 93], "uv_size": [7, -1]}
							}
						}
					]
				},
				{
					"name": "FrontClothe",
					"parent": "clothe",
					"pivot": [-0.03125, 22.25833, -2.16982],
					"rotation": [1.25, 0, 0]
				},
				{
					"name": "FL",
					"parent": "FrontClothe",
					"pivot": [2.14552, 21.66002, -1.94472],
					"cubes": [
						{"origin": [0.49922, 17.78914, -2.14615], "size": [3, 4, 1], "pivot": [2.14552, 21.66002, -1.94472], "rotation": [-14.87739, -1.93597, -7.24721], "uv": [86, 115]}
					]
				},
				{
					"name": "FL1",
					"parent": "FL",
					"pivot": [2.96256, 18.00548, -2.75267],
					"cubes": [
						{"origin": [0.99426, 10.94838, -3.11954], "size": [3, 7, 1], "pivot": [2.96256, 18.00548, -2.75267], "rotation": [-14.87739, -1.93597, -7.24721], "uv": [42, 107]}
					]
				},
				{
					"name": "FL2",
					"parent": "FL1",
					"pivot": [4.17618, 11.30138, -4.54711],
					"cubes": [
						{
							"origin": [2.91051, 7.28341, -4.91584],
							"size": [2, 4, 1],
							"pivot": [4.17618, 11.30138, -4.54711],
							"rotation": [-14.87739, -1.93597, -7.24721],
							"uv": {
								"north": {"uv": [93, 121], "uv_size": [2, 4]},
								"east": {"uv": [92, 121], "uv_size": [1, 4]},
								"south": {"uv": [96, 121], "uv_size": [2, 4]},
								"west": {"uv": [95, 121], "uv_size": [1, 4]},
								"up": {"uv": [93, 120], "uv_size": [2, 1]},
								"down": {"uv": [95, 121], "uv_size": [2, -1]}
							}
						}
					]
				},
				{
					"name": "FR",
					"parent": "FrontClothe",
					"pivot": [-2.86342, 21.99288, -2.15605],
					"cubes": [
						{"origin": [-3.41606, 17.82362, -2.17544], "size": [3, 4, 1], "pivot": [-2.24552, 21.56002, -2.04472], "rotation": [-14.87739, 1.93597, 7.24721], "uv": [6, 116]}
					]
				},
				{
					"name": "FR1",
					"parent": "FR",
					"pivot": [-2.87703, 17.98877, -2.65048],
					"cubes": [
						{"origin": [-3.89849, 10.96143, -3.12633], "size": [3, 7, 1], "pivot": [-2.86342, 17.99288, -2.85605], "rotation": [-14.87739, 1.93597, 7.24721], "uv": [50, 107]}
					]
				},
				{
					"name": "FR2",
					"parent": "FR1",
					"pivot": [-3.87703, 11.28877, -4.45048],
					"cubes": [
						{
							"origin": [-4.81641, 7.29602, -4.92603],
							"size": [2, 4, 1],
							"pivot": [-3.87703, 11.28877, -4.75048],
							"rotation": [-14.87739, 1.93597, 7.24721],
							"uv": {
								"north": {"uv": [99, 121], "uv_size": [2, 4]},
								"east": {"uv": [98, 121], "uv_size": [1, 4]},
								"south": {"uv": [102, 121], "uv_size": [2, 4]},
								"west": {"uv": [101, 121], "uv_size": [1, 4]},
								"up": {"uv": [99, 120], "uv_size": [2, 1]},
								"down": {"uv": [101, 121], "uv_size": [2, -1]}
							}
						}
					]
				},
				{
					"name": "FM",
					"parent": "FrontClothe",
					"pivot": [0, 21.74926, -2.3029],
					"cubes": [
						{"origin": [-1.5, 17.8099, -2.1866], "size": [3, 4, 1], "pivot": [0, 21.57444, -2.05589], "rotation": [-15, 0, 0], "uv": [116, 26]}
					]
				},
				{
					"name": "FM1",
					"parent": "FM",
					"pivot": [0, 17.96185, -2.97939],
					"cubes": [
						{"origin": [-2.5, 10.92923, -3.1272], "size": [5, 7, 1], "pivot": [0, 18.06185, -2.97939], "rotation": [-15, 0, 0], "uv": [64, 94]}
					]
				},
				{
					"name": "FM2",
					"parent": "FM1",
					"pivot": [0, 11.14926, -4.6029],
					"cubes": [
						{
							"origin": [-3.5, 7.11388, -4.97163],
							"size": [7, 4, 1],
							"pivot": [0, 11.14926, -4.6029],
							"rotation": [-15, 0, 0],
							"uv": {
								"north": {"uv": [93, 22], "uv_size": [7, 4]},
								"east": {"uv": [92, 22], "uv_size": [1, 4]},
								"south": {"uv": [101, 22], "uv_size": [7, 4]},
								"west": {"uv": [100, 22], "uv_size": [1, 4]},
								"up": {"uv": [93, 21], "uv_size": [7, 1]},
								"down": {"uv": [100, 22], "uv_size": [7, -1]}
							}
						}
					]
				},
				{
					"name": "FFM",
					"parent": "FrontClothe",
					"pivot": [0.20405, 21.95281, -2.00646]
				},
				{
					"name": "FFM2",
					"parent": "FFM",
					"pivot": [2.08876, 21.97445, -2.47211]
				},
				{
					"name": "FFM2_1",
					"parent": "FFM2",
					"pivot": [2.88876, 17.97445, -3.47211]
				},
				{
					"name": "FFM1",
					"parent": "FFM",
					"pivot": [-0.1, 22.49593, -2.26321]
				},
				{
					"name": "FFM1_1",
					"parent": "FFM1",
					"pivot": [0.2, 17.99593, -3.66321]
				},
				{
					"name": "FFM3",
					"parent": "FFM",
					"pivot": [-2.092, 21.73128, -2.42383]
				},
				{
					"name": "FFM3_1",
					"parent": "FFM3",
					"pivot": [-2.53726, 17.36089, -3.38962]
				},
				{
					"name": "DownBody",
					"parent": "AllBody",
					"pivot": [0, 18.7, 0]
				},
				{
					"name": "LeftLeg",
					"parent": "DownBody",
					"pivot": [2.4, 17.95, 0],
					"cubes": [
						{"origin": [0.375, 9.7, -2], "size": [3.4, 9, 4], "uv": [68, 58]},
						{"origin": [0.5, 8.75, -1.325], "size": [3.175, 2, 2], "pivot": [-0.4, 9.75, -0.325], "rotation": [30, 0, 0], "uv": [102, 94]}
					]
				},
				{
					"name": "LeftLowerLeg",
					"parent": "LeftLeg",
					"pivot": [2.2, 10.25, 0.2],
					"cubes": [
						{"origin": [0.4, 2.55, -1.9], "size": [3.35, 8, 4], "uv": [78, 31]}
					]
				},
				{
					"name": "LeftFoot",
					"parent": "LeftLowerLeg",
					"pivot": [2.0875, 1.55, -0.8625],
					"cubes": [
						{"origin": [0.25, -0.125, -3.9], "size": [3.675, 2, 6.075], "uv": [78, 7]},
						{"origin": [0.35, -0.075, -0.1], "size": [3.475, 3.2, 2.175], "uv": [112, 54]},
						{"origin": [0.325, 0.30811, -3.78138], "size": [3.525, 2, 4.075], "pivot": [-0.1, 1.80811, -2.74388], "rotation": [22.5, 0, 0], "uv": [92, 48]}
					]
				},
				{
					"name": "LeftFootBoot",
					"parent": "LeftFoot",
					"pivot": [4.1, 0.825, 2.275],
					"cubes": [
						{"origin": [0.1, -1.175, -4.3], "size": [4, 2, 1.25], "pivot": [4.1, 0.825, -4.3], "rotation": [76, 0, 0], "uv": [10, 136]},
						{"origin": [0.05, -0.7, 1.675], "size": [4.1, 6.55, 1], "pivot": [0, -0.15, 1.7], "rotation": [90, 0, 0], "uv": [0, 131]},
						{"origin": [0.075, 0.825, 2.275], "size": [4.05, 5, 1.25], "pivot": [4.1, 0.825, 2.275], "rotation": [95, 0, 0], "uv": [10, 130]}
					]
				},
				{
					"name": "RightLeg",
					"parent": "DownBody",
					"pivot": [-2.4, 17.95, 0],
					"cubes": [
						{"origin": [-3.775, 9.7, -2], "size": [3.4, 9, 4], "uv": [68, 58], "mirror": true},
						{"origin": [-3.675, 8.75, -1.325], "size": [3.175, 2, 2], "pivot": [0.4, 9.75, -0.325], "rotation": [30, 0, 0], "uv": [102, 94], "mirror": true}
					]
				},
				{
					"name": "RightLowerLeg",
					"parent": "RightLeg",
					"pivot": [-2.2, 10.25, 0.2],
					"cubes": [
						{"origin": [-3.75, 2.55, -1.9], "size": [3.35, 8, 4], "uv": [78, 31], "mirror": true}
					]
				},
				{
					"name": "RightFoot",
					"parent": "RightLowerLeg",
					"pivot": [-2.0875, 1.55, -0.8625],
					"cubes": [
						{"origin": [-3.925, -0.125, -3.9], "size": [3.675, 2, 6.075], "uv": [78, 7], "mirror": true},
						{"origin": [-3.825, -0.075, -0.1], "size": [3.475, 3.2, 2.175], "uv": [112, 54], "mirror": true},
						{"origin": [-3.85, 0.30811, -3.78138], "size": [3.525, 2, 4.075], "pivot": [0.1, 1.80811, -2.74388], "rotation": [22.5, 0, 0], "uv": [92, 48], "mirror": true}
					]
				},
				{
					"name": "RightFootBoot",
					"parent": "RightFoot",
					"pivot": [-4.1, 0.825, 2.275],
					"cubes": [
						{"origin": [-4.1, -1.175, -4.3], "size": [4, 2, 1.25], "pivot": [-4.1, 0.825, -4.3], "rotation": [76, 0, 0], "uv": [10, 136], "mirror": true},
						{"origin": [-4.15, -0.7, 1.675], "size": [4.1, 6.55, 1], "pivot": [0, -0.15, 1.7], "rotation": [90, 0, 0], "uv": [0, 131], "mirror": true},
						{"origin": [-4.125, 0.825, 2.275], "size": [4.05, 5, 1.25], "pivot": [-4.1, 0.825, 2.275], "rotation": [95, 0, 0], "uv": [10, 130], "mirror": true}
					]
				},
				{
					"name": "FOX",
					"parent": "Root",
					"pivot": [0, 0, 0]
				},
				{
					"name": "AllBody2",
					"parent": "FOX",
					"pivot": [0, 12, 0]
				},
				{
					"name": "UpBody2",
					"parent": "AllBody2",
					"pivot": [0, 12, 0]
				},
				{
					"name": "UpperBody2",
					"parent": "UpBody2",
					"pivot": [0, 12, 0]
				},
				{
					"name": "AllHead2",
					"parent": "UpperBody2",
					"pivot": [0, 11.25, -7.5]
				},
				{
					"name": "Head2",
					"parent": "AllHead2",
					"pivot": [0, 10.5, -7.5],
					"cubes": [
						{"origin": [-4.45, 8.25, -15], "size": [8.9, 6, 6], "inflate": 1.5, "uv": [185, 19]}
					]
				},
				{
					"name": "Ear2",
					"parent": "Head2",
					"pivot": [0, 15.75, -14.25]
				},
				{
					"name": "RightEar",
					"parent": "Ear2",
					"pivot": [-4.5, 15.75, -14.25],
					"cubes": [
						{"origin": [-5.65, 16.05, -14.7], "size": [2.4, 2.4, 1], "inflate": 0.3, "uv": [197, 5]}
					]
				},
				{
					"name": "LeftEar",
					"parent": "Ear2",
					"pivot": [4.5, 15.75, -14.25],
					"cubes": [
						{"origin": [3.25, 16.05, -14.7], "size": [2.4, 2.4, 1], "inflate": 0.3, "uv": [195, 15]}
					]
				},
				{
					"name": "zui",
					"parent": "Head2",
					"pivot": [0, 8.25, -16.5],
					"cubes": [
						{"origin": [-2.5, 7.2, -20.525], "size": [5, 2.1, 3.5], "inflate": 0.5, "uv": [189, 0]}
					]
				},
				{
					"name": "LeftHand2",
					"parent": "zui",
					"pivot": [1.5, 8.25, -19.5],
					"rotation": [-90, 0, 90]
				},
				{
					"name": "LeftHandLocator2",
					"parent": "LeftHand2",
					"pivot": [1.5, 8.25, -19.5]
				},
				{
					"name": "RightHand2",
					"parent": "zui",
					"pivot": [-1.5, 8.25, -19.5],
					"rotation": [90, 0, 90]
				},
				{
					"name": "RightHandLocator2",
					"parent": "RightHand2",
					"pivot": [-1.5, 8.25, -19.5]
				},
				{
					"name": "Arm2",
					"parent": "UpperBody2",
					"pivot": [0, 9, -4.5]
				},
				{
					"name": "RightArm2",
					"parent": "Arm2",
					"pivot": [-3, 9, -4.5],
					"cubes": [
						{"origin": [-3.685, 0.6, -6], "size": [2, 8, 2], "inflate": 0.5, "uv": [173, 37], "mirror": true}
					]
				},
				{
					"name": "LeftArm2",
					"parent": "Arm2",
					"pivot": [3, 9, -4.5],
					"cubes": [
						{"origin": [1.685, 0.6, -6], "size": [2, 8, 2], "inflate": 0.5, "uv": [173, 37]}
					]
				},
				{
					"name": "Body",
					"parent": "UpperBody2",
					"pivot": [0, 12, 0.75],
					"cubes": [
						{"origin": [-3, 9, -6], "size": [6, 6, 13.5], "inflate": 1.5, "uv": [151, 0]},
						{"origin": [-5, 7.2, -6.8], "size": [10, 9.5, 1.6], "uv": [151, 37]},
						{"origin": [-5.3, 6.7625, -5.55], "size": [10.6, 10.4, 1], "inflate": -0.2, "uv": [185, 31]},
						{"origin": [-5.3, 6.7625, -7.55], "size": [10.6, 10.4, 1], "inflate": -0.2, "uv": [185, 31]}
					]
				},
				{
					"name": "bow2",
					"parent": "Body",
					"pivot": [0, 17.77266, -5.9625],
					"rotation": [-90, 180, 0],
					"cubes": [
						{"origin": [-1.125, 16.64766, -6.7125], "size": [2.25, 2.25, 1.5], "uv": [189, 15]}
					]
				},
				{
					"name": "bowR3",
					"parent": "bow2",
					"pivot": [19.84806, 17.66562, -5.96839],
					"rotation": [0, 4, 0],
					"cubes": [
						{"origin": [-0.37119, 28.82034, -6.21993], "size": [3.45, 1.8, 1.5], "pivot": [19.99806, 17.21562, -5.96839], "rotation": [2.11751, -4.53051, -35.58377], "uv": [189, 11]},
						{"origin": [-4.28611, 20.55875, -6.26315], "size": [3.6, 2.25, 1.5], "pivot": [19.84806, 17.66562, -5.96839], "rotation": [0, -5, -10.5], "uv": [189, 5]}
					]
				},
				{
					"name": "bowL3",
					"parent": "bow2",
					"pivot": [22.15194, 17.36562, -5.96839],
					"rotation": [0, -5, 0],
					"cubes": [
						{"origin": [1.36921, 12.89061, -6.58746], "size": [3.6, 2.25, 1.5], "pivot": [22.35098, 17.55463, -5.99653], "rotation": [0, 5, 10.5], "uv": [189, 8]},
						{"origin": [4.83215, 4.39274, -6.5358], "size": [3.45, 1.8, 1.5], "pivot": [22.15194, 17.36562, -5.96839], "rotation": [2.11751, 4.53051, 35.58377], "uv": [189, 13]}
					]
				},
				{
					"name": "bowL4",
					"parent": "bow2",
					"pivot": [22.12253, 16.41512, -5.65209],
					"rotation": [20.97372, 1.07468, -2.80107],
					"cubes": [
						{"origin": [0.57051, 16.80056, -5.77038], "size": [1.5, 3.75, 1.5], "pivot": [21.97253, 16.56511, -5.80209], "rotation": [-21.88223, -4.08471, -5.25655], "uv": [197, 8]},
						{"origin": [1.27967, 20.0327, -5.61021], "size": [1.5, 3.75, 1.5], "pivot": [22.72253, 16.86512, -5.65209], "rotation": [-21.09913, -7.20371, -13.20321], "uv": [197, 42]}
					]
				},
				{
					"name": "bowL5",
					"parent": "bowL4",
					"pivot": [22.57253, 13.56511, -6.70209],
					"cubes": [
						{"origin": [0.9108, 12.5511, -6.89973], "size": [1.5, 4.5, 1.5], "pivot": [22.72253, 13.71512, -6.85209], "rotation": [-21.88223, -4.08471, -5.25655], "uv": [189, 42]},
						{"origin": [2.12514, 15.58637, -6.87648], "size": [1.5, 4.5, 1.5], "pivot": [22.72253, 13.71512, -6.70209], "rotation": [-21.09913, -7.20371, -13.20321], "uv": [193, 42]}
					]
				},
				{
					"name": "bowR4",
					"parent": "bow2",
					"pivot": [20.02748, 16.56511, -5.91459],
					"rotation": [21.8831, -9.14577, 7.38562],
					"cubes": [
						{"origin": [-0.73186, 6.01031, -5.70007], "size": [1.5, 5.25, 1.5], "pivot": [19.72748, 16.71511, -5.91459], "rotation": [-18.4536, 11.31542, 9.17364], "uv": [181, 37]},
						{"origin": [-1.3756, 9.06807, -5.77597], "size": [1.5, 5.1, 1.5], "pivot": [19.87748, 16.56511, -5.91459], "rotation": [-19.86021, 8.52131, 1.02311], "uv": [185, 42]}
					]
				},
				{
					"name": "bowR5",
					"parent": "bowR4",
					"pivot": [19.27748, 13.26512, -6.51459],
					"cubes": [
						{"origin": [-1.58026, 4.88657, -6.85357], "size": [1.5, 4.35, 1.5], "pivot": [19.63418, 13.5252, -6.91507], "rotation": [-19.86021, 8.52131, 1.02311], "uv": [181, 43]},
						{"origin": [-1.41291, 3.10253, -6.82248], "size": [1.5, 3, 1.5], "pivot": [18.97748, 13.26512, -6.51459], "rotation": [-18.4536, 11.31542, 9.17364], "uv": [197, 46]}
					]
				},
				{
					"name": "DownBody2",
					"parent": "AllBody2",
					"pivot": [0, 12, 9]
				},
				{
					"name": "wb",
					"parent": "DownBody2",
					"pivot": [0, 12, 9],
					"cubes": [
						{"origin": [-2.5, 9.125, 9.6], "size": [5, 6.5, 12.4], "inflate": 0.5, "uv": [151, 19]}
					]
				},
				{
					"name": "Leg",
					"parent": "DownBody2",
					"pivot": [0, 9, 6]
				},
				{
					"name": "LeftLeg2",
					"parent": "Leg",
					"pivot": [3, 9, 6],
					"cubes": [
						{"origin": [1.685, 0.6, 5], "size": [2, 8, 2], "inflate": 0.5, "uv": [173, 37]}
					]
				},
				{
					"name": "RightLeg2",
					"parent": "Leg",
					"pivot": [-3, 9, 6],
					"cubes": [
						{"origin": [-3.685, 0.6, 5], "size": [2, 8, 2], "inflate": 0.5, "uv": [173, 37], "mirror": true}
					]
				},
				{
					"name": "gui",
					"pivot": [0, 0, 0]
				},
				{
					"name": "hong",
					"parent": "gui",
					"pivot": [0, 2.5, -0.5],
					"cubes": [
						{"origin": [-3, 0, -1], "size": [6, 5, 1], "uv": [44, 95]}
					]
				},
				{
					"name": "lan4",
					"parent": "gui",
					"pivot": [0, 2.5, -0.5],
					"cubes": [
						{"origin": [-3, 0, -1], "size": [6, 5, 1], "uv": [76, 95]}
					]
				},
				{
					"name": "lan3",
					"parent": "gui",
					"pivot": [0, 2.5, -0.5],
					"cubes": [
						{"origin": [-3, 0, -1], "size": [6, 5, 1], "uv": [96, 6]}
					]
				},
				{
					"name": "lan2",
					"parent": "gui",
					"pivot": [0, 2.5, -0.5],
					"cubes": [
						{"origin": [-3, 0, -1], "size": [6, 5, 1], "uv": [96, 76]}
					]
				},
				{
					"name": "lan",
					"parent": "gui",
					"pivot": [0, 2.5, -0.5],
					"cubes": [
						{"origin": [-3, 0, -1], "size": [6, 5, 1], "uv": [96, 82]}
					]
				},
				{
					"name": "bai",
					"parent": "gui",
					"pivot": [0, 2.5, 0],
					"cubes": [
						{"origin": [-3.5, 0, -1], "size": [7, 5, 2], "uv": [0, 80]}
					]
				},
				{
					"name": "molang",
					"pivot": [0, 0, 0]
				},
				{
					"name": "molang2",
					"pivot": [0, 0, 0]
				},
				{
					"name": "molang3",
					"pivot": [0, 0, 0]
				}
			]
		}
	]
}