{
  "skins": [
    {
      "localization_name": "枫璃1",
      "geometry": "geometry.shinosanwp",
      "animations": {
      "move.arms": "animation.phantom.move","move.legs": "animation.piglin.move","attack.positions": "animation.horse.v2.tail"
     },
      "hide_armor":true,
      "texture": "fl1.png",
      "type": "free"
     },
    {
      "localization_name": "枫璃2",
      "geometry": "geometry.honanimafu",
      "animations": {
      "move.arms": "animation.phantom.move","move.legs": "animation.piglin.move","attack.positions": "animation.horse.v2.tail"
     },
      "hide_armor":true,
      "texture": "fl2.png",
      "type": "free"
     }

  ],
  "serialize_name": "prro",
  "localization_name": "prot"
}