{
	"format_version": "1.12.0",
	"minecraft:geometry": [
		{
			"description": {
				"identifier": "geometry.unknown",
				"texture_width": 128,
				"texture_height": 128,
				"visible_bounds_width": 3,
				"visible_bounds_height": 4.5,
				"visible_bounds_offset": [0, 1.75, 0]
			},
			"bones": [
				{
					"name": "LeftArm",
					"pivot": [3.4, 30.025, 0],
					"cubes": [
						{"origin": [2.6, 24.075, -1.5], "size": [3.05, 7, 3], "uv": [23, 82]},
						{"origin": [2.9, 23.175, -1.1], "size": [2.55, 2, 2.2], "uv": [0, 82]},
						{"origin": [2.8, 23.125, -1.125], "size": [2.7, 2.05, 2.3], "uv": [48, 71]},
						{"origin": [2.625, 25.675, -1.475], "size": [3.2, 0.6, 3], "uv": [114, 69]},
						{"origin": [2.65, 26.475, -0.35], "size": [3.2, 3.45, 0.6], "uv": [111, 59]},
						{"origin": [2.625, 28.35, -1.475], "size": [3.2, 0.6, 3], "uv": [111, 59]},
						{"origin": [2.625, 25.075, -1.475], "size": [3.2, 0.6, 3], "uv": [111, 59]},
						{"origin": [2.625, 24.475, -1.475], "size": [3.2, 0.6, 3], "uv": [114, 48]},
						{"origin": [2.45, 23.9, -1.7], "size": [3.25, 7.3, 3.4], "uv": [35, 81]}
					]
				},
				{
					"name": "LeftForeArm",
					"parent": "LeftArm",
					"pivot": [4.125, 24.075, 0.025],
					"cubes": [
						{"origin": [2.625, 17.075, -1.475], "size": [3, 7, 3], "uv": [75, 80]},
						{"origin": [2.525, 19.375, -1.575], "size": [3.2, 5, 3.2], "uv": [85, 64]},
						{"origin": [2.65, 20.175, -0.975], "size": [3.2, 0.6, 2], "pivot": [4.225, 20.475, 0.025], "rotation": [-90, 0, 0], "uv": [118, 38]},
						{"origin": [2.625, 20.175, -0.975], "size": [3.2, 0.6, 2], "uv": [118, 38]},
						{"origin": [2.575, 20.075, -1.075], "size": [3.2, 0.8, 2.2], "uv": [110, 89]},
						{"origin": [2.6, 20.075, -1.075], "size": [3.2, 0.8, 2.2], "pivot": [4.225, 20.475, 0.025], "rotation": [-90, 0, 0], "uv": [110, 89]}
					]
				},
				{
					"name": "LeftHand",
					"parent": "LeftForeArm",
					"pivot": [-1.875, 2.975, 0],
					"cubes": [
						{"origin": [3.625, 18.075, -0.475], "size": [1, 1, 1], "uv": [75, 84]}
					]
				},
				{
					"name": "LeftHandLocator",
					"parent": "LeftHand",
					"pivot": [-1.875, 2.975, 0]
				},
				{
					"name": "RightArm",
					"pivot": [-3.4, 30.025, 0],
					"cubes": [
						{"origin": [-5.65, 24.075, -1.5], "size": [3.05, 7, 3], "uv": [11, 79]},
						{"origin": [-5.7, 23.9, -1.7], "size": [3.25, 7.3, 3.4], "uv": [49, 78]},
						{"origin": [-5.825, 24.475, -1.475], "size": [3.2, 0.6, 3], "uv": [114, 48], "mirror": true},
						{"origin": [-5.825, 25.075, -1.475], "size": [3.2, 0.6, 3], "uv": [111, 59], "mirror": true},
						{"origin": [-5.825, 25.675, -1.475], "size": [3.2, 0.6, 3], "uv": [114, 69], "mirror": true},
						{"origin": [-5.825, 28.35, -1.475], "size": [3.2, 0.6, 3], "uv": [111, 59], "mirror": true},
						{"origin": [-5.85, 26.475, -0.35], "size": [3.2, 3.45, 0.6], "uv": [111, 59], "mirror": true},
						{"origin": [-5.45, 23.175, -1.1], "size": [2.55, 2, 2.2], "uv": [38, 46]},
						{"origin": [-5.5, 23.125, -1.125], "size": [2.7, 2.05, 2.3], "uv": [0, 0]}
					]
				},
				{
					"name": "RightForeArm",
					"parent": "RightArm",
					"pivot": [-4.125, 24.075, 0.025],
					"cubes": [
						{"origin": [-5.725, 19.375, -1.575], "size": [3.2, 5, 3.2], "uv": [83, 12]},
						{"origin": [-5.625, 17.075, -1.475], "size": [3, 7, 3], "uv": [63, 77]},
						{"origin": [-5.85, 20.175, -0.975], "size": [3.2, 0.6, 2], "pivot": [-4.225, 20.475, 0.025], "rotation": [-90, 0, 0], "uv": [118, 38], "mirror": true},
						{"origin": [-5.825, 20.175, -0.975], "size": [3.2, 0.6, 2], "uv": [118, 38], "mirror": true},
						{"origin": [-5.775, 20.075, -1.075], "size": [3.2, 0.8, 2.2], "uv": [110, 89], "mirror": true},
						{"origin": [-5.8, 20.075, -1.075], "size": [3.2, 0.8, 2.2], "pivot": [-4.225, 20.475, 0.025], "rotation": [-90, 0, 0], "uv": [110, 89], "mirror": true}
					]
				},
				{
					"name": "RightHand",
					"parent": "RightForeArm",
					"pivot": [-4.125, 25.075, 0.025],
					"cubes": [
						{"origin": [-4.625, 18.075, -0.475], "size": [1, 1, 1], "uv": [63, 77]}
					]
				},
				{
					"name": "RightHandLocator",
					"parent": "RightHand",
					"pivot": [-4.125, 25.075, 0.025],
					"cubes": [
						{"origin": [-4.625, 18.075, -0.475], "size": [1, 1, 1], "uv": [63, 77]}
					]
				}
			]
		}
	]
}