{
	"format_version": "1.12.0",
	"minecraft:geometry": [
		{
			"description": {
				"identifier": "geometry.unknown",
				"texture_width": 128,
				"texture_height": 128,
				"visible_bounds_width": 3,
				"visible_bounds_height": 5.5,
				"visible_bounds_offset": [0, 2.25, 0]
			},
			"bones": [
				{
					"name": "Root",
					"pivot": [0, -0.35, 0]
				},
				{
					"name": "AllBody",
					"parent": "Root",
					"pivot": [0, 28.88333, -0.025]
				},
				{
					"name": "UpBody",
					"parent": "AllBody",
					"pivot": [0, 20.88333, -0.025]
				},
				{
					"name": "UpperBody",
					"parent": "UpBody",
					"pivot": [0, 28.88333, -0.025],
					"cubes": [
						{"origin": [-3.5, 18.75, -2.025], "size": [7, 12, 4], "uv": [0, 24]}
					]
				},
				{
					"name": "FuJian",
					"parent": "UpperBody",
					"pivot": [0, 23.42247, -1.73334]
				},
				{
					"name": "LingZi",
					"parent": "FuJian",
					"pivot": [0, 29.925, -0.025],
					"rotation": [-15, 0, 0]
				},
				{
					"name": "Ling",
					"parent": "LingZi",
					"pivot": [1.5, 30.175, -1.525],
					"cubes": [
						{"origin": [-3.425, 29.175, -2.9], "size": [3.4, 2, 2.2], "pivot": [-1.5, 30.175, -1.525], "rotation": [9.6907, 12.73975, -0.31769], "uv": [0, 65]},
						{"origin": [0, 29.175, -2.9], "size": [3.4, 2, 2.2], "pivot": [1.5, 30.175, -1.525], "rotation": [9.6907, -12.73975, 0.31769], "uv": [11, 40]},
						{"origin": [-0.1, 29.225, -2.8], "size": [3.4, 2, 2.2], "pivot": [1.5, 30.175, -1.525], "rotation": [9.6907, -12.73975, 0.31769], "uv": [71, 120]},
						{"origin": [-3.3, 29.225, -2.8], "size": [3.4, 2, 2.2], "pivot": [-1.5, 30.175, -1.525], "rotation": [9.6907, 12.73975, -0.31769], "uv": [71, 120], "mirror": true},
						{"origin": [0.2, 30.5, -3.025], "size": [0.5, 0.5, 1], "pivot": [1.5, 30.175, -1.525], "rotation": [9.6907, -12.73975, 0.31769], "uv": [104, 121]}
					]
				},
				{
					"name": "MuJing",
					"parent": "LingZi",
					"pivot": [-1.5, 29.85, -1.525],
					"cubes": [
						{"origin": [-2.5, 28.2, -3.225], "size": [5, 2, 1], "pivot": [-2, 28.95, -2.725], "rotation": [7.5, 0, 0], "uv": [20, 46]},
						{"origin": [2, 28.80214, -2.66737], "size": [2, 1, 1], "pivot": [3, 28.70214, -2.69237], "rotation": [7.7614, -14.8687, -2.00307], "uv": [43, 63]},
						{"origin": [-4, 28.80214, -2.66737], "size": [2, 1, 1], "pivot": [-3, 28.70214, -2.69237], "rotation": [7.7614, 14.8687, 2.00307], "uv": [63, 16]},
						{"origin": [-0.3, 28.00121, -3.44437], "size": [0.6, 1, 1], "pivot": [0, 28.50121, -3.06937], "rotation": [12.5, 0, 0], "uv": [4, 106]}
					]
				},
				{
					"name": "MuJing2",
					"parent": "MuJing",
					"pivot": [-2, 28.95, -2.725],
					"cubes": [
						{"origin": [0.8, 28.7, -3.275], "size": [1.2, 1, 1], "pivot": [-2, 28.95, -2.725], "rotation": [7.5, 0, 0], "uv": [114, 112]},
						{"origin": [1.225, 29.45, -3.325], "size": [0.625, 0.2, 1.05], "pivot": [-2, 28.95, -2.725], "rotation": [7.5, 0, 0], "uv": [103, 112]},
						{"origin": [1.625, 29.15, -3.325], "size": [0.225, 0.3, 1.05], "pivot": [-2, 28.95, -2.725], "rotation": [7.5, 0, 0], "uv": [103, 112]},
						{"origin": [-1.175, 29.15, -3.325], "size": [0.225, 0.3, 1.05], "pivot": [-2, 28.95, -2.725], "rotation": [7.5, 0, 0], "uv": [103, 112]},
						{"origin": [-1.575, 29.45, -3.325], "size": [0.625, 0.2, 1.05], "pivot": [-2, 28.95, -2.725], "rotation": [7.5, 0, 0], "uv": [103, 112]},
						{"origin": [1.9, 28.6, -3.425], "size": [0.3, 1.2, 1], "pivot": [-2, 28.95, -2.725], "rotation": [7.5, 0, 0], "uv": [106, 123]},
						{"origin": [0.8, 28.4, -3.45], "size": [1.2, 0.3, 1], "pivot": [-2, 28.95, -2.725], "rotation": [7.5, 0, 0], "uv": [107, 122]},
						{"origin": [0.6, 28.6, -3.425], "size": [0.3, 1.2, 1], "pivot": [-2, 28.95, -2.725], "rotation": [7.5, 0, 0], "uv": [89, 122]},
						{"origin": [0.51676, 29.91001, -3.59765], "size": [0.6, 0.3, 1], "pivot": [0.51676, 30.06001, -3.04765], "rotation": [5.08269, -5.52235, 47.25471], "uv": [114, 124]},
						{"origin": [0.8, 29.7, -3.4], "size": [1.2, 0.3, 1], "pivot": [-2, 28.95, -2.725], "rotation": [7.5, 0, 0], "uv": [93, 122]}
					]
				},
				{
					"name": "MuJing3",
					"parent": "MuJing",
					"pivot": [2, 28.95, -2.725],
					"cubes": [
						{"origin": [-2, 28.7, -3.275], "size": [1.2, 1, 1], "pivot": [2, 28.95, -2.725], "rotation": [7.5, 0, 0], "uv": [116, 113]},
						{"origin": [-2.2, 28.6, -3.425], "size": [0.3, 1.2, 1], "pivot": [2, 28.95, -2.725], "rotation": [7.5, 0, 0], "uv": [89, 122]},
						{"origin": [-2, 28.4, -3.45], "size": [1.2, 0.3, 1], "pivot": [2, 28.95, -2.725], "rotation": [7.5, 0, 0], "uv": [103, 125]},
						{"origin": [-0.9, 28.6, -3.425], "size": [0.3, 1.2, 1], "pivot": [2, 28.95, -2.725], "rotation": [7.5, 0, 0], "uv": [103, 122]},
						{"origin": [-1.11676, 29.91001, -3.59765], "size": [0.6, 0.3, 1], "pivot": [-0.51676, 30.06001, -3.04765], "rotation": [5.08269, 5.52235, -47.25471], "uv": [91, 121]},
						{"origin": [-2, 29.7, -3.4], "size": [1.2, 0.3, 1], "pivot": [2, 28.95, -2.725], "rotation": [7.5, 0, 0], "uv": [92, 123]}
					]
				},
				{
					"name": "Bao",
					"parent": "FuJian",
					"pivot": [-2.5, 31.3, -0.625]
				},
				{
					"name": "bone7",
					"parent": "Bao",
					"pivot": [-2.6, 31.45, -0.225],
					"rotation": [0, 10, 2.5],
					"cubes": [
						{"origin": [-3.1, 26.45, -3.625], "size": [1, 5, 1], "pivot": [-2.6, 28.95, -3.225], "rotation": [-7.5, 0, 0], "uv": [94, 61]},
						{"origin": [-3.1, 30.725, -2.725], "size": [1, 1, 5], "uv": [84, 75]},
						{"origin": [-3.1, 26.45, 2.275], "size": [1, 5, 1], "uv": [96, 87]},
						{"origin": [-4.13959, 20.93432, -4.18234], "size": [1, 6, 1], "pivot": [-3.58959, 24.65932, -3.45734], "rotation": [-7.5, 0, 27.5], "uv": [95, 53]},
						{"origin": [-4.69101, 19.98226, 2.675], "size": [1, 7, 1], "pivot": [-3.91601, 24.03226, 2.8], "rotation": [4.98107, -0.43523, 32.48107], "uv": [71, 94]}
					]
				},
				{
					"name": "Bao2",
					"parent": "bone7",
					"pivot": [-5.01579, 21.89525, -0.575],
					"rotation": [0, 0, -7.5],
					"cubes": [
						{"origin": [-6.71787, 17.47375, -4.175], "size": [2, 5, 7.2], "pivot": [-5.21787, 23.24875, 1.675], "rotation": [0, 0, -5], "uv": [0, 40]},
						{"origin": [-7.02085, 17.51721, -3.05], "size": [1, 2, 1], "pivot": [-6.49585, 20.19221, -2.575], "rotation": [0, 0, -17.5], "uv": [77, 67]},
						{"origin": [-7.00441, 19.06168, -3.075], "size": [1, 2, 1], "pivot": [-5.50441, 20.06168, -2.575], "rotation": [0, 0, 7.5], "uv": [76, 40]},
						{"origin": [-7.02085, 17.51721, 0.95], "size": [1, 2, 1], "pivot": [-6.49585, 20.19221, 1.425], "rotation": [0, 0, -17.5], "uv": [66, 74]},
						{"origin": [-7.00441, 19.06168, 0.925], "size": [1, 2, 1], "pivot": [-5.50441, 20.06168, 1.425], "rotation": [0, 0, 7.5], "uv": [75, 22]},
						{"origin": [-6.81579, 19.22025, -4.075], "size": [2, 3, 7], "pivot": [-6.01579, 20.89525, -0.575], "rotation": [0, 0, 7.5], "uv": [46, 14]}
					]
				},
				{
					"name": "WenZi2",
					"parent": "FuJian",
					"pivot": [-2.36, 24.30932, -1.93334],
					"rotation": [0, 0, 5],
					"cubes": [
						{"origin": [-3.0013, 24.35652, -2.03334], "size": [1.375, 0.2, 0.2], "pivot": [-2.3138, 24.45652, -1.93334], "rotation": [0, 0, 12.5], "uv": [108, 93]},
						{"origin": [-2.98645, 24.06308, -2.03334], "size": [1.375, 0.2, 0.2], "pivot": [-2.29895, 24.06308, -1.93334], "rotation": [0, 0, -12.5], "uv": [108, 93]},
						{"origin": [-2.60809, 23.93571, -2.03334], "size": [0.275, 0.2, 0.2], "pivot": [-2.32059, 24.16071, -1.93334], "rotation": [0, 0, 90], "uv": [108, 93]}
					]
				},
				{
					"name": "N",
					"parent": "WenZi2",
					"pivot": [-2.28335, 23.42247, -1.90193],
					"rotation": [90, 0, 0],
					"cubes": [
						{"origin": [-2.975, 23.22247, -1.65834], "size": [1.375, 0.4, 0.2], "uv": [108, 93]},
						{"origin": [-3.025, 23.22247, -1.85834], "size": [1.375, 0.4, 0.2], "pivot": [-2.2875, 23.42247, -1.55834], "rotation": [0, -17.5, 0], "uv": [108, 93]},
						{"origin": [-2.975, 23.22247, -2.08334], "size": [1.375, 0.4, 0.2], "uv": [108, 93]}
					]
				},
				{
					"name": "M",
					"parent": "WenZi2",
					"pivot": [-2.28282, 25.29747, -1.86981],
					"rotation": [-90, 0, 0],
					"cubes": [
						{"origin": [-2.975, 25.09747, -2.38334], "size": [1.375, 0.4, 0.2], "uv": [108, 93]},
						{"origin": [-2.125, 25.09747, -2.04166], "size": [1.375, 0.4, 0.2], "pivot": [-2.2875, 25.29747, 0.73334], "rotation": [0, 17.5, 0], "uv": [108, 93]},
						{"origin": [-3.025, 25.09747, -1.75834], "size": [1.375, 0.4, 0.2], "pivot": [-2.2875, 25.29747, -1.45834], "rotation": [0, -17.5, 0], "uv": [108, 93]},
						{"origin": [-2.975, 25.09747, -1.55834], "size": [1.375, 0.4, 0.2], "uv": [108, 93]}
					]
				},
				{
					"name": "DanXiaBao",
					"parent": "FuJian",
					"pivot": [0, 23.925, -0.025],
					"cubes": [
						{"origin": [-3.8, 23.6, -2.225], "size": [7.5, 1, 4.45], "pivot": [0, 23.925, 0], "rotation": [0, 0, -5], "uv": [104, 23]}
					]
				},
				{
					"name": "DXBao",
					"parent": "DanXiaBao",
					"pivot": [-1, 24.29375, -2.78125],
					"rotation": [0, 2.5, 2.5],
					"cubes": [
						{"origin": [-2, 22, -3.275], "size": [2, 3.4, 1], "uv": [75, 103]},
						{"origin": [-2.1, 24.75, -3.375], "size": [2.2, 0.5, 1.2], "uv": [73, 110]},
						{"origin": [-1.25, 25.25, -3.375], "size": [0.5, 0.5, 1.2], "uv": [73, 110]},
						{"origin": [-2.1, 21.775, -3.35], "size": [2.2, 2.4, 1.1], "uv": [2, 121]}
					]
				},
				{
					"name": "DXBao2",
					"parent": "DanXiaBao",
					"pivot": [-3.35, 24.19375, -2.68125],
					"rotation": [0.6574, 7.4713, 7.54292],
					"cubes": [
						{"origin": [-4.35, 21.9, -3.175], "size": [2, 3.4, 1], "uv": [75, 103]},
						{"origin": [-4.45, 24.65, -3.275], "size": [2.2, 0.5, 1.2], "uv": [73, 110]},
						{"origin": [-3.6, 25.15, -3.275], "size": [0.5, 0.5, 1.2], "uv": [73, 110]},
						{"origin": [-4.45, 21.675, -3.25], "size": [2.2, 2.4, 1.1], "uv": [2, 121]}
					]
				},
				{
					"name": "DXBao3",
					"parent": "DanXiaBao",
					"pivot": [-4.5, 24.19375, -0.83125],
					"rotation": [0, 60, 2.5],
					"cubes": [
						{"origin": [-5.5, 21.9, -1.325], "size": [2, 3.4, 1], "uv": [75, 103]},
						{"origin": [-5.6, 24.65, -1.425], "size": [2.2, 0.5, 1.2], "uv": [73, 110]},
						{"origin": [-4.75, 25.15, -1.425], "size": [0.5, 0.5, 1.2], "uv": [73, 110]},
						{"origin": [-5.6, 21.675, -1.4], "size": [2.2, 2.4, 1.1], "uv": [2, 121]}
					]
				},
				{
					"name": "Bao3",
					"parent": "FuJian",
					"pivot": [2.5, 31.65, 0.375]
				},
				{
					"name": "bone2",
					"parent": "Bao3",
					"pivot": [2.6, 31.45, -0.225],
					"rotation": [0, -10, -2.5],
					"cubes": [
						{"origin": [2.2, 26.4585, -2.47121], "size": [1, 5, 1], "pivot": [3.37614, 26.50391, -1.97545], "rotation": [10, 0, 0], "uv": [28, 60]},
						{"origin": [2.1, 30.725, -2.725], "size": [1, 1, 5], "uv": [83, 0]},
						{"origin": [2.1, 26.45, 2.275], "size": [1, 5, 1], "pivot": [3.51372, 26.34845, 2.99712], "rotation": [0, -12.5, 7.5], "uv": [50, 34]},
						{"origin": [2.35243, 21.01234, -2.47482], "size": [1, 6, 1], "pivot": [3.37614, 26.50391, -1.97545], "rotation": [8.12489, 7.98133, -26.40319], "uv": [37, 36]},
						{"origin": [2.38576, 20.15445, 2.4805], "size": [1, 7, 1], "pivot": [3.51372, 26.34845, 2.99712], "rotation": [11.76109, -10.08799, -25.5546], "uv": [28, 92]}
					]
				},
				{
					"name": "Bao4",
					"parent": "bone2",
					"pivot": [5.01579, 21.89525, 1.225],
					"rotation": [2.74715, -12.19908, -5.29362],
					"cubes": [
						{"origin": [3.71787, 17.47375, -1.375], "size": [3, 5, 5.2], "pivot": [5.21787, 23.24875, 3.475], "rotation": [0, 0, 5], "uv": [61, 64]},
						{"origin": [4.51787, 18.57375, -1.475], "size": [1.5, 1.3, 1], "pivot": [5.21787, 23.24875, 3.475], "rotation": [0, 0, 5], "uv": [118, 89]},
						{"origin": [4.71787, 19.07375, -1.5], "size": [0.2, 0.5, 1], "pivot": [5.21787, 23.24875, 3.475], "rotation": [0, 0, 5], "uv": [115, 71]},
						{"origin": [5.61787, 19.07375, -1.5], "size": [0.2, 0.5, 1], "pivot": [5.21787, 23.24875, 3.475], "rotation": [0, 0, 5], "uv": [115, 71]},
						{"origin": [5.18837, 19.5824, -1.475], "size": [0.4, 0.6, 1], "pivot": [5.26337, 19.8574, -0.975], "rotation": [0, 0, 50], "uv": [118, 89]},
						{"origin": [4.51337, 19.1074, -1.475], "size": [0.6, 0.4, 1], "pivot": [5.26337, 19.8574, -0.975], "rotation": [0, 0, 50], "uv": [118, 89]},
						{"origin": [6.02085, 17.51721, -1.125], "size": [1, 2, 1], "pivot": [6.49585, 20.19221, -0.65], "rotation": [0, 0, 17.5], "uv": [74, 53]},
						{"origin": [6.00441, 19.06168, -1.15], "size": [1, 2, 1], "pivot": [5.50441, 20.06168, -0.65], "rotation": [0, 0, -7.5], "uv": [74, 12]},
						{"origin": [6.02085, 17.51721, 2.65], "size": [1, 2, 1], "pivot": [6.49585, 20.19221, 3.125], "rotation": [0, 0, 17.5], "uv": [70, 53]},
						{"origin": [6.00441, 19.06168, 2.625], "size": [1, 2, 1], "pivot": [5.50441, 20.06168, 3.125], "rotation": [0, 0, -7.5], "uv": [69, 6]},
						{"origin": [4.81579, 19.22025, -1.275], "size": [2, 3, 5], "pivot": [6.01579, 20.89525, 1.225], "rotation": [0, 0, -7.5], "uv": [0, 74]}
					]
				},
				{
					"name": "WeiJin",
					"parent": "FuJian",
					"pivot": [0.5, 11.5, 0.75],
					"cubes": [
						{"origin": [-4, 30.575, -1.9], "size": [8, 1, 4.2], "uv": [42, 9]}
					]
				},
				{
					"name": "bone",
					"parent": "WeiJin",
					"pivot": [0, 29.85907, -0.48382],
					"rotation": [-10.72858, 10.54529, 44.00703]
				},
				{
					"name": "AllHead",
					"parent": "UpperBody",
					"pivot": [0, 32.05, 0],
					"cubes": [
						{"origin": [-1.5, 30.925, -1.525], "size": [3, 2, 3], "uv": [90, 0]}
					]
				},
				{
					"name": "Head",
					"parent": "AllHead",
					"pivot": [0, 32.05, 0],
					"cubes": [
						{"origin": [-3.5, 32.05, -3.5], "size": [7, 7, 7], "uv": [0, 10]},
						{"origin": [2.225, 32.3, -3.525], "size": [0.3, 0.575, 1], "uv": [88, 113]}
					]
				},
				{
					"name": "Hair",
					"parent": "Head",
					"pivot": [-0.14783, 36.51957, 0.62174],
					"cubes": [
						{"origin": [-0.5, 36.05, -5], "size": [1, 4, 1], "uv": [96, 79]},
						{"origin": [1.5, 37.05, -5], "size": [1, 3, 1], "uv": [57, 89]},
						{"origin": [4.475, 33.05, 3], "size": [1, 5, 1], "uv": [97, 21]},
						{"origin": [4.475, 32.05, 2], "size": [1, 7, 1], "uv": [18, 96]},
						{"origin": [4.475, 32.05, 0], "size": [1, 7, 2], "uv": [22, 92]},
						{"origin": [3.2, 33.05, 0], "size": [1, 2, 3], "uv": [6, 93]},
						{"origin": [3.2, 34.05, -1], "size": [1, 1, 1], "uv": [78, 32]},
						{"origin": [-4.2, 34.05, -1], "size": [1, 1, 1], "uv": [24, 77]},
						{"origin": [-4.2, 33.05, 0], "size": [1, 2, 3], "uv": [9, 74]},
						{"origin": [-3.8, 32.175, 2.1], "size": [8, 3, 2], "uv": [0, 69]},
						{"origin": [4.475, 35.05, -1], "size": [1, 3, 1], "uv": [69, 16]},
						{"origin": [-5.475, 35.05, -1], "size": [1, 3, 1], "uv": [14, 56]},
						{"origin": [-5.475, 32.05, 0], "size": [1, 7, 2], "uv": [78, 90]},
						{"origin": [-5.475, 32.05, 2], "size": [1, 7, 1], "uv": [67, 94]},
						{"origin": [-5.475, 33.05, 3], "size": [1, 5, 1], "uv": [24, 69]},
						{"origin": [-1.5, 37.05, -5], "size": [1, 3, 1], "uv": [51, 88]},
						{"origin": [0.5, 36.05, -5], "size": [1, 4, 1], "uv": [20, 77]},
						{"origin": [-2.5, 36.05, -5], "size": [1, 4, 1], "uv": [83, 0]},
						{"origin": [-4.45, 36.1, -3.7], "size": [1, 4, 3], "uv": [22, 27]},
						{"origin": [3.475, 36.1, -4], "size": [1, 4, 3], "uv": [23, 0]},
						{"origin": [-4.5, 33.15, -1.825], "size": [1, 7, 6], "uv": [61, 18]},
						{"origin": [3.5, 33.15, -1.825], "size": [1, 7, 6], "uv": [28, 60]},
						{"origin": [-2.5, 31.275, 4.05], "size": [5, 1, 1], "uv": [66, 32]},
						{"origin": [-4.425, 34.75, -3.6], "size": [1, 4, 2], "uv": [28, 36]},
						{"origin": [-2, 37.75, -4.2], "size": [4, 3, 1], "uv": [66, 60]},
						{"origin": [-2.9, 40.05, -3.6], "size": [6, 1, 8], "uv": [22, 27]},
						{"origin": [-3.475, 39.25, -3.975], "size": [7, 1, 9], "uv": [0, 0]},
						{"origin": [-1.9, 41.05, -2.6], "size": [4, 1, 6], "uv": [60, 9]},
						{"origin": [-2.9, 41.05, -1.6], "size": [1, 1, 4], "uv": [91, 16]},
						{"origin": [2.1, 41.05, -1.6], "size": [1, 1, 4], "uv": [57, 16]},
						{"origin": [-3.9, 40.05, -2.6], "size": [1, 1, 6], "uv": [55, 82]},
						{"origin": [3.1, 40.05, -2.6], "size": [1, 1, 6], "uv": [82, 47]},
						{"origin": [2.5, 35.95, -4.5], "size": [1, 4, 1], "uv": [82, 61]},
						{"origin": [-3.5, 35.95, -4.5], "size": [1, 4, 1], "uv": [0, 74]}
					]
				},
				{
					"name": "QianTouFa3",
					"parent": "Hair",
					"pivot": [3.9125, 38.08667, -1.79979],
					"rotation": [-0.5, 0, 0],
					"cubes": [
						{"origin": [3.4, 31.58667, -3.79979], "size": [1.025, 6, 2], "uv": [0, 93]},
						{"origin": [4.4, 33.68667, -3.82479], "size": [1.025, 4, 1], "uv": [36, 60]},
						{"origin": [4.4, 32.68667, -2.82479], "size": [1.025, 6, 1], "uv": [54, 96]}
					]
				},
				{
					"name": "TouShi",
					"parent": "QianTouFa3",
					"pivot": [4.32282, 37.46167, -3.87489],
					"rotation": [3.61644, -19.6835, -10.62758],
					"cubes": [
						{"origin": [3.825, 35.96167, -4.39979], "size": [1, 3, 1], "uv": [0, 52]},
						{"origin": [2.825, 36.96167, -4.34979], "size": [3, 1, 1], "pivot": [4.325, 37.46167, -3.89979], "rotation": [0, -5, 0], "uv": [10, 52]}
					]
				},
				{
					"name": "Xu1_QianTouFa2",
					"parent": "QianTouFa3",
					"pivot": [3.9125, 33.83667, -2.64979],
					"rotation": [-2.48436, -0.75155, -2.38443],
					"cubes": [
						{"origin": [4.4, 28.83667, -3.57479], "size": [1, 5, 1.5], "uv": [97, 12]},
						{"origin": [3.4, 27.83667, -3.57479], "size": [1, 6, 1.5], "uv": [50, 96]}
					]
				},
				{
					"name": "Xu1_QianTouFa3",
					"parent": "Xu1_QianTouFa2",
					"pivot": [4.3125, 29.26167, -2.84979],
					"rotation": [4.88206, -1.08089, -0.04608],
					"cubes": [
						{"origin": [3.5, 26.26167, -3.47479], "size": [1, 3, 1.2], "uv": [62, 9]},
						{"origin": [4.075, 25.56167, -3.42479], "size": [1, 4, 1.2], "uv": [50, 0]}
					]
				},
				{
					"name": "Xu1_QianTouFa4",
					"parent": "Xu1_QianTouFa3",
					"pivot": [4.2375, 26.56167, -2.74979],
					"rotation": [4.83045, -1.29256, 4.94548]
				},
				{
					"name": "QianTouFa2",
					"parent": "Hair",
					"pivot": [-3.9125, 38.08667, -1.79979],
					"rotation": [-0.5, 0, 0],
					"cubes": [
						{"origin": [-4.425, 31.58667, -3.79979], "size": [1.025, 6, 2], "uv": [0, 93], "mirror": true},
						{"origin": [-5.425, 33.68667, -3.82479], "size": [1.025, 4, 1], "uv": [36, 60], "mirror": true},
						{"origin": [-5.425, 32.68667, -2.82479], "size": [1.025, 6, 1], "uv": [54, 96], "mirror": true}
					]
				},
				{
					"name": "TouShi2",
					"parent": "QianTouFa2",
					"pivot": [-4.32282, 37.46167, -3.87489],
					"rotation": [3.61644, 19.6835, 10.62758],
					"cubes": [
						{"origin": [-4.825, 35.96167, -4.39979], "size": [1, 3, 1], "uv": [0, 52], "mirror": true},
						{"origin": [-5.825, 36.96167, -4.34979], "size": [3, 1, 1], "pivot": [-4.325, 37.46167, -3.89979], "rotation": [0, 5, 0], "uv": [10, 52], "mirror": true}
					]
				},
				{
					"name": "Xu1_QianTouFa5",
					"parent": "QianTouFa2",
					"pivot": [-3.9125, 33.83667, -2.64979],
					"rotation": [-2.48436, 0.75155, 2.38443],
					"cubes": [
						{"origin": [-5.4, 28.83667, -3.57479], "size": [1, 5, 1.5], "uv": [97, 12], "mirror": true},
						{"origin": [-4.4, 27.83667, -3.57479], "size": [1, 6, 1.5], "uv": [50, 96], "mirror": true}
					]
				},
				{
					"name": "Xu1_QianTouFa6",
					"parent": "Xu1_QianTouFa5",
					"pivot": [-4.3125, 29.26167, -2.84979],
					"rotation": [4.88206, 1.08089, 0.04608],
					"cubes": [
						{"origin": [-4.5, 26.26167, -3.47479], "size": [1, 3, 1.2], "uv": [62, 9], "mirror": true},
						{"origin": [-5.075, 25.56167, -3.42479], "size": [1, 4, 1.2], "uv": [50, 0], "mirror": true}
					]
				},
				{
					"name": "Xu1_QianTouFa7",
					"parent": "Xu1_QianTouFa6",
					"pivot": [-4.2375, 26.56167, -2.74979],
					"rotation": [4.83045, 1.29256, -4.94548]
				},
				{
					"name": "MaoZi",
					"parent": "Hair",
					"pivot": [-0.54655, 41.51216, -0.925],
					"rotation": [10, 0, 0],
					"cubes": [
						{"origin": [2.55, 40.325, -4], "size": [2.2, 1, 6.2], "pivot": [3.6, 40.925, -0.9], "rotation": [0, 0, 10], "uv": [72, 60]},
						{"origin": [0.90753, 41.25035, -3.925], "size": [2.075, 2, 6.05], "pivot": [2.73253, 42.05035, -0.9], "rotation": [0, 0, 20], "uv": [14, 69]},
						{"origin": [2.98253, 41.25035, -3.925], "size": [2, 1, 6.05], "pivot": [2.73253, 42.05035, -0.9], "rotation": [0, 0, 20], "uv": [69, 25]},
						{"origin": [2.98253, 42.25035, -2.925], "size": [2, 1, 4.05], "pivot": [2.73253, 42.05035, -0.9], "rotation": [0, 0, 20], "uv": [43, 88]},
						{"origin": [2.98253, 42.22535, -3.9], "size": [1, 1, 1.05], "pivot": [2.73253, 42.05035, -0.9], "rotation": [0, 0, 20], "uv": [43, 88]},
						{"origin": [-3.56344, 39.70714, -3.95], "size": [3, 3, 6.05], "pivot": [-4.23011, 40.70714, -0.94167], "rotation": [0, 0, -20], "uv": [50, 34]},
						{"origin": [-3.56344, 39.70714, -4.95], "size": [3, 2, 8.05], "pivot": [-4.23011, 40.70714, -0.94167], "rotation": [0, 0, -20], "uv": [14, 36]},
						{"origin": [-4.56344, 39.70714, -4.5], "size": [1, 2, 7.05], "pivot": [-4.23011, 40.70714, -0.94167], "rotation": [0, 0, -20], "uv": [42, 62]},
						{"origin": [-5.56344, 39.70714, -4.5], "size": [1, 1, 7.05], "pivot": [-4.23011, 40.70714, -0.94167], "rotation": [0, 0, -20], "uv": [28, 36]},
						{"origin": [-5.56344, 40.70714, -3.5], "size": [1, 1, 5.05], "pivot": [-4.23011, 40.70714, -0.94167], "rotation": [0, 0, -20], "uv": [43, 0]},
						{"origin": [-4.56344, 41.70714, -3.5], "size": [1, 1, 5.05], "pivot": [-4.23011, 40.70714, -0.94167], "rotation": [0, 0, -20], "uv": [36, 60]},
						{"origin": [-1.55, 40.85, -3.9], "size": [3, 3, 6], "uv": [51, 0]},
						{"origin": [-1.55, 40.85, -4.9], "size": [3, 2, 8], "uv": [36, 36]},
						{"origin": [1.45, 40.85, -4.9], "size": [1, 2, 8], "uv": [10, 46]},
						{"origin": [-3, 40.525, -5], "size": [6.2, 1, 8.2], "uv": [23, 0]}
					]
				},
				{
					"name": "Biao",
					"parent": "MaoZi",
					"pivot": [2.9955, 42.33875, -3.975],
					"rotation": [-1.30962, -7.38542, 10.08453],
					"cubes": [
						{"origin": [3.35, 42.225, -4.025], "size": [0.1, 0.365, 0.1], "uv": [116, 89]},
						{"origin": [3.35, 42.225, -4.025], "size": [0.1, 0.365, 0.1], "pivot": [3, 42.4, -3.975], "rotation": [0, 0, -180], "uv": [116, 89]},
						{"origin": [3.35, 42.225, -4.025], "size": [0.1, 0.365, 0.1], "pivot": [3, 42.4, -3.975], "rotation": [0, 0, 45], "uv": [116, 89]},
						{"origin": [3.35, 42.225, -4.025], "size": [0.1, 0.365, 0.1], "pivot": [3, 42.4, -3.975], "rotation": [0, 0, 135], "uv": [116, 89]},
						{"origin": [3.35, 42.225, -4.025], "size": [0.1, 0.365, 0.1], "pivot": [3, 42.4, -3.975], "rotation": [0, 0, 90], "uv": [116, 89]},
						{"origin": [3.1, 42.275, -4.025], "size": [0.075, 0.215, 0.1], "pivot": [3, 42.4, -3.975], "rotation": [0, 0, 90], "uv": [116, 89]},
						{"origin": [3.175, 42.35, -4.025], "size": [0.1, 0.065, 0.1], "pivot": [3, 42.4, -3.975], "rotation": [0, 0, 90], "uv": [116, 89]},
						{"origin": [2.6, 42.35, -4.025], "size": [0.5, 0.065, 0.1], "pivot": [3, 42.4, -3.975], "rotation": [0, 0, 90], "uv": [116, 89]},
						{"origin": [3.35, 42.225, -4.025], "size": [0.1, 0.365, 0.1], "pivot": [3, 42.4, -3.975], "rotation": [0, 0, -135], "uv": [116, 89]},
						{"origin": [3.35, 42.225, -4.025], "size": [0.1, 0.365, 0.1], "pivot": [3, 42.4, -3.975], "rotation": [0, 0, -45], "uv": [116, 89]}
					]
				},
				{
					"name": "TouFa_Chang4",
					"parent": "Hair",
					"pivot": [0, 38.025, 4.8],
					"cubes": [
						{"origin": [3, 32.3, 4.05], "size": [1, 7, 1], "uv": [14, 96]},
						{"origin": [-3, 32.275, 4.05], "size": [6, 7, 1], "uv": [82, 32]},
						{"origin": [-4, 32.275, 4.1], "size": [1, 7, 1], "uv": [96, 29]},
						{"origin": [-2.5, 34.25, 5], "size": [5, 5, 1], "uv": [88, 40]}
					]
				},
				{
					"name": "TouFa_Chang",
					"parent": "Hair",
					"pivot": [0, 33.95, 5.1],
					"rotation": [5, 0, 0],
					"cubes": [
						{"origin": [2.6, 30.25, 2], "size": [3, 4, 3], "uv": [66, 87]},
						{"origin": [-5.6, 30.25, 2], "size": [3, 4, 3], "uv": [0, 86]},
						{"origin": [-3.5, 29.25, 5], "size": [7, 5, 1], "uv": [74, 6]}
					]
				},
				{
					"name": "TouFa_Chang3",
					"parent": "TouFa_Chang",
					"pivot": [0, 30.25, 5.65],
					"cubes": [
						{"origin": [-4, 26.25, 5.15], "size": [8, 5, 1], "uv": [70, 47]},
						{"origin": [-6, 27.25, 4.175], "size": [3, 4, 1], "uv": [84, 93]},
						{"origin": [3, 27.25, 4.175], "size": [3, 4, 1], "uv": [92, 93]},
						{"origin": [5, 28.25, 3.175], "size": [1, 3, 1], "uv": [18, 24]},
						{"origin": [-6, 28.25, 3.175], "size": [1, 3, 1], "uv": [0, 24]}
					]
				},
				{
					"name": "TouFa_Chang2",
					"parent": "TouFa_Chang3",
					"pivot": [0, 26.25, 5.85],
					"rotation": [-2.5, 0, 0],
					"cubes": [
						{"origin": [-4.5, 22.25, 5.35], "size": [9, 5, 1], "uv": [63, 0]},
						{"origin": [-6.5, 23.25, 4.375], "size": [3, 4, 1], "uv": [42, 93]},
						{"origin": [-5.5, 22.25, 4.375], "size": [1, 1, 1], "uv": [72, 64]},
						{"origin": [4.5, 22.25, 4.375], "size": [1, 1, 1], "uv": [54, 71]},
						{"origin": [3.5, 23.25, 4.375], "size": [3, 4, 1], "uv": [20, 49]}
					]
				},
				{
					"name": "Face",
					"parent": "Head",
					"pivot": [-1.05, 15.05, -4.5]
				},
				{
					"name": "Mouth",
					"parent": "Face",
					"pivot": [0.35, 32.975, -3.6]
				},
				{
					"name": "Zui2",
					"parent": "Mouth",
					"pivot": [0.14167, 33.05, -3.63333],
					"cubes": [
						{"origin": [-0.9, 32.925, -3.6], "size": [1.8, 0.1, 0], "uv": [0, 0]},
						{"origin": [-0.5, 32.3, -3.6], "size": [1, 0.75, 0], "uv": [0, 0]}
					]
				},
				{
					"name": "bone23",
					"parent": "Zui2",
					"pivot": [0.375, 33.2, -3.6],
					"rotation": [0, 0, 8.25],
					"cubes": [
						{"origin": [-0.00695, 32.9531, -3.6], "size": [0.925, 0.15, 0], "uv": [0, 0]},
						{"origin": [-0.00695, 33.0781, -3.65], "size": [1.125, 0.15, 0], "uv": [0, 0]}
					]
				},
				{
					"name": "bone24",
					"parent": "Zui2",
					"pivot": [-0.375, 33.2, -3.6],
					"rotation": [0, 0, -8.25],
					"cubes": [
						{"origin": [-0.91805, 32.9531, -3.6], "size": [0.9, 0.15, 0], "uv": [0, 0]},
						{"origin": [-0.99305, 33.0781, -3.65], "size": [1, 0.15, 0], "uv": [0, 0]}
					]
				},
				{
					"name": "Ya",
					"parent": "Zui2",
					"pivot": [0, 33.175, -3.625],
					"cubes": [
						{"origin": [-0.6, 32.275, -3.625], "size": [1.2, 0.2, 0], "uv": [0, 0]}
					]
				},
				{
					"name": "bone26",
					"parent": "Ya",
					"pivot": [0.55, 32.4, -3.625],
					"rotation": [0, 0, -65],
					"cubes": [
						{"origin": [0.45, 32.3, -3.625], "size": [0.5, 0.2, 0], "uv": [0, 0]}
					]
				},
				{
					"name": "bone5",
					"parent": "bone26",
					"pivot": [1.125, 32.775, -3.625],
					"rotation": [0, 0, 27.5],
					"cubes": [
						{"origin": [1.025, 32.675, -3.625], "size": [0.2, 0.2, 0], "uv": [0, 0]}
					]
				},
				{
					"name": "bone25",
					"parent": "Ya",
					"pivot": [-0.55, 32.4, -3.625],
					"rotation": [0, 0, 65],
					"cubes": [
						{"origin": [-0.95, 32.3, -3.625], "size": [0.5, 0.2, 0], "uv": [0, 0]}
					]
				},
				{
					"name": "bone27",
					"parent": "bone25",
					"pivot": [-1.125, 32.775, -3.625],
					"rotation": [0, 0, -27.5],
					"cubes": [
						{"origin": [-1.225, 32.675, -3.625], "size": [0.2, 0.2, 0], "uv": [0, 0]}
					]
				},
				{
					"name": "bone10",
					"parent": "Zui2",
					"pivot": [0.5125, 33.325, -3.7],
					"rotation": [0, 0, 45]
				},
				{
					"name": "bone3",
					"parent": "Zui2",
					"pivot": [-0.65, 32.875, -3.6],
					"rotation": [0, 0, 65],
					"cubes": [
						{"origin": [-0.775, 32.675, -3.6], "size": [0.675, 0.4, 0], "uv": [0, 0]}
					]
				},
				{
					"name": "bone9",
					"parent": "Zui2",
					"pivot": [0.65, 32.875, -3.6],
					"rotation": [0, 0, -65],
					"cubes": [
						{"origin": [0.1, 32.675, -3.6], "size": [0.675, 0.4, 0], "uv": [0, 0]}
					]
				},
				{
					"name": "Eyes",
					"parent": "Face",
					"pivot": [-1.05, 15.05, -4.5]
				},
				{
					"name": "RightEyebrow",
					"parent": "Eyes",
					"pivot": [-2.875, 34.85, -3.2],
					"cubes": [
						{"origin": [-3.675, 34.85, -3.7], "size": [2.3, 1, 1], "uv": [76, 100]},
						{"origin": [-4.45, 34.575, -3.95], "size": [1.1, 1, 1], "uv": [96, 100]}
					]
				},
				{
					"name": "LeftEyebrow",
					"parent": "Eyes",
					"pivot": [2.875, 34.85, -3.2],
					"cubes": [
						{"origin": [1.375, 34.85, -3.7], "size": [2.3, 1, 1], "uv": [76, 100]},
						{"origin": [3.35, 34.575, -3.875], "size": [1.1, 1, 1], "uv": [96, 100]}
					]
				},
				{
					"name": "Eyelid",
					"parent": "Eyes",
					"pivot": [-1.05, 15.05, -4.5]
				},
				{
					"name": "RightEyelid",
					"parent": "Eyelid",
					"pivot": [-2.5, 33.25, -3.025],
					"cubes": [
						{"origin": [-3.5, 33.05, -3.525], "size": [2, 2, 1], "uv": [103, 1]}
					]
				},
				{
					"name": "RightEyelidBase",
					"parent": "RightEyelid",
					"pivot": [-2.325, 33.45, -3.075],
					"cubes": [
						{"origin": [-3.025, 33.05, -3.575], "size": [1.4, 2, 1], "uv": [84, 99]}
					]
				},
				{
					"name": "RightEyesDot",
					"parent": "RightEyelidBase",
					"pivot": [-1.8, 34.55, -3.1],
					"cubes": [
						{"origin": [-2.05, 34.4, -3.6], "size": [0.5, 0.3, 1], "uv": [87, 100]}
					]
				},
				{
					"name": "LeftEyelid",
					"parent": "Eyelid",
					"pivot": [2.5, 33.25, -3.025],
					"cubes": [
						{"origin": [1.5, 33.05, -3.525], "size": [2, 2, 1], "uv": [103, 1]}
					]
				},
				{
					"name": "LeftEyelidBase",
					"parent": "LeftEyelid",
					"pivot": [2.325, 32.95, -3.075],
					"cubes": [
						{"origin": [1.625, 33.05, -3.575], "size": [1.4, 2, 1], "uv": [84, 99]}
					]
				},
				{
					"name": "LeftEyesDot",
					"parent": "LeftEyelidBase",
					"pivot": [2.825, 34.55, -3.1],
					"cubes": [
						{"origin": [2.575, 34.4, -3.6], "size": [0.5, 0.3, 1], "uv": [87, 100]}
					]
				},
				{
					"name": "Head_TouShi",
					"parent": "Head",
					"pivot": [3.425, 37.3, -2.1],
					"rotation": [1.86397, 13.87782, 7.72687]
				},
				{
					"name": "JIan3",
					"parent": "Head_TouShi",
					"pivot": [-0.125, 37.3, -2.1]
				},
				{
					"name": "JIan4",
					"parent": "Head_TouShi",
					"pivot": [-0.125, 31.8, -2.1]
				},
				{
					"name": "ZuoDaiZi3",
					"parent": "Head_TouShi",
					"pivot": [2.425, 37.3, -2.1],
					"rotation": [0, 0, 2.5]
				},
				{
					"name": "DaiZi3",
					"parent": "ZuoDaiZi3",
					"pivot": [-0.575, 37.3, -2.1]
				},
				{
					"name": "Arm",
					"parent": "UpperBody",
					"pivot": [-0.2, 6.275, 0]
				},
				{
					"name": "LeftArm",
					"parent": "Arm",
					"pivot": [3.4, 30.025, 0],
					"rotation": [0, 0, -18],
					"cubes": [
						{"origin": [2.6, 24.075, -1.5], "size": [3.05, 7, 3], "uv": [23, 82]},
						{"origin": [2.9, 23.175, -1.1], "size": [2.55, 2, 2.2], "uv": [0, 82]},
						{"origin": [2.8, 23.125, -1.125], "size": [2.7, 2.05, 2.3], "uv": [48, 71]},
						{"origin": [2.625, 25.675, -1.475], "size": [3.2, 0.6, 3], "uv": [114, 69]},
						{"origin": [2.65, 26.475, -0.35], "size": [3.2, 3.45, 0.6], "uv": [111, 59]},
						{"origin": [2.625, 28.35, -1.475], "size": [3.2, 0.6, 3], "uv": [111, 59]},
						{"origin": [2.625, 25.075, -1.475], "size": [3.2, 0.6, 3], "uv": [111, 59]},
						{"origin": [2.625, 24.475, -1.475], "size": [3.2, 0.6, 3], "uv": [114, 48]},
						{"origin": [2.45, 23.9, -1.7], "size": [3.25, 7.3, 3.4], "uv": [35, 81]}
					]
				},
				{
					"name": "LeftForeArm",
					"parent": "LeftArm",
					"pivot": [4.125, 24.075, 0.025],
					"cubes": [
						{"origin": [2.625, 17.075, -1.475], "size": [3, 7, 3], "uv": [75, 80]},
						{"origin": [2.525, 19.375, -1.575], "size": [3.2, 5, 3.2], "uv": [85, 64]},
						{"origin": [2.65, 20.175, -0.975], "size": [3.2, 0.6, 2], "pivot": [4.225, 20.475, 0.025], "rotation": [-90, 0, 0], "uv": [118, 38]},
						{"origin": [2.625, 20.175, -0.975], "size": [3.2, 0.6, 2], "uv": [118, 38]},
						{"origin": [2.575, 20.075, -1.075], "size": [3.2, 0.8, 2.2], "uv": [110, 89]},
						{"origin": [2.6, 20.075, -1.075], "size": [3.2, 0.8, 2.2], "pivot": [4.225, 20.475, 0.025], "rotation": [-90, 0, 0], "uv": [110, 89]}
					]
				},
				{
					"name": "LeftHand",
					"parent": "LeftForeArm",
					"pivot": [-1.875, 2.975, 0],
					"cubes": [
						{"origin": [3.625, 18.075, -0.475], "size": [1, 1, 1], "uv": [75, 84]}
					]
				},
				{
					"name": "LeftHandLocator",
					"parent": "LeftHand",
					"pivot": [4.125, 18.575, 0.025],
					"cubes": [
						{"origin": [3.625, 18.075, -0.475], "size": [1, 1, 1], "uv": [75, 84]}
					]
				},
				{
					"name": "RightArm",
					"parent": "Arm",
					"pivot": [-3.4, 30.025, 0],
					"rotation": [0, 0, 18],
					"cubes": [
						{"origin": [-5.65, 24.075, -1.5], "size": [3.05, 7, 3], "uv": [11, 79]},
						{"origin": [-5.7, 23.9, -1.7], "size": [3.25, 7.3, 3.4], "uv": [49, 78]},
						{"origin": [-5.825, 24.475, -1.475], "size": [3.2, 0.6, 3], "uv": [114, 48], "mirror": true},
						{"origin": [-5.825, 25.075, -1.475], "size": [3.2, 0.6, 3], "uv": [111, 59], "mirror": true},
						{"origin": [-5.825, 25.675, -1.475], "size": [3.2, 0.6, 3], "uv": [114, 69], "mirror": true},
						{"origin": [-5.825, 28.35, -1.475], "size": [3.2, 0.6, 3], "uv": [111, 59], "mirror": true},
						{"origin": [-5.85, 26.475, -0.35], "size": [3.2, 3.45, 0.6], "uv": [111, 59], "mirror": true},
						{"origin": [-5.45, 23.175, -1.1], "size": [2.55, 2, 2.2], "uv": [38, 46]},
						{"origin": [-5.5, 23.125, -1.125], "size": [2.7, 2.05, 2.3], "uv": [0, 0]}
					]
				},
				{
					"name": "RightForeArm",
					"parent": "RightArm",
					"pivot": [-4.125, 24.075, 0.025],
					"cubes": [
						{"origin": [-5.725, 19.375, -1.575], "size": [3.2, 5, 3.2], "uv": [83, 12]},
						{"origin": [-5.625, 17.075, -1.475], "size": [3, 7, 3], "uv": [63, 77]},
						{"origin": [-5.85, 20.175, -0.975], "size": [3.2, 0.6, 2], "pivot": [-4.225, 20.475, 0.025], "rotation": [-90, 0, 0], "uv": [118, 38], "mirror": true},
						{"origin": [-5.825, 20.175, -0.975], "size": [3.2, 0.6, 2], "uv": [118, 38], "mirror": true},
						{"origin": [-5.775, 20.075, -1.075], "size": [3.2, 0.8, 2.2], "uv": [110, 89], "mirror": true},
						{"origin": [-5.8, 20.075, -1.075], "size": [3.2, 0.8, 2.2], "pivot": [-4.225, 20.475, 0.025], "rotation": [-90, 0, 0], "uv": [110, 89], "mirror": true}
					]
				},
				{
					"name": "RightHand",
					"parent": "RightForeArm",
					"pivot": [-4.125, 18.575, 0.025],
					"cubes": [
						{"origin": [-4.625, 18.075, -0.475], "size": [1, 1, 1], "uv": [63, 77]}
					]
				},
				{
					"name": "RightHandLocator",
					"parent": "RightHand",
					"pivot": [-4.125, 18.575, 0.025],
					"cubes": [
						{"origin": [-4.625, 18.075, -0.475], "size": [1, 1, 1], "uv": [63, 77]}
					]
				},
				{
					"name": "Beast",
					"parent": "UpperBody",
					"pivot": [-0.0125, 27.74747, -2.15834],
					"rotation": [-32.5, 0, 0],
					"cubes": [
						{"origin": [-3.55, 26.24747, -3.15834], "size": [7.075, 3, 3], "uv": [62, 34]},
						{"origin": [1, 26.32247, -3.25834], "size": [2.075, 1, 1], "uv": [75, 114]},
						{"origin": [-0.35, 26.17247, -3.23334], "size": [0.7, 0.7, 0.7], "uv": [44, 117]}
					]
				},
				{
					"name": "WenZi",
					"parent": "Beast",
					"pivot": [0, 11.94598, -1.07461],
					"cubes": [
						{"origin": [-2.825, 26.84747, -3.18334], "size": [1.375, 0.2, 1], "uv": [108, 93]},
						{"origin": [-2.825, 26.19747, -2.08334], "size": [1.375, 0.4, 0.2], "uv": [108, 93]},
						{"origin": [-2.825, 26.19747, -1.25834], "size": [1.375, 0.4, 0.2], "uv": [108, 93]},
						{"origin": [-2.875, 26.19747, -1.45834], "size": [1.375, 0.4, 0.2], "pivot": [-2.1375, 26.39747, -1.15834], "rotation": [0, -17.5, 0], "uv": [108, 93]},
						{"origin": [-1.975, 26.19747, -1.74166], "size": [1.375, 0.4, 0.2], "pivot": [-2.1375, 26.39747, 1.03334], "rotation": [0, 17.5, 0], "uv": [108, 93]},
						{"origin": [-2.075, 26.97247, -3.18334], "size": [0.75, 0.2, 1], "pivot": [-2.2375, 27.04747, -2.68334], "rotation": [0, 0, 47.5], "uv": [108, 93]},
						{"origin": [-2.125, 28.87247, -3.18334], "size": [0.75, 0.2, 1], "pivot": [0.4875, 27.04747, -2.68334], "rotation": [0, 0, -47.5], "uv": [108, 93], "mirror": true}
					]
				},
				{
					"name": "O",
					"parent": "WenZi",
					"pivot": [-0.375, 11.94598, -1.07461],
					"cubes": [
						{"origin": [-1.65, 26.19747, -2.90834], "size": [0.175, 0.4, 0.6], "uv": [108, 93]},
						{"origin": [-2.625, 26.19747, -2.40834], "size": [0.975, 0.4, 0.2], "uv": [108, 93]},
						{"origin": [-2.625, 26.19747, -3.00834], "size": [0.975, 0.4, 0.2], "uv": [108, 93]},
						{"origin": [-2.8, 26.19747, -2.90834], "size": [0.175, 0.4, 0.6], "uv": [108, 93]}
					]
				},
				{
					"name": "Cloth",
					"parent": "UpperBody",
					"pivot": [0, 19.85, 0.1]
				},
				{
					"name": "QunZi",
					"parent": "Cloth",
					"pivot": [0, 21.7, -0.0625]
				},
				{
					"name": "QunZi_Wai",
					"parent": "QunZi",
					"pivot": [0, 21.225, 0.0125]
				},
				{
					"name": "Xia",
					"parent": "QunZi_Wai",
					"pivot": [0, 21.225, 0.0125]
				},
				{
					"name": "You",
					"parent": "Xia",
					"pivot": [-3.525, 22.9, 0.0375],
					"rotation": [0, 0, 17.5]
				},
				{
					"name": "Zuo",
					"parent": "Xia",
					"pivot": [3.6, 22.9, 0.0375],
					"rotation": [0, 0, -17.5]
				},
				{
					"name": "DaoQiao",
					"parent": "Zuo",
					"pivot": [4.2, 19.925, -2.4125],
					"rotation": [8.08417, 31.87953, 5.34627]
				},
				{
					"name": "Dao",
					"parent": "DaoQiao",
					"pivot": [4.2, 23.425, -2.4125]
				},
				{
					"name": "DaoRen",
					"parent": "Dao",
					"pivot": [4.2, 17.925, -2.1625]
				},
				{
					"name": "Qian",
					"parent": "Xia",
					"pivot": [0, 23.25, -2.0125],
					"rotation": [-20, 0, 0]
				},
				{
					"name": "WenZi3",
					"parent": "Qian",
					"pivot": [-2.5125, 21.97247, -1.58334],
					"rotation": [0, 0, 5]
				},
				{
					"name": "D",
					"parent": "WenZi3",
					"pivot": [-0.75, 8.04598, 0.05039]
				},
				{
					"name": "E",
					"parent": "WenZi3",
					"pivot": [-0.75, 3.04598, 0.05039]
				},
				{
					"name": "E3",
					"parent": "WenZi3",
					"pivot": [-0.75, 4.64598, 0.05039]
				},
				{
					"name": "E4",
					"parent": "WenZi3",
					"pivot": [-0.75, 5.44598, 0.05039]
				},
				{
					"name": "E2",
					"parent": "WenZi3",
					"pivot": [-0.75, 3.84598, 0.05039]
				},
				{
					"name": "O2",
					"parent": "WenZi3",
					"pivot": [-2.5125, 21.97247, -1.88334],
					"rotation": [-90, 0, 0]
				},
				{
					"name": "Qian2",
					"parent": "Xia",
					"pivot": [0, 23.1, 2.4125],
					"rotation": [12.5, 0, 0]
				},
				{
					"name": "QunZi_Nei",
					"parent": "QunZi",
					"pivot": [0.5, 11.15, 0]
				},
				{
					"name": "QunZi2",
					"parent": "QunZi_Nei",
					"pivot": [0, 19.15, -0.1]
				},
				{
					"name": "Word",
					"parent": "UpperBody",
					"pivot": [-0.75, 5.44598, 0.05039],
					"cubes": [
						{"origin": [-3.2, 22.94747, -2.08334], "size": [1.375, 0.2, 1], "uv": [108, 93]},
						{"origin": [-3, 22.44747, -2.08334], "size": [0.975, 0.2, 1], "uv": [108, 93]},
						{"origin": [-3.2, 22.64747, -2.08334], "size": [0.2, 0.3, 1], "uv": [108, 93]},
						{"origin": [-2.025, 22.64747, -2.08334], "size": [0.2, 0.3, 1], "uv": [108, 93]},
						{"origin": [-2.025, 21.77247, -2.18334], "size": [0.175, 0.4, 0.6], "uv": [108, 93]},
						{"origin": [-3, 21.77247, -1.68334], "size": [0.975, 0.4, 0.2], "uv": [108, 93]},
						{"origin": [-3, 21.77247, -2.28334], "size": [0.975, 0.4, 0.2], "uv": [108, 93]},
						{"origin": [-3.175, 21.77247, -2.18334], "size": [0.175, 0.4, 0.6], "uv": [108, 93]},
						{"origin": [-3, 21.77247, -1.68334], "size": [0.975, 0.4, 0.2], "uv": [108, 93]},
						{"origin": [-3.2, 17.44747, -2.08334], "size": [0.2, 0.5, 1], "uv": [108, 93]},
						{"origin": [-2.025, 17.44747, -2.08334], "size": [0.2, 0.5, 1], "uv": [108, 93]},
						{"origin": [-3.2, 17.94747, -2.08334], "size": [1.375, 0.2, 1], "uv": [108, 93]},
						{"origin": [-2.625, 17.54747, -2.08334], "size": [0.2, 0.4, 1], "uv": [108, 93]},
						{"origin": [-2.025, 18.24747, -2.08334], "size": [0.2, 0.7, 1], "uv": [108, 93]},
						{"origin": [-3.2, 18.49747, -2.08334], "size": [1.175, 0.2, 1], "uv": [108, 93]},
						{"origin": [-2.025, 19.04747, -2.08334], "size": [0.2, 0.5, 1], "uv": [108, 93]},
						{"origin": [-2.625, 19.14747, -2.08334], "size": [0.2, 0.4, 1], "uv": [108, 93]},
						{"origin": [-3.2, 19.54747, -2.08334], "size": [1.375, 0.2, 1], "uv": [108, 93]},
						{"origin": [-3.2, 19.84747, -2.08334], "size": [0.2, 0.5, 1], "uv": [108, 93]},
						{"origin": [-2.025, 19.84747, -2.08334], "size": [0.2, 0.5, 1], "uv": [108, 93]},
						{"origin": [-2.625, 19.94747, -2.08334], "size": [0.2, 0.4, 1], "uv": [108, 93]},
						{"origin": [-3.2, 20.34747, -2.08334], "size": [1.375, 0.2, 1], "uv": [108, 93]}
					]
				},
				{
					"name": "DownBody",
					"parent": "AllBody",
					"pivot": [0, 21, 0]
				},
				{
					"name": "Leg",
					"parent": "DownBody",
					"pivot": [-0.75, 17.44598, 0.05039]
				},
				{
					"name": "LeftLeg",
					"parent": "Leg",
					"pivot": [2.4, 20.15, -1],
					"cubes": [
						{"origin": [0.375, 10.65, -2], "size": [3.65, 10, 4], "uv": [42, 46]},
						{"origin": [0.9, 9.65, -1.375], "size": [2.65, 3, 3], "uv": [90, 6]}
					]
				},
				{
					"name": "LeftLowerLeg",
					"parent": "LeftLeg",
					"pivot": [2.2, 10.7, 0],
					"cubes": [
						{"origin": [0.5, 2, -1.9], "size": [3.4, 9, 4], "uv": [52, 56]},
						{"origin": [0.4, 1.925, -1.975], "size": [3.6, 9.175, 4.175], "uv": [56, 43]}
					]
				},
				{
					"name": "LeftFoot",
					"parent": "LeftLowerLeg",
					"pivot": [2.1875, 2.5, -0.8625],
					"cubes": [
						{"origin": [0.25, 0, -2.1], "size": [3.875, 4, 4.375], "uv": [73, 70]},
						{"origin": [0.35, 0, -4.4], "size": [3.675, 3, 3], "uv": [84, 87]},
						{"origin": [0.95, 2.575, -3.2], "size": [2.675, 1, 2], "pivot": [2.6875, 2.5, -2.9], "rotation": [22.5, 0, 0], "uv": [68, 40]}
					]
				},
				{
					"name": "RightLeg",
					"parent": "Leg",
					"pivot": [-2.4, 20.15, -1],
					"cubes": [
						{"origin": [-3.55, 9.65, -1.375], "size": [2.65, 3, 3], "uv": [32, 91]},
						{"origin": [-4.025, 10.65, -2], "size": [3.65, 10, 4], "uv": [28, 46]},
						{"origin": [-5.125, 13.45, -2.1], "size": [4.05, 1, 4.2], "pivot": [-0.4, 14.65, 1], "rotation": [0, 0, -15], "uv": [82, 56]},
						{"origin": [-5.75, 10.45, -1.7], "size": [2.05, 4, 3.2], "uv": [12, 89]},
						{"origin": [-1.075, 13.275, -2.15], "size": [0.75, 1, 4.275], "uv": [21, 121]},
						{"origin": [-3.775, 15.275, -2.075], "size": [0.75, 3, 4.15], "uv": [18, 117]},
						{"origin": [-3.775, 13.275, -2.075], "size": [0.75, 2, 4.15], "uv": [54, 118]}
					]
				},
				{
					"name": "RightLowerLeg",
					"parent": "RightLeg",
					"pivot": [-2.2, 10.7, 0],
					"cubes": [
						{"origin": [-3.9, 2, -1.9], "size": [3.4, 9, 4], "uv": [14, 56]},
						{"origin": [-4, 1.925, -1.975], "size": [3.6, 9.175, 4.175], "uv": [0, 52]}
					]
				},
				{
					"name": "RightFoot",
					"parent": "RightLowerLeg",
					"pivot": [-1.3, 2.3, 0.225],
					"cubes": [
						{"origin": [-4.13727, -0.02507, -2.05675], "size": [3.875, 4, 4.375], "uv": [38, 71]},
						{"origin": [-4.03727, -0.02507, -4.35675], "size": [3.675, 3, 3], "uv": [87, 81]},
						{"origin": [-3.63727, 2.54993, -3.15675], "size": [2.675, 1, 2], "pivot": [-2.69977, 2.47493, -2.85675], "rotation": [22.5, 0, 0], "uv": [52, 24]}
					]
				},
				{
					"name": "Skirt",
					"parent": "DownBody",
					"pivot": [0.9506, 20.91199, -0.85668],
					"cubes": [
						{"origin": [-3.625, 17.175, -2.9625], "size": [1, 3, 6], "uv": [24, 73]},
						{"origin": [2.7, 17.075, -2.9625], "size": [1, 3, 6], "uv": [52, 69]},
						{"origin": [-5.25, 17.25, -2.0625], "size": [10.475, 3, 1.1], "uv": [66, 43]},
						{"origin": [-5.15, 17.1, 1.3625], "size": [10.275, 3, 1.1], "uv": [62, 56]},
						{"origin": [2.7, 20.075, -1.9625], "size": [1, 3, 4], "uv": [90, 46]},
						{"origin": [-4.25, 20.1, 1.3625], "size": [8.475, 3, 1.1], "uv": [79, 26]},
						{"origin": [-3.625, 20.175, -1.9625], "size": [1, 3, 4], "uv": [51, 89]},
						{"origin": [-4.25, 20.25, -2.0625], "size": [8.475, 3, 1.1], "uv": [79, 22]},
						{"origin": [-2.7, 29.15, -2.125], "size": [5.4, 2, 4.2], "uv": [69, 16]},
						{"origin": [-3.95, 19.65, -2.5], "size": [7.95, 2.2, 5], "uv": [42, 27]},
						{"origin": [-4.2, 18.6, -2.8], "size": [8.4, 2.2, 5.475], "uv": [21, 10]},
						{"origin": [-4.6, 16.55, -3.1], "size": [9.2, 3.2, 6], "uv": [22, 18]},
						{"origin": [3.65, 15.875, -3.4375], "size": [1.075, 6.05, 2.05], "uv": [91, 72]},
						{"origin": [3.5, 21.925, -3.7125], "size": [1.4, 0.5, 2.6], "uv": [2, 108]},
						{"origin": [3.7, 22.425, -2.9125], "size": [1, 3, 1], "uv": [52, 46]},
						{"origin": [3.7, 16.925, -3.4125], "size": [1, 5, 2], "uv": [0, 10]},
						{"origin": [3.7, 15.925, -2.4125], "size": [1, 1, 1], "uv": [11, 45]},
						{"origin": [-0.35, 24.97247, -2.08334], "size": [0.7, 0.7, 0.7], "uv": [38, 123]},
						{"origin": [-0.55, 22.82247, -2.15834], "size": [0.7, 0.7, 0.7], "pivot": [0, 23.42247, -1.73334], "rotation": [-7.5, 0, 0], "uv": [45, 123]},
						{"origin": [-0.8, 20.79747, -2.15834], "size": [0.7, 0.7, 0.7], "uv": [44, 117]},
						{"origin": [-0.85, 18.34747, -2.15834], "size": [0.7, 0.7, 0.7], "uv": [44, 117]}
					]
				}
			]
		}
	]
}