{
	"format_version": "1.19.0",
	"animation_controllers": {
		"player.pre_parallel_0": {
			"states": {
				"default": {
					"animations": [
						"pre_parallel0",
						"pre_parallel1",
						"pre_parallel2",
						"pre_parallel3",
						"pre_parallel4",
						"pre_parallel5",
						"pre_parallel6",
						"pre_parallel7",
						{"呲牙时眨眼": "v.roaming.expre==1?1:0"},
						{"委屈时眨眼": "v.roaming.expre==2?1:0"},
						{"哈气时眨眼": "v.roaming.expre==3?1:0"}
					]
				}
			}
		},
		"player.pre_parallel_1": {},
		"player.pre_parallel_2": {},
		"player.pre_parallel_3": {},
		"player.pre_parallel_4": {},
		"player.pre_parallel_5": {},
		"player.pre_parallel_6": {},
		"player.pre_parallel_7": {},
		"player.parallel_0": {
			"states": {
				"default": {
					"animations": [
						"parallel0",
						"parallel1",
						"parallel2",
						"parallel3",
						"parallel4",
						"parallel5",
						"parallel6",
						"parallel7",
						"parallel8",
						"parallel9",
						"parallel10"
					]
				}
			}
		},
		"player.parallel_2": {
			"states": {
				"default": {
					"animations": ["empty"],
					"transitions": [
						{"sword/sheild switch": "v.head_hold_swords"}
					]
				},
				"sword/sheild switch": {
					"animations": [
						{"hold_mainhand:sword_head": "!query.equipped_item_any_tag('offhand', 'yes_steve_model:shields')"},
						{"hold_mainhand:sword_two_head": "query.equipped_item_any_tag('offhand', 'yes_steve_model:shields')"}
					],
					"transitions": [
						{"default": "q.all_animations_finished"}
					],
					"blend_transition": 0.05
				}
			}
		},
		"player.parallel_3": {},
		"player.parallel_4": {},
		"player.parallel_5": {},
		"player.parallel_6": {},
		"player.parallel_7": {},
		"player.parallel_1": {
			"states": {
				"default": {
					"animations": [
						"attack_empty",
						{"attack_two_empty": "v.query_hold_swords_shields"}
					],
					"on_exit": ["v.swing_sword=0;v.attack=math.mod(v.attack+1,3);"],
					"transitions": [
						{"attack1": "v.swing_sword&&v.attack==0&&!v.jump"},
						{"attack2": "v.swing_sword&&v.attack==1&&!v.jump"},
						{"attack3": "v.swing_sword&&v.attack==2&&!v.jump"},
						{"attack_jump": "v.swing_sword&&v.jump"},
						{"sheild": "ctrl.use('offhand','#yes_steve_model:shields')"}
					]
				},
				"sheild": {
					"animations": [
						{"sword_shield_attack_two": "v.query_hold_swords_shields"},
						{"attack_empty": "!v.query_hold_swords_shields"}
					],
					"transitions": [
						{"default": "!ctrl.use('offhand','#yes_steve_model:shields')"}
					]
				},
				"attack1": {
					"animations": [
						{"sword_attack_01": "!ctrl.idle&&!v.query_hold_swords_shields"},
						{"sword_idle_attack_01": "ctrl.idle&&!v.query_hold_swords_shields"},
						{"sword_attack_two_01": "!ctrl.idle&&v.query_hold_swords_shields"},
						{"sword_idle_attack_two_01": "ctrl.idle&&v.query_hold_swords_shields"}
					],
					"on_exit": ["v.swing_sword=0;v.attack=math.mod(v.attack+1,3);"],
					"transitions": [
						{"attack2": "v.swing_sword&&v.attack==1&&!v.jump"},
						{"default": "q.all_animations_finished"},
						{"attack_jump": "v.swing_sword&&v.jump"},
						{"sheild": "ctrl.use('offhand','#yes_steve_model:shields')"}
					]
				},
				"attack2": {
					"animations": [
						{"sword_attack_02": "!ctrl.idle&&!v.query_hold_swords_shields"},
						{"sword_idle_attack_02": "ctrl.idle&&!v.query_hold_swords_shields"},
						{"sword_attack_two_02": "!ctrl.idle&&v.query_hold_swords_shields"},
						{"sword_idle_attack_two_02": "ctrl.idle&&v.query_hold_swords_shields"}
					],
					"on_exit": ["v.swing_sword=0;v.attack=math.mod(v.attack+1,3);"],
					"transitions": [
						{"attack3": "v.swing_sword&&v.attack==2&&!v.jump"},
						{"default": "q.all_animations_finished"},
						{"attack_jump": "v.swing_sword&&v.jump"},
						{"sheild": "ctrl.use('offhand','#yes_steve_model:shields')"}
					]
				},
				"attack3": {
					"animations": [
						{"sword_attack_03": "!ctrl.idle&&!v.query_hold_swords_shields"},
						{"sword_idle_attack_03": "ctrl.idle&&!v.query_hold_swords_shields"},
						{"sword_attack_two_03": "!ctrl.idle&&v.query_hold_swords_shields"},
						{"sword_idle_attack_two_03": "ctrl.idle&&v.query_hold_swords_shields"}
					],
					"on_exit": ["v.swing_sword=0;v.attack=math.mod(v.attack+1,3);"],
					"transitions": [
						{"default": "q.all_animations_finished"},
						{"attack1": "v.swing_sword&&v.attack==0&&!v.jump"},
						{"attack_jump": "v.swing_sword&&v.jump"},
						{"sheild": "ctrl.use('offhand','#yes_steve_model:shields')"}
					]
				},
				"attack_jump": {
					"animations": [
						{"sword_jump_attack": "!v.query_hold_swords_shields"},
						{"sword_jump_attack_two": "v.query_hold_swords_shields"}
					],
					"on_exit": ["v.swing_sword=0;v.attack=math.mod(v.attack+1,3);"],
					"transitions": [
						{"default": "q.all_animations_finished"},
						{"attack1": "v.swing_sword&&!v.jump"},
						{"sheild": "ctrl.use('offhand','#yes_steve_model:shields')"}
					]
				}
			}
		}
	}
}