{
	"format_version": "1.12.0",
	"minecraft:geometry": [
		{
			"description": {
				"identifier": "geometry.default",
				"texture_width": 256,
				"texture_height": 256,
				"visible_bounds_width": 5,
				"visible_bounds_height": 6.5,
				"visible_bounds_offset": [0, 2.75, 0]
			},
			"bones": [
				{
					"name": "RightArm",
					"pivot": [-5.25915, 27.95156, 0.00625],
					"rotation": [0.66963, -14.98539, -2.58807],
					"cubes": [
						{"origin": [-6.68465, 24.98849, -1.5], "size": [3.05, 6.2, 3.05], "uv": [27, 49], "mirror": true},
						{"origin": [-6.88465, 25.68849, -1.75], "size": [3.5, 6.2, 3.5], "uv": [170, 49], "mirror": true},
						{"origin": [-7.72115, 25.71462, -2], "size": [4.5, 2, 4], "uv": [120, 49]},
						{"origin": [-7.22115, 27.71462, -1.9], "size": [3.9, 1, 3.8], "uv": [122, 51]}
					]
				},
				{
					"name": "RightForeArm",
					"parent": "RightArm",
					"pivot": [-4.75965, 24.83849, 0.025],
					"cubes": [
						{"origin": [-6.58465, 24.01435, -0.85842], "size": [2.85, 2.1, 2.1], "pivot": [-5.15965, 25.26435, 0.09158], "rotation": [-45, 0, 0], "uv": [23, 76], "mirror": true},
						{"origin": [-6.65965, 19.08849, -1.475], "size": [3, 6, 3], "uv": [0, 49], "mirror": true},
						{"origin": [-6.79615, 18.31462, -1.625], "size": [3.25, 2, 3.25], "uv": [103, 65]},
						{"origin": [-6.79615, 23.71462, -1.625], "size": [3.25, 2, 3.25], "uv": [89, 63]},
						{"origin": [-6.99615, 24.86462, -1.775], "size": [3.5, 0.75, 3.5], "uv": [103, 65]},
						{"origin": [-6.94615, 23.96462, -1.775], "size": [3.5, 0.75, 3.5], "uv": [103, 65]}
					]
				},
				{
					"name": "bone8",
					"parent": "RightForeArm",
					"pivot": [-6.28007, 19.53396, -0.00705],
					"rotation": [0, 0, -2.5],
					"cubes": [
						{"origin": [-8.01824, 19.41462, -0.43148], "size": [1, 4, 2.5], "pivot": [-7.09709, 21.41462, -0.04059], "rotation": [0, 25, -2.5], "uv": [123, 52]},
						{"origin": [-7.43775, 17.5065, 1.59378], "size": [1, 6, 1], "pivot": [-6.93775, 21.5065, 2.09378], "rotation": [-4.79199, -32.35665, 5.97432], "uv": [125, 60]},
						{"origin": [-4.93507, 17.3414, 1.66171], "size": [1, 6, 1], "pivot": [-4.43507, 20.3414, 2.26171], "rotation": [-4.10948, 10.02726, 2.68871], "uv": [125, 60]},
						{"origin": [-5.02603, 17.52627, -2.63482], "size": [1, 6, 1], "pivot": [-4.52603, 20.62627, -2.23482], "rotation": [3.52932, -12.42287, 2.9652], "uv": [125, 60]},
						{"origin": [-7.54791, 17.58059, -2.52391], "size": [1, 6, 1], "pivot": [-6.94791, 21.48059, -2.12391], "rotation": [172.02298, -37.80257, -171.33638], "uv": [125, 60]},
						{"origin": [-4.71931, 21.03058, -3.00317], "size": [2, 2.5, 1], "pivot": [-3.71931, 22.28058, -3.00317], "rotation": [106.95465, -83.41754, -103.30626], "uv": [128, 84]},
						{"origin": [-5.42013, 20.93749, 2.46515], "size": [2, 2.5, 1], "pivot": [-4.42013, 22.28749, 2.96515], "rotation": [-107.20438, -83.51066, 110.64357], "uv": [128, 84]},
						{"origin": [-7.70143, 21.47115, -3.35263], "size": [2, 2, 1], "pivot": [-6.20143, 22.47115, -2.75263], "rotation": [173.64233, -8.0237, -175.35461], "uv": [125, 62]},
						{"origin": [-7.94682, 19.30021, 1.193], "size": [1, 5, 1], "pivot": [-7.44682, 22.30021, 1.593], "rotation": [-5.32902, -7.49282, 0.02154], "uv": [139, 50]},
						{"origin": [-7.96163, 19.19486, -2.25988], "size": [1, 5.2, 1], "pivot": [-7.56163, 22.39486, -1.75988], "rotation": [4.90404, 12.21127, -0.18318], "uv": [139, 50]},
						{"origin": [-6.93973, 23.28048, 1.51571], "size": [1, 2, 1], "pivot": [-6.53973, 24.28048, 2.01571], "rotation": [-169.5293, -59.55647, 170.2718], "uv": [139, 50]},
						{"origin": [-7.21654, 23.21529, -2.60832], "size": [1, 2, 1], "pivot": [-6.61654, 24.21529, -2.10832], "rotation": [1.66571, -67.1404, 3.02076], "uv": [139, 50]},
						{"origin": [-7.53346, 25.04417, -2.7012], "size": [1, 2, 1], "pivot": [-6.83346, 26.04417, -2.3012], "rotation": [-12.043, -41.22175, -15.8785], "uv": [139, 50]},
						{"origin": [-7.3502, 24.87455, 1.52327], "size": [1, 2, 1], "pivot": [-7.0002, 25.87455, 2.02327], "rotation": [164.31556, -45.33151, 162.33444], "uv": [139, 50]},
						{"origin": [-8.76086, 26.15514, 0.57325], "size": [1, 4.25, 1], "pivot": [-8.26086, 28.15514, 1.17325], "rotation": [149.1035, -24.0838, 171.1497], "uv": [139, 50]},
						{"origin": [-8.62477, 26.2506, -1.85328], "size": [1, 4.35, 1], "pivot": [-8.12477, 28.2506, -1.35328], "rotation": [-38.68766, -28.76852, -4.42188], "uv": [139, 50]},
						{"origin": [-4.28298, 20.56867, 3.64692], "size": [1.5, 5.75, 1], "pivot": [-3.33298, 24.04367, 3.14692], "rotation": [-42.98578, -61.56916, 59.65061], "uv": [157, 60]},
						{"origin": [-5.71877, 20.88526, -3.50328], "size": [1.5, 5.75, 1], "pivot": [-4.66877, 23.51026, -3.40328], "rotation": [26.20491, 59.3762, 40.96855], "uv": [157, 60]},
						{"origin": [-6.6368, 21.42934, 2.02603], "size": [2, 2, 1], "pivot": [-6.1368, 22.42934, 2.52603], "rotation": [-4.50307, -14.8687, 5.2614], "uv": [125, 62]},
						{"origin": [-8.24618, 21.61622, -2.1815], "size": [1, 4, 2.5], "pivot": [-7.39726, 23.61541, -0.04059], "rotation": [0, -22.5, -5], "uv": [122, 51]},
						{"origin": [-8.31838, 21.6146, -0.43146], "size": [1, 4, 2.5], "pivot": [-7.39726, 23.61541, -0.04059], "rotation": [0, 25, -5], "uv": [123, 52]},
						{"origin": [-7.81356, 17.1126, -1.29086], "size": [1, 1, 3], "pivot": [-7.31356, 18.50048, 0.04796], "rotation": [60, 0, -12.5], "uv": [140, 52]},
						{"origin": [-7.81356, 18.87939, -1.27531], "size": [1, 1, 3], "pivot": [-7.31356, 18.50048, 0.04796], "rotation": [120, 0, -12.5], "uv": [140, 52]},
						{"origin": [-8.03886, 18.25877, -0.29059], "size": [1, 2, 2], "pivot": [-7.53886, 19.35877, -0.04059], "rotation": [90, 0, -7.5], "uv": [102, 101]},
						{"origin": [-6.84959, 19.69814, -3.44059], "size": [2, 1, 2], "pivot": [-6.14959, 20.29814, -2.44059], "rotation": [90, 0, 5], "uv": [140, 52]},
						{"origin": [-7.03641, 17.64419, -3.26559], "size": [2.25, 1, 2.25], "pivot": [-5.91141, 18.14419, -2.24059], "rotation": [90, 0, 0], "uv": [134, 29]},
						{"origin": [-6.79077, 16.99428, -3.71559], "size": [1.5, 0.3, 2.05], "pivot": [-6.04077, 17.14428, -2.69059], "rotation": [90, 0, 0], "uv": [141, 48]},
						{"origin": [-7.03641, 17.64419, 1.23441], "size": [2.25, 1, 2.25], "pivot": [-5.91141, 18.14419, 2.25941], "rotation": [90, 0, 0], "uv": [135, 30]},
						{"origin": [-6.78641, 17.54419, 0.23441], "size": [1.5, 0.3, 2.05], "pivot": [-5.91141, 18.14419, 2.25941], "rotation": [90, 0, 0], "uv": [141, 50]},
						{"origin": [-5.9237, 16.79643, -1.93825], "size": [1, 1, 4], "uv": [121, 88]},
						{"origin": [-6.84959, 14.99814, -3.44059], "size": [2, 1, 2], "pivot": [-6.14959, 20.29814, -2.44059], "rotation": [90, 0, 5], "uv": [140, 52]},
						{"origin": [-7.81356, 17.98904, -1.79865], "size": [1, 1, 0.7], "pivot": [-7.31356, 18.50048, 0.04796], "rotation": [90, 0, -12.5], "uv": [142, 54]},
						{"origin": [-7.71356, 17.48904, -0.94865], "size": [1, 2, 1.7], "pivot": [-7.21356, 18.50048, 0.04796], "rotation": [90, 0, -12.5], "uv": [141, 53]},
						{"origin": [-7.94597, 19.41462, -2.18151], "size": [1, 4, 2.5], "pivot": [-7.09709, 21.41462, -0.04059], "rotation": [0, -22.5, -2.5], "uv": [122, 51]},
						{"origin": [-6.16464, 17.66075, -3.3556], "size": [0.5, 0.5, 0.5], "pivot": [-5.87058, 18.25985, -2.75614], "rotation": [98.22338, -88.63573, 35.49605], "uv": [109, 89]},
						{"origin": [-6.16464, 17.66075, -2.6556], "size": [0.5, 0.5, 0.5], "pivot": [-5.87058, 18.25985, -2.75614], "rotation": [98.22338, -88.63573, 35.49605], "uv": [44, 103]},
						{"origin": [-6.16464, 18.36075, -2.6556], "size": [0.5, 0.5, 0.5], "pivot": [-5.87058, 18.25985, -2.75614], "rotation": [98.22338, -88.63573, 35.49605], "uv": [44, 103]},
						{"origin": [-6.16464, 18.36075, -3.3556], "size": [0.5, 0.5, 0.5], "pivot": [-5.87058, 18.25985, -2.75614], "rotation": [98.22338, -88.63573, 35.49605], "uv": [109, 89]},
						{"origin": [-6.06464, 17.56075, -3.5556], "size": [0.5, 1.5, 1.5], "pivot": [-5.87058, 18.25985, -2.75614], "rotation": [98.22338, -88.63573, 35.49605], "uv": [115, 82]},
						{"origin": [-6.16464, 18.23615, -2.8056], "size": [0.5, 0.1, 0.1], "pivot": [-5.87058, 18.25985, -2.75614], "rotation": [98.22338, -88.63573, 35.49605], "uv": [104, 82]},
						{"origin": [-5.94828, 17.56295, 1.92902], "size": [0.5, 1.5, 1.5], "pivot": [-5.75422, 18.16397, 2.72955], "rotation": [145.20923, 88.501, 93.91346], "uv": [115, 82]},
						{"origin": [-6.04828, 18.36295, 2.12902], "size": [0.5, 0.5, 0.5], "pivot": [-5.75422, 18.16397, 2.72955], "rotation": [145.20923, 88.501, 93.91346], "uv": [109, 89]},
						{"origin": [-6.04828, 17.66295, 2.12902], "size": [0.5, 0.5, 0.5], "pivot": [-5.75422, 18.16397, 2.72955], "rotation": [145.20923, 88.501, 93.91346], "uv": [109, 89]},
						{"origin": [-6.04828, 17.66295, 2.82902], "size": [0.5, 0.5, 0.5], "pivot": [-5.75422, 18.16397, 2.72955], "rotation": [145.20923, 88.501, 93.91346], "uv": [44, 103]},
						{"origin": [-6.04828, 18.36295, 2.82902], "size": [0.5, 0.5, 0.5], "pivot": [-5.75422, 18.16397, 2.72955], "rotation": [145.20923, 88.501, 93.91346], "uv": [44, 103]},
						{"origin": [-6.04828, 18.23835, 2.67902], "size": [0.5, 0.1, 0.1], "pivot": [-5.75422, 18.16397, 2.72955], "rotation": [145.20923, 88.501, 93.91346], "uv": [104, 82]}
					]
				},
				{
					"name": "bone12",
					"parent": "bone8",
					"pivot": [-7.53886, 19.35877, -0.04059],
					"cubes": [
						{"origin": [-12.53886, 13.95877, -3.54059], "size": [0, 11, 12], "inflate": -3.5, "pivot": [-7.53886, 19.35877, -0.04059], "rotation": [90, 0, 0], "uv": [222, 221]}
					]
				},
				{
					"name": "bone11",
					"parent": "bone8",
					"pivot": [-10.03886, 21.85877, -0.44059],
					"cubes": [
						{"origin": [-10.03886, 15.35877, -6.44059], "size": [0, 12, 12], "inflate": -3.5, "pivot": [-10.03886, 21.85877, -0.44059], "rotation": [45, 0, 0], "uv": [222, 206]}
					]
				},
				{
					"name": "RightHand",
					"parent": "RightForeArm",
					"pivot": [-5.25965, 19.36349, 0.025],
					"cubes": [
						{"origin": [-6.55965, 18.58849, -1.275], "size": [2.6, 2.1, 2], "pivot": [-0.88465, 19.08849, -0.575], "rotation": [-45, 0, 0], "uv": [76, 0], "mirror": true},
						{"origin": [-6.65965, 17.08849, -1.475], "size": [3, 2, 3], "uv": [0, 49], "mirror": true}
					]
				},
				{
					"name": "RightHandLocator",
					"parent": "RightHand",
					"pivot": [-5.25965, 18.36349, 0.025]
				},
				{
					"name": "LeftArm",
					"pivot": [5.37613, 28.3571, 0.00528],
					"cubes": [
						{"origin": [3.34863, 24.55265, -1.5], "size": [3.05, 6.2, 3.05], "uv": [27, 49]},
						{"origin": [3.14863, 24.75265, -1.75], "size": [3.5, 6.2, 3.5], "uv": [151, 49]},
						{"origin": [4.84863, 28.72913, -1.89389], "size": [1.9, 1, 3.8], "pivot": [5.79863, 29.22913, 0.00611], "rotation": [-22.5, 0, 0], "uv": [122, 44]},
						{"origin": [4.89863, 29.10265, -1.9], "size": [1.9, 0.25, 3.95], "pivot": [5.79863, 29.45265, 0], "rotation": [-22.5, 0, 0], "uv": [113, 29]},
						{"origin": [4.89863, 29.0709, -2.0068], "size": [1.9, 0.25, 3.95], "pivot": [6.04863, 29.1959, 0.0182], "rotation": [20, 0, 0], "uv": [113, 29]},
						{"origin": [4.84863, 28.65265, -2], "size": [1.9, 1, 3.8], "pivot": [5.79863, 29.45265, 0], "rotation": [20, 0, 0], "uv": [122, 44]},
						{"origin": [4.89863, 28.75265, -2.1], "size": [0.7, 0.8, 4.1], "pivot": [5.79863, 29.45265, 0], "rotation": [15, 0, 0], "uv": [139, 50]},
						{"origin": [4.89863, 28.74993, -2.02065], "size": [0.7, 0.8, 4.1], "pivot": [5.24863, 29.14993, 0.02935], "rotation": [-20, 0, 0], "uv": [139, 50]},
						{"origin": [3.04863, 26.75265, -1.9], "size": [3.9, 1, 3.8], "uv": [122, 51]},
						{"origin": [2.94863, 24.75265, -2], "size": [4.5, 2, 4], "uv": [120, 49]}
					]
				},
				{
					"name": "LeftForeArm",
					"parent": "LeftArm",
					"pivot": [4.47363, 24.40265, 0.025],
					"cubes": [
						{"origin": [3.44863, 23.57851, -0.85842], "size": [2.85, 2.1, 2.1], "pivot": [4.87363, 24.82851, 0.09158], "rotation": [-45, 0, 0], "uv": [23, 76]},
						{"origin": [3.27363, 18.00265, -1.625], "size": [3.25, 2, 3.25], "uv": [103, 65]},
						{"origin": [3.27363, 22.75265, -1.625], "size": [3.25, 2, 3.25], "uv": [89, 63]},
						{"origin": [3.17363, 23.90265, -1.775], "size": [3.5, 0.75, 3.5], "uv": [103, 65]},
						{"origin": [3.17363, 23.00265, -1.775], "size": [3.5, 0.75, 3.5], "uv": [103, 65]},
						{"origin": [3.37363, 18.65265, -1.475], "size": [3, 6, 3], "uv": [136, 49]}
					]
				},
				{
					"name": "LeftHand",
					"parent": "LeftForeArm",
					"pivot": [4.97363, 18.92765, 0.025],
					"cubes": [
						{"origin": [3.67363, 18.15265, -1.275], "size": [2.6, 2.1, 2], "pivot": [0.59863, 18.65265, -0.575], "rotation": [-45, 0, 0], "uv": [76, 0]},
						{"origin": [3.37363, 16.65265, -1.475], "size": [3, 2, 3], "uv": [0, 49]}
					]
				},
				{
					"name": "LeftHandLocator",
					"parent": "LeftHand",
					"pivot": [4.26738, 17.61263, 0.025]
				}
			]
		}
	]
}