{
	"format_version": "1.8.0",
	"animations": {
		"animation.unknown.new": {
			"loop": true,
			"bones": {
				"RightArm": {
					"rotation": [-140.12074, 32.79775, -4.76759]
				},
				"RightForeArm": {
					"rotation": [-55, 0, 0]
				},
				"RightHand": {
					"rotation": [-10, 0, 0]
				},
				"pl15": {
					"rotation": [5, 0, 0],
					"position": [0, 0, 3],
					"scale": 1
				},
				"LeftArm": {
					"rotation": [-52.5, 0, -32.5]
				},
				"LeftForeArm": {
					"rotation": [-12.5, 0, 0]
				},
				"SHead": {
					"rotation": [0, 0, 25]
				},
				"shengqi": {
					"position": [0, 0, -1]
				},
				"LeftEyelidBase": {
					"position": [0.25, 0, 0]
				},
				"RightEyelidBase": {
					"position": [0.25, 0, 0]
				},
				"moren": {
					"position": [0, 0, -1]
				},
				"2pl15": {
					"scale": 0
				}
			}
		}
	}
}