{
	"format_version": "1.8.0",
	"animations": {
		"water": {
			"loop": true,
			"bones": {
				"ysmGlowBomm": {
					"scale": 0
				},
				"canpian": {
					"scale": 0
				},
				"huoyan": {
					"scale": 0
				}
			}
		},
		"fire": {
			"loop": "hold_on_last_frame",
			"animation_length": 60,
			"bones": {
				"ysmGlowbone3": {
					"rotation": {
						"0.0": [0, 0, 0],
						"0.125": [53.70556, -14.00371, -100.23412]
					},
					"position": {
						"0.0": [0, 0, 0],
						"0.125": [0, -0.3, 1]
					},
					"scale": {
						"0.0": [2, 2, 2],
						"0.0833": [2.5, 2.5, 2.5],
						"0.125": [0.2, 0.2, 0.2]
					}
				},
				"ysmGlowbone2": {
					"rotation": {
						"0.0": [0, 0, 0],
						"0.125": [0, 50, 0]
					},
					"position": {
						"0.0": [0, 0, 0],
						"0.125": [0.4, 0, -1.4]
					},
					"scale": {
						"0.0": [2, 2, 2],
						"0.0833": [2.5, 2.5, 2.5],
						"0.125": [0.2, 0.2, 0.2]
					}
				},
				"ysmGlowbone4": {
					"rotation": {
						"0.0": [0, 0, 0],
						"0.125": [0, 30, 0]
					},
					"position": {
						"0.0": [0, 0, 0],
						"0.125": [-0.5, 0, 0.7]
					},
					"scale": {
						"0.0": [2, 2, 2],
						"0.0833": [2.5, 2.5, 2.5],
						"0.125": [0.2, 0.2, 0.2]
					}
				},
				"ysmGlowbone5": {
					"rotation": {
						"0.0": [0, 0, 0],
						"0.125": [45, 0, 0]
					},
					"position": {
						"0.0": [0, 0, 0],
						"0.125": [-0.7, 0, 0]
					},
					"scale": {
						"0.0": [2, 2, 2],
						"0.0833": [2.5, 2.5, 2.5],
						"0.125": [0.2, 0.2, 0.2]
					}
				},
				"ysmGlowbone6": {
					"rotation": {
						"0.0": [0, 0, 0],
						"0.125": [0, 45, 0]
					},
					"position": {
						"0.0": [0, 0, 0],
						"0.125": [0, 0, -0.9]
					},
					"scale": {
						"0.0": [2, 2, 2],
						"0.0833": [2.5, 2.5, 2.5],
						"0.125": [0.2, 0.2, 0.2]
					}
				},
				"ysmGlowBomm": {
					"scale": {
						"0.0": [5, 5, 5],
						"0.1667": [0, 0, 0]
					}
				},
				"canpian": {
					"scale": {
						"0.125": [0, 0, 0],
						"0.1667": [3, 3, 3]
					}
				}
			}
		},
		"ground": {
			"loop": "hold_on_last_frame",
			"animation_length": 60,
			"bones": {
				"Root": {
					"position": [10, 0, 0],
					"scale": "ysm.shoot_item_id!='minecraft:crossbow'"
				},
				"ysmGlowbone3": {
					"rotation": {
						"0.0": [0, 0, 0],
						"0.125": [53.70556, -14.00371, -100.23412]
					},
					"position": {
						"0.0": [0, 0, 0],
						"0.125": [0, -0.3, 1]
					},
					"scale": {
						"0.0": [2, 2, 2],
						"0.0833": [2.5, 2.5, 2.5],
						"0.125": [0.2, 0.2, 0.2]
					}
				},
				"ysmGlowbone2": {
					"rotation": {
						"0.0": [0, 0, 0],
						"0.125": [0, 50, 0]
					},
					"position": {
						"0.0": [0, 0, 0],
						"0.125": [0.4, 0, -1.4]
					},
					"scale": {
						"0.0": [2, 2, 2],
						"0.0833": [2.5, 2.5, 2.5],
						"0.125": [0.2, 0.2, 0.2]
					}
				},
				"ysmGlowbone4": {
					"rotation": {
						"0.0": [0, 0, 0],
						"0.125": [0, 30, 0]
					},
					"position": {
						"0.0": [0, 0, 0],
						"0.125": [-0.5, 0, 0.7]
					},
					"scale": {
						"0.0": [2, 2, 2],
						"0.0833": [2.5, 2.5, 2.5],
						"0.125": [0.2, 0.2, 0.2]
					}
				},
				"ysmGlowbone5": {
					"rotation": {
						"0.0": [0, 0, 0],
						"0.125": [45, 0, 0]
					},
					"position": {
						"0.0": [0, 0, 0],
						"0.125": [-0.7, 0, 0]
					},
					"scale": {
						"0.0": [2, 2, 2],
						"0.0833": [2.5, 2.5, 2.5],
						"0.125": [0.2, 0.2, 0.2]
					}
				},
				"ysmGlowbone6": {
					"rotation": {
						"0.0": [0, 0, 0],
						"0.125": [0, 45, 0]
					},
					"position": {
						"0.0": [0, 0, 0],
						"0.125": [0, 0, -0.9]
					},
					"scale": {
						"0.0": [2, 2, 2],
						"0.0833": [2.5, 2.5, 2.5],
						"0.125": [0.2, 0.2, 0.2]
					}
				},
				"ysmGlowBomm": {
					"scale": {
						"0.0": [
							"(ysm.shoot_item_id=='minecraft:crossbow')*5",
							"(ysm.shoot_item_id=='minecraft:crossbow')*5",
							"(ysm.shoot_item_id=='minecraft:crossbow')*5"
						],
						"0.1667": [0, 0, 0]
					}
				},
				"canpian": {
					"scale": {
						"0.125": [0, 0, 0],
						"0.1667": ["ysm.shoot_item_id=='minecraft:crossbow'", "ysm.shoot_item_id=='minecraft:crossbow'", "ysm.shoot_item_id=='minecraft:crossbow'"]
					}
				},
				"huoyan": {
					"scale": 0
				}
			},
			"timeline": {
				"0.0": "(ysm.shoot_item_id=='minecraft:crossbow')?ysm.abs_particle('explosion',0,0,0,1,1,1,1,10,6);",
				"0.0417": "ysm.particle('campfire_cosy_smoke',0,0,0,0,0,0,0.05,5,60);",
				"0.0833": "ysm.particle('campfire_cosy_smoke',0,0,0,0,0,0,0.05,5,60);",
				"0.125": "ysm.particle('campfire_cosy_smoke',0,0,0,0,0,0,0.05,5,60);",
				"0.1667": "ysm.particle('campfire_cosy_smoke',0,0,0,0,0,0,0.05,5,60);",
				"0.2083": "ysm.particle('campfire_cosy_smoke',0,0,0,0,0,0,0.05,5,60);",
				"0.25": "ysm.particle('campfire_cosy_smoke',0,0,0,0,0,0,0.05,5,60);",
				"0.2917": "ysm.particle('campfire_cosy_smoke',0,0,0,0,0,0,0.05,5,60);",
				"0.3333": "ysm.particle('campfire_cosy_smoke',0,0,0,0,0,0,0.05,5,60);",
				"0.375": "ysm.particle('campfire_cosy_smoke',0,0,0,0,0,0,0.05,5,60);",
				"0.4167": "ysm.particle('campfire_cosy_smoke',0,0,0,0,0,0,0.05,5,60);",
				"0.4583": "ysm.particle('campfire_cosy_smoke',0,0,0,0,0,0,0.05,5,60);",
				"0.5": "ysm.particle('campfire_cosy_smoke',0,0,0,0,0,0,0.05,5,60);",
				"0.5417": "ysm.particle('campfire_cosy_smoke',0,0,0,0,0,0,0.05,5,60);",
				"0.5833": "ysm.particle('campfire_cosy_smoke',0,0,0,0,0,0,0.05,5,60);",
				"0.625": "ysm.particle('campfire_cosy_smoke',0,0,0,0,0,0,0.05,5,60);",
				"0.6667": "ysm.particle('campfire_cosy_smoke',0,0,0,0,0,0,0.05,5,60);",
				"0.7083": "ysm.particle('campfire_cosy_smoke',0,0,0,0,0,0,0.05,5,60);",
				"0.75": "ysm.particle('campfire_cosy_smoke',0,0,0,0,0,0,0.05,5,60);"
			}
		},
		"air": {
			"loop": true,
			"animation_length": 0.3,
			"bones": {
				"Root": {
					"rotation": {
						"0.0": [0, 0, 0],
						"0.3": ["(ysm.shoot_item_id=='minecraft:crossbow')?0:-360", 0, "(ysm.shoot_item_id=='minecraft:crossbow')?0:-360"]
					}
				},
				"bone": {
					"rotation": {
						"0.0": [0, 0, 0],
						"0.3": [360, 0, 0]
					}
				},
				"ysmGlowBomm": {
					"scale": 0
				},
				"canpian": {
					"scale": 0
				},
				"huoyan": {
					"scale": "ysm.shoot_item_id=='minecraft:crossbow'"
				}
			},
			"timeline": {
				"0.0": "ysm.particle('white_smoke',0,0,0,0,0,0,0,5,30);",
				"0.0167": "ysm.particle('white_smoke',0,0,0,0,0,0,0,5,30);",
				"0.0333": "ysm.particle('white_smoke',0,0,0,0,0,0,0,5,30);",
				"0.05": "ysm.particle('white_smoke',0,0,0,0,0,0,0,5,30);",
				"0.0667": "ysm.particle('white_smoke',0,0,0,0,0,0,0,5,30);",
				"0.0833": "ysm.particle('white_smoke',0,0,0,0,0,0,0,5,30);",
				"0.1": "ysm.particle('white_smoke',0,0,0,0,0,0,0,5,30);",
				"0.1167": "ysm.particle('white_smoke',0,0,0,0,0,0,0,5,30);",
				"0.1333": "ysm.particle('white_smoke',0,0,0,0,0,0,0,5,30);",
				"0.15": "ysm.particle('white_smoke',0,0,0,0,0,0,0,5,30);",
				"0.1667": "ysm.particle('white_smoke',0,0,0,0,0,0,0,5,30);",
				"0.1833": "ysm.particle('white_smoke',0,0,0,0,0,0,0,5,30);",
				"0.2": "ysm.particle('white_smoke',0,0,0,0,0,0,0,5,30);",
				"0.2167": "ysm.particle('white_smoke',0,0,0,0,0,0,0,5,30);",
				"0.2333": "ysm.particle('white_smoke',0,0,0,0,0,0,0,5,30);",
				"0.25": "ysm.particle('white_smoke',0,0,0,0,0,0,0,5,30);",
				"0.2667": "ysm.particle('white_smoke',0,0,0,0,0,0,0,5,30);",
				"0.2833": "ysm.particle('white_smoke',0,0,0,0,0,0,0,5,30);",
				"0.3": "ysm.particle('white_smoke',0,0,0,0,0,0,0,5,30);"
			}
		},
		"parallel0": {
			"loop": true,
			"animation_length": 0.1,
			"bones": {
				"huoyandongxiao": {
					"scale": {
						"0.0": [1.4, 1, 1],
						"0.0333": [1.4, 1, 1],
						"0.0667": [1.6, 1, 1],
						"0.1": [1.6, 1, 1]
					}
				}
			}
		},
		"parallel1": {
			"loop": true
		},
		"parallel2": {
			"loop": true
		},
		"parallel3": {
			"loop": true
		},
		"parallel4": {
			"loop": true
		},
		"parallel5": {
			"loop": true
		},
		"parallel6": {
			"loop": true
		},
		"parallel7": {
			"loop": true
		}
	},
	"geckolib_format_version": 2
}