{
	"format_version": "1.8.0",
	"animations": {
		"carryon:block": {
			"loop": true,
			"bones": {
				"Root": {
					"rotation": [2, 0, 0]
				},
				"UpBody": {
					"rotation": [-15, 0, 0]
				},
				"SHead": {
					"rotation": [25, 0, 0]
				},
				"LeftArm": {
					"rotation": [-25, 5, 5],
					"position": [0, -0.5, 0]
				},
				"LeftForeArm": {
					"rotation": [-5, 0, 0]
				},
				"zuoshoudingwei": {
					"scale": 0
				},
				"RightArm": {
					"rotation": [-25, -5, -5],
					"position": [0, -0.5, 0]
				},
				"RightForeArm": {
					"rotation": [-5, 0, 0]
				},
				"youshoudingwei": {
					"scale": 0
				},
				"LeftHand": {
					"rotation": [0, 0, 0]
				},
				"RightHand": {
					"rotation": [0, 0, 0]
				},
				"clothe": {
					"rotation": [12.5, 0, 0]
				},
				"Skirt": {
					"position": [0, 0.7, 0.5]
				},
				"fengyi": {
					"rotation": [15, 0, 0]
				},
				"Mhoubai": {
					"rotation": [7.5, 0, 0]
				},
				"zuoqianbai1": {
					"rotation": [-10, 0, 0]
				},
				"youqianbai1": {
					"rotation": [-10, 0, 0]
				}
			}
		},
		"carryon:entity": {
			"loop": true,
			"bones": {
				"Root": {
					"rotation": [2, 0, 0]
				},
				"UpBody": {
					"rotation": [-20, 0, 0]
				},
				"SHead": {
					"rotation": [30, 0, 0]
				},
				"LeftArm": {
					"rotation": [-45, 5, -5],
					"position": [0, -0.5, 0]
				},
				"LeftForeArm": {
					"rotation": [-5, 0, 0]
				},
				"zuoshoudingwei": {
					"scale": 0
				},
				"RightArm": {
					"rotation": [-45, -5, 5],
					"position": [0, -0.5, 0]
				},
				"RightForeArm": {
					"rotation": [-5, 0, 0]
				},
				"youshoudingwei": {
					"scale": 0
				},
				"RightHand": {
					"rotation": [0, 0, 0]
				},
				"LeftHand": {
					"rotation": [0, 0, 0]
				},
				"clothe": {
					"rotation": [15, 0, 0]
				},
				"Skirt": {
					"position": [0, 1, 0.5]
				},
				"fengyi": {
					"rotation": [15, 0, 0]
				},
				"Mhoubai": {
					"rotation": [10, 0, 0]
				},
				"zuoqianbai1": {
					"rotation": [-10, 0, 0]
				},
				"youqianbai1": {
					"rotation": [-10, 0, 0]
				}
			}
		},
		"carryon:player": {
			"loop": true,
			"bones": {
				"Root": {
					"rotation": [2, 0, 0]
				},
				"UpBody": {
					"rotation": [-10, 0, 0]
				},
				"SHead": {
					"rotation": [10, 0, 0]
				},
				"LeftArm": {
					"rotation": [-30, 5, -5],
					"position": [0, -0.5, 0]
				},
				"LeftForeArm": {
					"rotation": [-90, -47.5, 90]
				},
				"zuoshoudingwei": {
					"scale": 0
				},
				"RightArm": {
					"rotation": [-30, -5, 5],
					"position": [0, -0.5, 0]
				},
				"RightForeArm": {
					"rotation": [-90, 47.5, -90]
				},
				"youshoudingwei": {
					"scale": 0
				},
				"RightHand": {
					"rotation": [0, 0, 0]
				},
				"LeftHand": {
					"rotation": [0, 0, 0]
				},
				"clothe": {
					"rotation": [7.5, 0, 0]
				},
				"Skirt": {
					"position": [0, 0.4, 0.4]
				},
				"fengyi": {
					"rotation": [10, 0, 0]
				},
				"Mhoubai": {
					"rotation": [5, 0, 0]
				},
				"zuoqianbai1": {
					"rotation": [-5, 0, 0]
				},
				"youqianbai1": {
					"rotation": [-5, 0, 0]
				}
			}
		},
		"carryon:princess": {
			"loop": true,
			"bones": {
				"Root": {
					"rotation": [0, 0, 0]
				},
				"AllBody": {
					"rotation": [0, -90, -115],
					"position": [-1, -4.5, 6]
				},
				"UpBody": {
					"rotation": [50, 0, 0]
				},
				"SHead": {
					"rotation": [27.5, 0, 0]
				},
				"LongHair": {
					"rotation": [37.5, 0, 0]
				},
				"LeftArm": {
					"rotation": [-16.77609, 44.19145, -7.81185]
				},
				"LeftForeArm": {
					"rotation": [-97.5, 0, 0]
				},
				"RightArm": {
					"rotation": [-16.36648, -42.10287, -4.20805]
				},
				"RightForeArm": {
					"rotation": [-127.5, 0, 0]
				},
				"LeftLeg": {
					"rotation": [-0.61435, 9.91358, -1.31845]
				},
				"LeftLowerLeg": {
					"rotation": [65, 0, 0]
				},
				"LeftFoot": {
					"rotation": [27.5, 0, 0]
				},
				"RightHand": {
					"rotation": [0, 0, 0]
				},
				"LeftHand": {
					"rotation": [0, 0, 0]
				},
				"Tail": {
					"rotation": [20, 0, 0],
					"position": [0, 0, -3]
				},
				"clothe": {
					"rotation": [-37.5, 0, 0],
					"scale": [1.065, 1, 1]
				},
				"yibai": {
					"rotation": [30, 0, 0],
					"position": [0, -0.25, -0.25]
				},
				"houbai3": {
					"rotation": [52.5, 0, 0]
				},
				"Skirt": {
					"rotation": [-4, 0, 0],
					"position": [0, -3, -0.3]
				},
				"dayi": {
					"rotation": [5, 0, 0]
				},
				"RightLowerLeg": {
					"rotation": [32.5, 0, 0]
				},
				"zuoqianbai3": {
					"rotation": [40, 0, 0],
					"position": [0, 0.4, -0.2]
				},
				"youqianbai3": {
					"rotation": [40, 0, 0],
					"position": [0, 0.4, -0.2]
				}
			}
		}
	}
}