{
	"format_version": "1.12.0",
	"minecraft:geometry": [
		{
			"description": {
				"identifier": "geometry.unknown",
				"texture_width": 128,
				"texture_height": 128,
				"visible_bounds_width": 3,
				"visible_bounds_height": 4.5,
				"visible_bounds_offset": [0, 1.75, 0]
			},
			"bones": [
				{
					"name": "LeftArm",
					"pivot": [3.1, 33.08462, 0.24941],
					"cubes": [
						{
							"origin": [5.6221, 31.15609, -0.85935],
							"size": [0.99, 1.21, 2.395],
							"pivot": [2.61711, 26.85638, -14.75983],
							"rotation": [0.6029, -0.7188, -28.4795],
							"uv": {
								"north": {"uv": [104, 18], "uv_size": [1, 1]},
								"east": {"uv": [24, 17], "uv_size": [2, 1]},
								"south": {"uv": [19, 104], "uv_size": [1, 1]},
								"west": {"uv": [24, 32], "uv_size": [2, 1]},
								"up": {"uv": [68, 0], "uv_size": [1, 2]},
								"down": {"uv": [74, 12], "uv_size": [1, -2]}
							}
						},
						{
							"origin": [2.23135, 26.07126, -0.57185],
							"size": [1.545, 1.27, 1.82],
							"pivot": [2.61711, 26.85638, -14.75983],
							"rotation": [0.1869, -0.9194, 0.0228],
							"uv": {
								"north": {"uv": [14, 56], "uv_size": [2, 1]},
								"east": {"uv": [21, 56], "uv_size": [2, 1]},
								"south": {"uv": [58, 4], "uv_size": [2, 1]},
								"west": {"uv": [42, 61], "uv_size": [2, 1]},
								"up": {"uv": [80, 45], "uv_size": [2, 2]},
								"down": {"uv": [47, 82], "uv_size": [2, -2]}
							}
						},
						{
							"origin": [1.93114, 27.04131, -0.87185],
							"size": [2.145, 5.5, 2.42],
							"pivot": [2.61711, 26.85638, -14.75983],
							"rotation": [0.1869, -0.9194, 0.0228],
							"uv": {
								"north": {"uv": [4, 50], "uv_size": [2, 6]},
								"east": {"uv": [6, 50], "uv_size": [2, 6]},
								"south": {"uv": [12, 50], "uv_size": [2, 6]},
								"west": {"uv": [14, 50], "uv_size": [2, 6]},
								"up": {"uv": [43, 80], "uv_size": [2, 2]},
								"down": {"uv": [45, 82], "uv_size": [2, -2]}
							}
						},
						{
							"origin": [1.93135, 32.54126, -0.87185],
							"size": [1.56762, 1.06338, 2.41999],
							"pivot": [2.61711, 26.85638, -14.75983],
							"rotation": [0.1869, -0.9194, 0.0228],
							"uv": {
								"north": {"uv": [37, 4], "uv_size": [2, 1]},
								"east": {"uv": [45, 28], "uv_size": [2, 1]},
								"south": {"uv": [51, 18], "uv_size": [2, 1]},
								"west": {"uv": [51, 42], "uv_size": [2, 1]},
								"up": {"uv": [40, 80], "uv_size": [2, 2]},
								"down": {"uv": [80, 43], "uv_size": [2, -2]}
							}
						}
					]
				},
				{
					"name": "LeftForeArm",
					"parent": "LeftArm",
					"pivot": [0, 19.08462, -15.75059],
					"cubes": [
						{
							"origin": [1.93114, 21.54131, -0.87185],
							"size": [2.145, 5.5, 2.42],
							"pivot": [2.61711, 26.85638, -14.75983],
							"rotation": [0.1869, -0.9194, 0.0228],
							"uv": {
								"north": {"uv": [19, 50], "uv_size": [2, 6]},
								"east": {"uv": [21, 50], "uv_size": [2, 6]},
								"south": {"uv": [50, 28], "uv_size": [2, 6]},
								"west": {"uv": [50, 34], "uv_size": [2, 6]},
								"up": {"uv": [80, 47], "uv_size": [2, 2]},
								"down": {"uv": [80, 51], "uv_size": [2, -2]}
							}
						}
					]
				},
				{
					"name": "LeftHand",
					"parent": "LeftForeArm",
					"pivot": [0, 19.08462, -15.75059],
					"cubes": [
						{
							"origin": [1.93114, 19.54131, -0.87185],
							"size": [2.145, 2, 2.42],
							"pivot": [2.61711, 26.85638, -14.75983],
							"rotation": [0.1869, -0.9194, 0.0228],
							"uv": {
								"north": {"uv": [50, 80], "uv_size": [2, 2]},
								"east": {"uv": [80, 53], "uv_size": [2, 2]},
								"south": {"uv": [80, 55], "uv_size": [2, 2]},
								"west": {"uv": [80, 57], "uv_size": [2, 2]},
								"up": {"uv": [80, 59], "uv_size": [2, 2]},
								"down": {"uv": [65, 82], "uv_size": [2, -2]}
							}
						}
					]
				},
				{
					"name": "RightArm",
					"pivot": [-3.1, 33.08462, 0.24941],
					"cubes": [
						{
							"origin": [-6.6121, 31.15609, -0.85935],
							"size": [0.99, 1.21, 2.395],
							"pivot": [-2.61711, 26.85638, -14.75983],
							"rotation": [0.6029, 0.7188, 28.4795],
							"uv": {
								"north": {"uv": [96, 108], "uv_size": [1, 1]},
								"east": {"uv": [103, 64], "uv_size": [2, 1]},
								"south": {"uv": [108, 96], "uv_size": [1, 1]},
								"west": {"uv": [103, 65], "uv_size": [2, 1]},
								"up": {"uv": [61, 103], "uv_size": [1, 2]},
								"down": {"uv": [103, 68], "uv_size": [1, -2]}
							}
						},
						{
							"origin": [-3.77635, 26.07126, -0.57185],
							"size": [1.545, 1.27, 1.82],
							"pivot": [-2.61711, 26.85638, -14.75983],
							"rotation": [0.1869, 0.9194, -0.0228],
							"uv": {
								"north": {"uv": [103, 68], "uv_size": [2, 1]},
								"east": {"uv": [103, 69], "uv_size": [2, 1]},
								"south": {"uv": [103, 71], "uv_size": [2, 1]},
								"west": {"uv": [103, 72], "uv_size": [2, 1]},
								"up": {"uv": [75, 84], "uv_size": [2, 2]},
								"down": {"uv": [77, 86], "uv_size": [2, -2]}
							}
						},
						{
							"origin": [-4.07614, 27.04131, -0.87185],
							"size": [2.145, 5.5, 2.42],
							"pivot": [-2.61711, 26.85638, -14.75983],
							"rotation": [0.1869, 0.9194, -0.0228],
							"uv": {
								"north": {"uv": [0, 53], "uv_size": [2, 6]},
								"east": {"uv": [2, 53], "uv_size": [2, 6]},
								"south": {"uv": [53, 18], "uv_size": [2, 6]},
								"west": {"uv": [33, 53], "uv_size": [2, 6]},
								"up": {"uv": [79, 84], "uv_size": [2, 2]},
								"down": {"uv": [81, 86], "uv_size": [2, -2]}
							}
						},
						{
							"origin": [-3.49897, 32.54126, -0.87185],
							"size": [1.56762, 1.06338, 2.41999],
							"pivot": [-2.61711, 26.85638, -14.75983],
							"rotation": [0.1869, 0.9194, -0.0228],
							"uv": {
								"north": {"uv": [103, 73], "uv_size": [2, 1]},
								"east": {"uv": [103, 74], "uv_size": [2, 1]},
								"south": {"uv": [103, 75], "uv_size": [2, 1]},
								"west": {"uv": [103, 77], "uv_size": [2, 1]},
								"up": {"uv": [83, 84], "uv_size": [2, 2]},
								"down": {"uv": [7, 87], "uv_size": [2, -2]}
							}
						}
					]
				},
				{
					"name": "RightForeArm",
					"parent": "RightArm",
					"pivot": [0, 19.08462, -15.75059],
					"cubes": [
						{
							"origin": [-4.07614, 21.54131, -0.87185],
							"size": [2.145, 5.5, 2.42],
							"pivot": [-2.61711, 26.85638, -14.75983],
							"rotation": [0.1869, 0.9194, -0.0228],
							"uv": {
								"north": {"uv": [52, 34], "uv_size": [2, 6]},
								"east": {"uv": [48, 52], "uv_size": [2, 6]},
								"south": {"uv": [50, 52], "uv_size": [2, 6]},
								"west": {"uv": [52, 52], "uv_size": [2, 6]},
								"up": {"uv": [47, 84], "uv_size": [2, 2]},
								"down": {"uv": [84, 50], "uv_size": [2, -2]}
							}
						}
					]
				},
				{
					"name": "RightHand",
					"parent": "RightForeArm",
					"pivot": [0, 19.08462, -15.75059],
					"cubes": [
						{
							"origin": [-4.07614, 19.54131, -0.87185],
							"size": [2.145, 2, 2.42],
							"pivot": [-2.61711, 26.85638, -14.75983],
							"rotation": [0.1869, 0.9194, -0.0228],
							"uv": {
								"north": {"uv": [52, 84], "uv_size": [2, 2]},
								"east": {"uv": [54, 84], "uv_size": [2, 2]},
								"south": {"uv": [84, 60], "uv_size": [2, 2]},
								"west": {"uv": [61, 84], "uv_size": [2, 2]},
								"up": {"uv": [84, 66], "uv_size": [2, 2]},
								"down": {"uv": [84, 70], "uv_size": [2, -2]}
							}
						}
					]
				}
			]
		}
	]
}