{
	"format_version": "1.12.0",
	"minecraft:geometry": [
		{
			"description": {
				"identifier": "geometry.unknown",
				"texture_width": 256,
				"texture_height": 256,
				"visible_bounds_width": 6,
				"visible_bounds_height": 7,
				"visible_bounds_offset": [0, 1.5, 0]
			},
			"bones": [
				{
					"name": "RightArm",
					"pivot": [-2.25, 29, 0],
					"cubes": [
						{
							"origin": [-3.25345, 23.12166, -1.24],
							"size": [2.5, 7, 2.5],
							"uv": {
								"north": {"uv": [85, 12], "uv_size": [3, 7]},
								"east": {"uv": [85, 20], "uv_size": [3, 7]},
								"south": {"uv": [85, 28], "uv_size": [3, 7]},
								"west": {"uv": [54, 87], "uv_size": [3, 7]},
								"up": {"uv": [105, 14], "uv_size": [3, 3]},
								"down": {"uv": [105, 46], "uv_size": [3, -3]}
							}
						},
						{
							"origin": [-3.35345, 25.62166, -1.34],
							"size": [2.7, 0.5, 2.7],
							"uv": {
								"north": {"uv": [99, 126], "uv_size": [3, 1]},
								"east": {"uv": [126, 99], "uv_size": [3, 1]},
								"south": {"uv": [126, 101], "uv_size": [3, 1]},
								"west": {"uv": [126, 103], "uv_size": [3, 1]},
								"up": {"uv": [105, 59], "uv_size": [3, 3]},
								"down": {"uv": [105, 82], "uv_size": [3, -3]}
							}
						},
						{
							"origin": [-3.35345, 25.62166, -0.49],
							"size": [0.5, 0.5, 1],
							"pivot": [-3.35345, 26.12166, 0.01],
							"rotation": [0, 0, 22.5],
							"uv": {
								"north": {"uv": [158, 93], "uv_size": [1, 1]},
								"east": {"uv": [158, 115], "uv_size": [1, 1]},
								"south": {"uv": [116, 158], "uv_size": [1, 1]},
								"west": {"uv": [158, 119], "uv_size": [1, 1]},
								"up": {"uv": [158, 121], "uv_size": [1, 1]},
								"down": {"uv": [158, 124], "uv_size": [1, -1]}
							}
						},
						{
							"origin": [-3.35345, 25.37166, 0.36],
							"size": [0.5, 0.5, 0.95],
							"pivot": [-3.35345, 25.87166, 0.86],
							"rotation": [0, 0, 22.5],
							"uv": {
								"north": {"uv": [126, 158], "uv_size": [1, 1]},
								"east": {"uv": [130, 158], "uv_size": [1, 1]},
								"south": {"uv": [158, 131], "uv_size": [1, 1]},
								"west": {"uv": [158, 141], "uv_size": [1, 1]},
								"up": {"uv": [143, 158], "uv_size": [1, 1]},
								"down": {"uv": [158, 144], "uv_size": [1, -1]}
							}
						},
						{
							"origin": [-3.35345, 25.37166, -1.29],
							"size": [0.5, 0.5, 0.95],
							"pivot": [-3.35345, 25.87166, -0.79],
							"rotation": [0, 0, 22.5],
							"uv": {
								"north": {"uv": [145, 158], "uv_size": [1, 1]},
								"east": {"uv": [147, 158], "uv_size": [1, 1]},
								"south": {"uv": [158, 147], "uv_size": [1, 1]},
								"west": {"uv": [149, 158], "uv_size": [1, 1]},
								"up": {"uv": [158, 149], "uv_size": [1, 1]},
								"down": {"uv": [151, 159], "uv_size": [1, -1]}
							}
						},
						{
							"origin": [-1.14655, 25.37166, 0.36],
							"size": [0.5, 0.5, 0.95],
							"pivot": [-0.64655, 25.87166, 0.86],
							"rotation": [0, 0, -22.5],
							"uv": {
								"north": {"uv": [158, 151], "uv_size": [1, 1]},
								"east": {"uv": [158, 153], "uv_size": [1, 1]},
								"south": {"uv": [158, 155], "uv_size": [1, 1]},
								"west": {"uv": [156, 158], "uv_size": [1, 1]},
								"up": {"uv": [158, 157], "uv_size": [1, 1]},
								"down": {"uv": [159, 1], "uv_size": [1, -1]}
							}
						},
						{
							"origin": [-1.14655, 25.62166, -0.49],
							"size": [0.5, 0.5, 1],
							"pivot": [-0.64655, 26.12166, 0.01],
							"rotation": [0, 0, -22.5],
							"uv": {
								"north": {"uv": [2, 159], "uv_size": [1, 1]},
								"east": {"uv": [159, 2], "uv_size": [1, 1]},
								"south": {"uv": [4, 159], "uv_size": [1, 1]},
								"west": {"uv": [159, 4], "uv_size": [1, 1]},
								"up": {"uv": [6, 159], "uv_size": [1, 1]},
								"down": {"uv": [159, 7], "uv_size": [1, -1]}
							}
						},
						{
							"origin": [-1.14655, 25.37166, -1.29],
							"size": [0.5, 0.5, 0.95],
							"pivot": [-0.64655, 25.87166, -0.79],
							"rotation": [0, 0, -22.5],
							"uv": {
								"north": {"uv": [159, 8], "uv_size": [1, 1]},
								"east": {"uv": [159, 10], "uv_size": [1, 1]},
								"south": {"uv": [159, 12], "uv_size": [1, 1]},
								"west": {"uv": [159, 16], "uv_size": [1, 1]},
								"up": {"uv": [159, 18], "uv_size": [1, 1]},
								"down": {"uv": [20, 160], "uv_size": [1, -1]}
							}
						},
						{
							"origin": [-2.50345, 25.62166, -1.34],
							"size": [1, 0.5, 0.5],
							"pivot": [-2.00345, 26.12166, -1.34],
							"rotation": [-22.5, 0, 0],
							"uv": {
								"north": {"uv": [159, 22], "uv_size": [1, 1]},
								"east": {"uv": [24, 159], "uv_size": [1, 1]},
								"south": {"uv": [159, 24], "uv_size": [1, 1]},
								"west": {"uv": [26, 159], "uv_size": [1, 1]},
								"up": {"uv": [159, 26], "uv_size": [1, 1]},
								"down": {"uv": [28, 160], "uv_size": [1, -1]}
							}
						},
						{
							"origin": [-3.30345, 25.37166, -1.34],
							"size": [0.95, 0.5, 0.5],
							"pivot": [-2.85345, 25.87166, -1.34],
							"rotation": [-22.5, 0, 0],
							"uv": {
								"north": {"uv": [159, 28], "uv_size": [1, 1]},
								"east": {"uv": [30, 159], "uv_size": [1, 1]},
								"south": {"uv": [159, 30], "uv_size": [1, 1]},
								"west": {"uv": [32, 159], "uv_size": [1, 1]},
								"up": {"uv": [159, 32], "uv_size": [1, 1]},
								"down": {"uv": [159, 35], "uv_size": [1, -1]}
							}
						},
						{
							"origin": [-1.65345, 25.37166, 0.86],
							"size": [0.95, 0.5, 0.5],
							"pivot": [-1.15345, 25.87166, 1.34],
							"rotation": [22.5, 0, 0],
							"uv": {
								"north": {"uv": [159, 36], "uv_size": [1, 1]},
								"east": {"uv": [38, 159], "uv_size": [1, 1]},
								"south": {"uv": [159, 40], "uv_size": [1, 1]},
								"west": {"uv": [159, 42], "uv_size": [1, 1]},
								"up": {"uv": [44, 159], "uv_size": [1, 1]},
								"down": {"uv": [46, 160], "uv_size": [1, -1]}
							}
						},
						{
							"origin": [-2.50345, 25.62166, 0.86],
							"size": [1, 0.5, 0.5],
							"pivot": [-2.00345, 26.12166, 1.34],
							"rotation": [22.5, 0, 0],
							"uv": {
								"north": {"uv": [159, 48], "uv_size": [1, 1]},
								"east": {"uv": [159, 50], "uv_size": [1, 1]},
								"south": {"uv": [159, 52], "uv_size": [1, 1]},
								"west": {"uv": [54, 159], "uv_size": [1, 1]},
								"up": {"uv": [56, 159], "uv_size": [1, 1]},
								"down": {"uv": [159, 61], "uv_size": [1, -1]}
							}
						},
						{
							"origin": [-3.30345, 25.37166, 0.86],
							"size": [0.95, 0.5, 0.5],
							"pivot": [-2.85345, 25.87166, 1.34],
							"rotation": [22.5, 0, 0],
							"uv": {
								"north": {"uv": [62, 159], "uv_size": [1, 1]},
								"east": {"uv": [159, 62], "uv_size": [1, 1]},
								"south": {"uv": [159, 64], "uv_size": [1, 1]},
								"west": {"uv": [159, 66], "uv_size": [1, 1]},
								"up": {"uv": [159, 68], "uv_size": [1, 1]},
								"down": {"uv": [70, 160], "uv_size": [1, -1]}
							}
						},
						{
							"origin": [-1.65345, 25.37166, -1.34],
							"size": [0.95, 0.5, 0.5],
							"pivot": [-1.15345, 25.87166, -1.34],
							"rotation": [-22.5, 0, 0],
							"uv": {
								"north": {"uv": [159, 70], "uv_size": [1, 1]},
								"east": {"uv": [159, 72], "uv_size": [1, 1]},
								"south": {"uv": [77, 159], "uv_size": [1, 1]},
								"west": {"uv": [82, 159], "uv_size": [1, 1]},
								"up": {"uv": [84, 159], "uv_size": [1, 1]},
								"down": {"uv": [86, 160], "uv_size": [1, -1]}
							}
						},
						{
							"origin": [-3.00345, 22.47166, -0.49],
							"size": [2, 1.5, 1.5],
							"pivot": [-2.00345, 23.47166, 0.01],
							"rotation": [-45, 0, 0],
							"uv": {
								"north": {"uv": [27, 115], "uv_size": [2, 2]},
								"east": {"uv": [36, 115], "uv_size": [2, 2]},
								"south": {"uv": [115, 38], "uv_size": [2, 2]},
								"west": {"uv": [39, 115], "uv_size": [2, 2]},
								"up": {"uv": [42, 115], "uv_size": [2, 2]},
								"down": {"uv": [45, 117], "uv_size": [2, -2]}
							}
						}
					]
				},
				{
					"name": "right_sleeve",
					"parent": "RightArm",
					"pivot": [-2.25, 29, 0]
				},
				{
					"name": "right_left_sleeve",
					"parent": "right_sleeve",
					"pivot": [-3.26587, 30.09088, 0.01],
					"rotation": [0, 0, 15],
					"cubes": [
						{
							"origin": [-3.26587, 27.11588, -1.25],
							"size": [1.1, 3, 2.52],
							"uv": {
								"north": {"uv": [80, 126], "uv_size": [1, 3]},
								"east": {"uv": [105, 83], "uv_size": [3, 3]},
								"south": {"uv": [88, 126], "uv_size": [1, 3]},
								"west": {"uv": [105, 95], "uv_size": [3, 3]},
								"up": {"uv": [103, 126], "uv_size": [1, 3]},
								"down": {"uv": [126, 108], "uv_size": [1, -3]}
							}
						}
					]
				},
				{
					"name": "left_left_sleeve_2",
					"parent": "right_left_sleeve",
					"pivot": [-3.26587, 27.11588, 0.01],
					"rotation": [0, 0, -47.5],
					"cubes": [
						{
							"origin": [-3.26587, 25.11588, -1.251],
							"size": [1.1, 2, 2.522],
							"uv": {
								"north": {"uv": [131, 135], "uv_size": [1, 2]},
								"east": {"uv": [111, 46], "uv_size": [3, 2]},
								"south": {"uv": [135, 132], "uv_size": [1, 2]},
								"west": {"uv": [58, 111], "uv_size": [3, 2]},
								"up": {"uv": [107, 126], "uv_size": [1, 3]},
								"down": {"uv": [109, 129], "uv_size": [1, -3]}
							}
						}
					]
				},
				{
					"name": "left_right_sleeve2",
					"parent": "right_sleeve",
					"pivot": [-0.73413, 30.09088, 0.01],
					"rotation": [0, 0, -15],
					"cubes": [
						{
							"origin": [-1.83413, 27.11588, -1.25],
							"size": [1.1, 3, 2.52],
							"uv": {
								"north": {"uv": [126, 109], "uv_size": [1, 3]},
								"east": {"uv": [98, 105], "uv_size": [3, 3]},
								"south": {"uv": [126, 119], "uv_size": [1, 3]},
								"west": {"uv": [106, 4], "uv_size": [3, 3]},
								"up": {"uv": [0, 127], "uv_size": [1, 3]},
								"down": {"uv": [127, 5], "uv_size": [1, -3]}
							}
						}
					]
				},
				{
					"name": "right_left_sleeve_2",
					"parent": "left_right_sleeve2",
					"pivot": [-0.73413, 27.11588, 0.01],
					"rotation": [0, 0, 47.5],
					"cubes": [
						{
							"origin": [-1.83413, 25.11588, -1.251],
							"size": [1.1, 2, 2.522],
							"uv": {
								"north": {"uv": [133, 135], "uv_size": [1, 2]},
								"east": {"uv": [62, 111], "uv_size": [3, 2]},
								"south": {"uv": [135, 135], "uv_size": [1, 2]},
								"west": {"uv": [66, 111], "uv_size": [3, 2]},
								"up": {"uv": [5, 127], "uv_size": [1, 3]},
								"down": {"uv": [7, 130], "uv_size": [1, -3]}
							}
						}
					]
				},
				{
					"name": "right_front_sleeve",
					"parent": "right_sleeve",
					"pivot": [-2.00345, 30.19666, -1.24],
					"rotation": [-15, 0, 0],
					"cubes": [
						{
							"origin": [-3.25345, 27.12166, -1.24],
							"size": [2.5, 3, 1.1],
							"uv": {
								"north": {"uv": [106, 87], "uv_size": [3, 3]},
								"east": {"uv": [11, 127], "uv_size": [1, 3]},
								"south": {"uv": [106, 91], "uv_size": [3, 3]},
								"west": {"uv": [13, 127], "uv_size": [1, 3]},
								"up": {"uv": [127, 6], "uv_size": [3, 1]},
								"down": {"uv": [18, 128], "uv_size": [3, -1]}
							}
						}
					]
				},
				{
					"name": "right_front_sleeve_1",
					"parent": "right_front_sleeve",
					"pivot": [-2.00345, 27.12166, -1.24],
					"rotation": [47.5, 0, 0],
					"cubes": [
						{
							"origin": [-3.2545, 25.12166, -1.24],
							"size": [2.502, 2, 1.1],
							"uv": {
								"north": {"uv": [111, 69], "uv_size": [3, 2]},
								"east": {"uv": [136, 21], "uv_size": [1, 2]},
								"south": {"uv": [111, 72], "uv_size": [3, 2]},
								"west": {"uv": [136, 24], "uv_size": [1, 2]},
								"up": {"uv": [30, 127], "uv_size": [3, 1]},
								"down": {"uv": [49, 128], "uv_size": [3, -1]}
							}
						}
					]
				},
				{
					"name": "right_back_sleeve",
					"parent": "right_sleeve",
					"pivot": [-2.00345, 30.19666, 1.24],
					"rotation": [15, 0, 0],
					"cubes": [
						{
							"origin": [-3.25345, 27.12166, 0.14],
							"size": [2.5, 3, 1.1],
							"uv": {
								"north": {"uv": [106, 99], "uv_size": [3, 3]},
								"east": {"uv": [22, 127], "uv_size": [1, 3]},
								"south": {"uv": [106, 103], "uv_size": [3, 3]},
								"west": {"uv": [53, 127], "uv_size": [1, 3]},
								"up": {"uv": [55, 127], "uv_size": [3, 1]},
								"down": {"uv": [59, 128], "uv_size": [3, -1]}
							}
						}
					]
				},
				{
					"name": "right_back_sleeve_1",
					"parent": "right_back_sleeve",
					"pivot": [-2.00345, 27.12166, 1.24],
					"rotation": [-47.5, 0, 0],
					"cubes": [
						{
							"origin": [-3.2545, 25.12166, 0.14],
							"size": [2.502, 2, 1.1],
							"uv": {
								"north": {"uv": [73, 111], "uv_size": [3, 2]},
								"east": {"uv": [136, 27], "uv_size": [1, 2]},
								"south": {"uv": [111, 75], "uv_size": [3, 2]},
								"west": {"uv": [136, 36], "uv_size": [1, 2]},
								"up": {"uv": [63, 127], "uv_size": [3, 1]},
								"down": {"uv": [127, 68], "uv_size": [3, -1]}
							}
						}
					]
				},
				{
					"name": "RightForeArm",
					"parent": "RightArm",
					"pivot": [-2.00345, 23.1, 0],
					"cubes": [
						{
							"origin": [-3.25345, 16.12166, -1.24],
							"size": [2.5, 7, 2.5],
							"uv": {
								"north": {"uv": [87, 65], "uv_size": [3, 7]},
								"east": {"uv": [87, 73], "uv_size": [3, 7]},
								"south": {"uv": [31, 88], "uv_size": [3, 7]},
								"west": {"uv": [88, 81], "uv_size": [3, 7]},
								"up": {"uv": [107, 0], "uv_size": [3, 3]},
								"down": {"uv": [107, 21], "uv_size": [3, -3]}
							}
						}
					]
				},
				{
					"name": "RightHand",
					"parent": "RightForeArm",
					"pivot": [-2.00345, 17.62166, 0.01]
				},
				{
					"name": "RightHandLocator",
					"parent": "RightHand",
					"pivot": [-2.00345, 17.62166, 0.01]
				},
				{
					"name": "BladeLocator",
					"parent": "RightHand",
					"pivot": [-2.00345, 17.62166, 0.01]
				},
				{
					"name": "LeftArm",
					"pivot": [2.25, 29, 0],
					"cubes": [
						{
							"origin": [0.75345, 23.12166, -1.24],
							"size": [2.5, 7, 2.5],
							"uv": {
								"north": {"uv": [27, 84], "uv_size": [3, 7]},
								"east": {"uv": [50, 84], "uv_size": [3, 7]},
								"south": {"uv": [66, 84], "uv_size": [3, 7]},
								"west": {"uv": [75, 84], "uv_size": [3, 7]},
								"up": {"uv": [102, 6], "uv_size": [3, 3]},
								"down": {"uv": [102, 90], "uv_size": [3, -3]}
							}
						},
						{
							"origin": [0.65345, 25.62166, -1.34],
							"size": [2.7, 0.5, 2.7],
							"uv": {
								"north": {"uv": [62, 125], "uv_size": [3, 1]},
								"east": {"uv": [125, 63], "uv_size": [3, 1]},
								"south": {"uv": [125, 65], "uv_size": [3, 1]},
								"west": {"uv": [66, 125], "uv_size": [3, 1]},
								"up": {"uv": [102, 91], "uv_size": [3, 3]},
								"down": {"uv": [102, 102], "uv_size": [3, -3]}
							}
						},
						{
							"origin": [2.85345, 25.62166, -0.49],
							"size": [0.5, 0.5, 1],
							"pivot": [3.35345, 26.12166, 0.01],
							"rotation": [0, 0, -22.5],
							"uv": {
								"north": {"uv": [104, 157], "uv_size": [1, 1]},
								"east": {"uv": [157, 105], "uv_size": [1, 1]},
								"south": {"uv": [106, 157], "uv_size": [1, 1]},
								"west": {"uv": [157, 107], "uv_size": [1, 1]},
								"up": {"uv": [108, 157], "uv_size": [1, 1]},
								"down": {"uv": [157, 110], "uv_size": [1, -1]}
							}
						},
						{
							"origin": [2.85345, 25.37166, 0.36],
							"size": [0.5, 0.5, 0.95],
							"pivot": [3.35345, 25.87166, 0.86],
							"rotation": [0, 0, -22.5],
							"uv": {
								"north": {"uv": [110, 157], "uv_size": [1, 1]},
								"east": {"uv": [157, 111], "uv_size": [1, 1]},
								"south": {"uv": [112, 157], "uv_size": [1, 1]},
								"west": {"uv": [157, 113], "uv_size": [1, 1]},
								"up": {"uv": [114, 157], "uv_size": [1, 1]},
								"down": {"uv": [157, 118], "uv_size": [1, -1]}
							}
						},
						{
							"origin": [2.85345, 25.37166, -1.29],
							"size": [0.5, 0.5, 0.95],
							"pivot": [3.35345, 25.87166, -0.79],
							"rotation": [0, 0, -22.5],
							"uv": {
								"north": {"uv": [118, 157], "uv_size": [1, 1]},
								"east": {"uv": [120, 157], "uv_size": [1, 1]},
								"south": {"uv": [122, 157], "uv_size": [1, 1]},
								"west": {"uv": [124, 157], "uv_size": [1, 1]},
								"up": {"uv": [157, 125], "uv_size": [1, 1]},
								"down": {"uv": [157, 128], "uv_size": [1, -1]}
							}
						},
						{
							"origin": [0.64655, 25.37166, 0.36],
							"size": [0.5, 0.5, 0.95],
							"pivot": [0.64655, 25.87166, 0.86],
							"rotation": [0, 0, 22.5],
							"uv": {
								"north": {"uv": [128, 157], "uv_size": [1, 1]},
								"east": {"uv": [157, 129], "uv_size": [1, 1]},
								"south": {"uv": [133, 157], "uv_size": [1, 1]},
								"west": {"uv": [157, 133], "uv_size": [1, 1]},
								"up": {"uv": [135, 157], "uv_size": [1, 1]},
								"down": {"uv": [157, 136], "uv_size": [1, -1]}
							}
						},
						{
							"origin": [0.64655, 25.62166, -0.49],
							"size": [0.5, 0.5, 1],
							"pivot": [0.64655, 26.12166, 0.01],
							"rotation": [0, 0, 22.5],
							"uv": {
								"north": {"uv": [137, 157], "uv_size": [1, 1]},
								"east": {"uv": [157, 137], "uv_size": [1, 1]},
								"south": {"uv": [139, 157], "uv_size": [1, 1]},
								"west": {"uv": [157, 139], "uv_size": [1, 1]},
								"up": {"uv": [141, 157], "uv_size": [1, 1]},
								"down": {"uv": [157, 146], "uv_size": [1, -1]}
							}
						},
						{
							"origin": [0.64655, 25.37166, -1.29],
							"size": [0.5, 0.5, 0.95],
							"pivot": [0.64655, 25.87166, -0.79],
							"rotation": [0, 0, 22.5],
							"uv": {
								"north": {"uv": [154, 157], "uv_size": [1, 1]},
								"east": {"uv": [0, 158], "uv_size": [1, 1]},
								"south": {"uv": [8, 158], "uv_size": [1, 1]},
								"west": {"uv": [10, 158], "uv_size": [1, 1]},
								"up": {"uv": [12, 158], "uv_size": [1, 1]},
								"down": {"uv": [14, 159], "uv_size": [1, -1]}
							}
						},
						{
							"origin": [1.50345, 25.62166, -1.34],
							"size": [1, 0.5, 0.5],
							"pivot": [2.00345, 26.12166, -1.34],
							"rotation": [-22.5, 0, 0],
							"uv": {
								"north": {"uv": [158, 14], "uv_size": [1, 1]},
								"east": {"uv": [16, 158], "uv_size": [1, 1]},
								"south": {"uv": [18, 158], "uv_size": [1, 1]},
								"west": {"uv": [158, 20], "uv_size": [1, 1]},
								"up": {"uv": [22, 158], "uv_size": [1, 1]},
								"down": {"uv": [34, 159], "uv_size": [1, -1]}
							}
						},
						{
							"origin": [2.35345, 25.37166, -1.34],
							"size": [0.95, 0.5, 0.5],
							"pivot": [2.85345, 25.87166, -1.34],
							"rotation": [-22.5, 0, 0],
							"uv": {
								"north": {"uv": [36, 158], "uv_size": [1, 1]},
								"east": {"uv": [158, 38], "uv_size": [1, 1]},
								"south": {"uv": [40, 158], "uv_size": [1, 1]},
								"west": {"uv": [42, 158], "uv_size": [1, 1]},
								"up": {"uv": [158, 44], "uv_size": [1, 1]},
								"down": {"uv": [158, 47], "uv_size": [1, -1]}
							}
						},
						{
							"origin": [0.70345, 25.37166, 0.86],
							"size": [0.95, 0.5, 0.5],
							"pivot": [1.15345, 25.87166, 1.34],
							"rotation": [22.5, 0, 0],
							"uv": {
								"north": {"uv": [48, 158], "uv_size": [1, 1]},
								"east": {"uv": [50, 158], "uv_size": [1, 1]},
								"south": {"uv": [52, 158], "uv_size": [1, 1]},
								"west": {"uv": [158, 54], "uv_size": [1, 1]},
								"up": {"uv": [158, 56], "uv_size": [1, 1]},
								"down": {"uv": [58, 159], "uv_size": [1, -1]}
							}
						},
						{
							"origin": [1.50345, 25.62166, 0.86],
							"size": [1, 0.5, 0.5],
							"pivot": [2.00345, 26.12166, 1.34],
							"rotation": [22.5, 0, 0],
							"uv": {
								"north": {"uv": [158, 58], "uv_size": [1, 1]},
								"east": {"uv": [60, 158], "uv_size": [1, 1]},
								"south": {"uv": [64, 158], "uv_size": [1, 1]},
								"west": {"uv": [66, 158], "uv_size": [1, 1]},
								"up": {"uv": [68, 158], "uv_size": [1, 1]},
								"down": {"uv": [73, 159], "uv_size": [1, -1]}
							}
						},
						{
							"origin": [2.35345, 25.37166, 0.86],
							"size": [0.95, 0.5, 0.5],
							"pivot": [2.85345, 25.87166, 1.34],
							"rotation": [22.5, 0, 0],
							"uv": {
								"north": {"uv": [158, 74], "uv_size": [1, 1]},
								"east": {"uv": [75, 158], "uv_size": [1, 1]},
								"south": {"uv": [158, 76], "uv_size": [1, 1]},
								"west": {"uv": [158, 78], "uv_size": [1, 1]},
								"up": {"uv": [80, 158], "uv_size": [1, 1]},
								"down": {"uv": [158, 81], "uv_size": [1, -1]}
							}
						},
						{
							"origin": [0.70345, 25.37166, -1.34],
							"size": [0.95, 0.5, 0.5],
							"pivot": [1.15345, 25.87166, -1.34],
							"rotation": [-22.5, 0, 0],
							"uv": {
								"north": {"uv": [158, 82], "uv_size": [1, 1]},
								"east": {"uv": [158, 84], "uv_size": [1, 1]},
								"south": {"uv": [158, 86], "uv_size": [1, 1]},
								"west": {"uv": [158, 88], "uv_size": [1, 1]},
								"up": {"uv": [89, 158], "uv_size": [1, 1]},
								"down": {"uv": [91, 159], "uv_size": [1, -1]}
							}
						},
						{
							"origin": [1.00345, 22.47166, -0.49],
							"size": [2, 1.5, 1.5],
							"pivot": [2.00345, 23.47166, 0.01],
							"rotation": [-45, 0, 0],
							"uv": {
								"north": {"uv": [115, 0], "uv_size": [2, 2]},
								"east": {"uv": [115, 16], "uv_size": [2, 2]},
								"south": {"uv": [19, 115], "uv_size": [2, 2]},
								"west": {"uv": [115, 19], "uv_size": [2, 2]},
								"up": {"uv": [115, 22], "uv_size": [2, 2]},
								"down": {"uv": [115, 27], "uv_size": [2, -2]}
							}
						}
					]
				},
				{
					"name": "left_sleeve",
					"parent": "LeftArm",
					"pivot": [2.25, 29, 0]
				},
				{
					"name": "left_left_sleeve",
					"parent": "left_sleeve",
					"pivot": [3.26587, 30.09088, 0.01],
					"rotation": [0, 0, -15],
					"cubes": [
						{
							"origin": [2.16587, 27.11588, -1.25],
							"size": [1.1, 3, 2.52],
							"uv": {
								"north": {"uv": [125, 67], "uv_size": [1, 3]},
								"east": {"uv": [103, 0], "uv_size": [3, 3]},
								"south": {"uv": [70, 125], "uv_size": [1, 3]},
								"west": {"uv": [103, 21], "uv_size": [3, 3]},
								"up": {"uv": [125, 71], "uv_size": [1, 3]},
								"down": {"uv": [72, 128], "uv_size": [1, -3]}
							}
						}
					]
				},
				{
					"name": "left_left_sleeve_1",
					"parent": "left_left_sleeve",
					"pivot": [3.26587, 27.11588, 0.01],
					"rotation": [0, 0, 47.5],
					"cubes": [
						{
							"origin": [2.16587, 25.11588, -1.251],
							"size": [1.1, 2, 2.522],
							"uv": {
								"north": {"uv": [97, 135], "uv_size": [1, 2]},
								"east": {"uv": [110, 98], "uv_size": [3, 2]},
								"south": {"uv": [99, 135], "uv_size": [1, 2]},
								"west": {"uv": [110, 101], "uv_size": [3, 2]},
								"up": {"uv": [74, 125], "uv_size": [1, 3]},
								"down": {"uv": [125, 84], "uv_size": [1, -3]}
							}
						}
					]
				},
				{
					"name": "left_right_sleeve",
					"parent": "left_sleeve",
					"pivot": [0.73413, 30.09088, 0.01],
					"rotation": [0, 0, 15],
					"cubes": [
						{
							"origin": [0.73413, 27.11588, -1.25],
							"size": [1.1, 3, 2.52],
							"uv": {
								"north": {"uv": [86, 125], "uv_size": [1, 3]},
								"east": {"uv": [103, 25], "uv_size": [3, 3]},
								"south": {"uv": [125, 115], "uv_size": [1, 3]},
								"west": {"uv": [34, 103], "uv_size": [3, 3]},
								"up": {"uv": [125, 123], "uv_size": [1, 3]},
								"down": {"uv": [126, 30], "uv_size": [1, -3]}
							}
						}
					]
				},
				{
					"name": "right_left_sleeve_1",
					"parent": "left_right_sleeve",
					"pivot": [0.73413, 27.11588, 0.01],
					"rotation": [0, 0, -47.5],
					"cubes": [
						{
							"origin": [0.73413, 25.11588, -1.251],
							"size": [1.1, 2, 2.522],
							"uv": {
								"north": {"uv": [104, 135], "uv_size": [1, 2]},
								"east": {"uv": [110, 104], "uv_size": [3, 2]},
								"south": {"uv": [110, 135], "uv_size": [1, 2]},
								"west": {"uv": [110, 107], "uv_size": [3, 2]},
								"up": {"uv": [126, 40], "uv_size": [1, 3]},
								"down": {"uv": [45, 129], "uv_size": [1, -3]}
							}
						}
					]
				},
				{
					"name": "left_front_sleeve",
					"parent": "left_sleeve",
					"pivot": [2.00345, 30.19666, -1.24],
					"rotation": [-15, 0, 0],
					"cubes": [
						{
							"origin": [0.75345, 27.12166, -1.24],
							"size": [2.5, 3, 1.1],
							"uv": {
								"north": {"uv": [103, 39], "uv_size": [3, 3]},
								"east": {"uv": [47, 126], "uv_size": [1, 3]},
								"south": {"uv": [103, 47], "uv_size": [3, 3]},
								"west": {"uv": [126, 53], "uv_size": [1, 3]},
								"up": {"uv": [125, 95], "uv_size": [3, 1]},
								"down": {"uv": [126, 32], "uv_size": [3, -1]}
							}
						}
					]
				},
				{
					"name": "left_front_sleeve_1",
					"parent": "left_front_sleeve",
					"pivot": [2.00345, 27.12166, -1.24],
					"rotation": [47.5, 0, 0],
					"cubes": [
						{
							"origin": [0.7525, 25.12166, -1.24],
							"size": [2.502, 2, 1.1],
							"uv": {
								"north": {"uv": [110, 110], "uv_size": [3, 2]},
								"east": {"uv": [112, 135], "uv_size": [1, 2]},
								"south": {"uv": [111, 0], "uv_size": [3, 2]},
								"west": {"uv": [135, 114], "uv_size": [1, 2]},
								"up": {"uv": [126, 44], "uv_size": [3, 1]},
								"down": {"uv": [126, 58], "uv_size": [3, -1]}
							}
						}
					]
				},
				{
					"name": "left_back_sleeve",
					"parent": "left_sleeve",
					"pivot": [2.00345, 30.19666, 1.24],
					"rotation": [15, 0, 0],
					"cubes": [
						{
							"origin": [0.75345, 27.12166, 0.14],
							"size": [2.5, 3, 1.1],
							"uv": {
								"north": {"uv": [103, 71], "uv_size": [3, 3]},
								"east": {"uv": [126, 59], "uv_size": [1, 3]},
								"south": {"uv": [103, 75], "uv_size": [3, 3]},
								"west": {"uv": [126, 75], "uv_size": [1, 3]},
								"up": {"uv": [76, 126], "uv_size": [3, 1]},
								"down": {"uv": [126, 80], "uv_size": [3, -1]}
							}
						}
					]
				},
				{
					"name": "left_back_sleeve_1",
					"parent": "left_back_sleeve",
					"pivot": [2.00345, 27.12166, 1.24],
					"rotation": [-47.5, 0, 0],
					"cubes": [
						{
							"origin": [0.7525, 25.12166, 0.14],
							"size": [2.502, 2, 1.1],
							"uv": {
								"north": {"uv": [111, 16], "uv_size": [3, 2]},
								"east": {"uv": [135, 120], "uv_size": [1, 2]},
								"south": {"uv": [111, 19], "uv_size": [3, 2]},
								"west": {"uv": [135, 129], "uv_size": [1, 2]},
								"up": {"uv": [126, 85], "uv_size": [3, 1]},
								"down": {"uv": [126, 88], "uv_size": [3, -1]}
							}
						}
					]
				},
				{
					"name": "LeftForeArm",
					"parent": "LeftArm",
					"pivot": [2.00345, 23.1, 0],
					"cubes": [
						{
							"origin": [0.75345, 18.12166, -1.24],
							"size": [2.5, 5, 2.5],
							"uv": {
								"north": {"uv": [54, 45], "uv_size": [3, 5]},
								"east": {"uv": [64, 39], "uv_size": [3, 5]},
								"south": {"uv": [16, 91], "uv_size": [3, 5]},
								"west": {"uv": [50, 92], "uv_size": [3, 5]},
								"up": {"uv": [102, 103], "uv_size": [3, 3]},
								"down": {"uv": [49, 107], "uv_size": [3, -3]}
							}
						}
					]
				},
				{
					"name": "broken_hand",
					"parent": "LeftForeArm",
					"pivot": [2.00345, 18.12166, 0.01],
					"cubes": [
						{
							"origin": [0.75345, 16.13166, -1.24],
							"size": [2.5, 1.99, 2.5],
							"uv": {
								"north": {"uv": [111, 22], "uv_size": [3, 2]},
								"east": {"uv": [111, 25], "uv_size": [3, 2]},
								"south": {"uv": [33, 111], "uv_size": [3, 2]},
								"west": {"uv": [111, 39], "uv_size": [3, 2]},
								"up": {"uv": [104, 51], "uv_size": [3, 3]},
								"down": {"uv": [104, 58], "uv_size": [3, -3]}
							}
						}
					]
				},
				{
					"name": "broken_hand_1",
					"parent": "broken_hand",
					"pivot": [2.00345, 17.12166, 0.01],
					"cubes": [
						{
							"origin": [0.75345, 16.12166, -1.24],
							"size": [2.5, 0.01, 2.5],
							"uv": {
								"north": {"uv": [126, 89], "uv_size": [3, 1]},
								"east": {"uv": [126, 91], "uv_size": [3, 1]},
								"south": {"uv": [126, 93], "uv_size": [3, 1]},
								"west": {"uv": [126, 97], "uv_size": [3, 1]},
								"up": {"uv": [104, 66], "uv_size": [3, 3]},
								"down": {"uv": [105, 13], "uv_size": [3, -3]}
							}
						}
					]
				},
				{
					"name": "LeftHand",
					"parent": "LeftForeArm",
					"pivot": [2.00345, 17.62166, 0.01]
				},
				{
					"name": "LeftHandLocator",
					"parent": "LeftHand",
					"pivot": [2.00345, 17.62166, 0.01]
				},
				{
					"name": "SheathLocator",
					"parent": "LeftHand",
					"pivot": [2.00345, 17.62166, 0.01]
				},
				{
					"name": "LeftWaistLocator",
					"parent": "LeftHand",
					"pivot": [2.00345, 17.62166, 0.01]
				},
				{
					"name": "left_hand_objects",
					"parent": "LeftHand",
					"pivot": [2.00345, 17.62166, 0.01]
				}
			]
		}
	]
}