{
	"format_version": "1.12.0",
	"minecraft:geometry": [
		{
			"description": {
				"identifier": "geometry.unknown",
				"texture_width": 512,
				"texture_height": 512,
				"visible_bounds_width": 3,
				"visible_bounds_height": 4.5,
				"visible_bounds_offset": [0, 1.75, 0]
			},
			"bones": [
				{
					"name": "RightArm",
					"pivot": [-1.41445, 27.24029, 0.88103],
					"cubes": [
						{"origin": [-3.63555, 20.29029, -0.61897], "size": [3.05, 8, 3], "uv": [8, 10], "mirror": true},
						{"origin": [-3.16265, 27.69466, -0.61897], "size": [1.65, 1.4, 3], "pivot": [-2.33765, 28.09466, 0.88103], "rotation": [0, 0, -43], "uv": [8, 10], "mirror": true},
						{"origin": [-2.68735, 27.39466, -0.61897], "size": [1.65, 1.4, 3], "pivot": [-1.86235, 27.79466, 0.88103], "rotation": [0, 0, 28], "uv": [8, 10]},
						{"origin": [-3.53555, 19.84029, 0.20603], "size": [2.75, 2.1, 1.85], "pivot": [-2.16055, 20.99029, 1.08103], "rotation": [88, 0, 0], "uv": [18, 19], "mirror": true},
						{"origin": [-3.63945, 17.29029, -0.59397], "size": [3, 5.5, 3], "uv": [11, 8]}
					]
				},
				{
					"name": "RightHandLocator",
					"parent": "RightArm",
					"pivot": [-2.13945, 15.79029, 0.90603]
				},
				{
					"name": "LeftArm",
					"pivot": [0.38555, 27.24029, 0.88103],
					"cubes": [
						{"origin": [-0.41445, 20.29029, -0.61897], "size": [3.05, 8, 3], "uv": [8, 10]},
						{"origin": [0.03735, 27.39466, -0.61897], "size": [1.65, 1.4, 3], "pivot": [0.86235, 27.79466, 0.88103], "rotation": [0, 0, -28], "uv": [8, 10], "mirror": true},
						{"origin": [0.51265, 27.69466, -0.61897], "size": [1.65, 1.4, 3], "pivot": [1.33765, 28.09466, 0.88103], "rotation": [0, 0, 43], "uv": [8, 10]},
						{"origin": [-0.21445, 19.84029, 0.20603], "size": [2.75, 2.1, 1.85], "pivot": [1.16055, 20.99029, 1.08103], "rotation": [88, 0, 0], "uv": [18, 19]},
						{"origin": [-0.38945, 17.29029, -0.59397], "size": [3, 5.5, 3], "uv": [11, 10]}
					]
				},
				{
					"name": "LeftHandLocator",
					"parent": "LeftArm",
					"pivot": [1.11055, 15.79029, 0.90603]
				}
			]
		}
	]
}