{
	"format_version": "1.12.0",
	"minecraft:geometry": [
		{
			"description": {
				"identifier": "geometry.unknown",
				"texture_width": 64,
				"texture_height": 64,
				"visible_bounds_width": 4,
				"visible_bounds_height": 2.5,
				"visible_bounds_offset": [0, 0.75, 0]
			},
			"bones": [
				{
					"name": "Root",
					"pivot": [0, 0, 0]
				},
				{
					"name": "huoyan",
					"parent": "Root",
					"pivot": [13, 0, 0]
				},
				{
					"name": "huoyandongxiao",
					"parent": "huoyan",
					"pivot": [11.65, 0.03855, -0.10228],
					"cubes": [
						{"origin": [16.15, -6.4627, -3.47978], "size": [2, 13.0025, 4.38], "inflate": -1, "pivot": [17.15, 0.03855, -0.10228], "rotation": [-180, 0, 90], "uv": [26, 9], "mirror": true},
						{"origin": [16.15, -6.4627, -3.47978], "size": [2, 13.0025, 4.38], "inflate": -1, "pivot": [17.15, 0.03855, -0.10228], "rotation": [0, 0, -90], "uv": [26, 9]},
						{"origin": [16.15, -6.4627, -3.47978], "size": [2, 13.0025, 4.38], "inflate": -1, "pivot": [17.15, 0.03855, -0.10228], "rotation": [0, -90, -90], "uv": [26, 9]},
						{"origin": [16.15, -6.4627, -3.47978], "size": [2, 13.0025, 4.38], "inflate": -1, "pivot": [17.15, 0.03855, -0.10228], "rotation": [0, 90, -90], "uv": [26, 9], "mirror": true}
					]
				},
				{
					"name": "pl15",
					"parent": "Root",
					"pivot": [-4.85, 0.075, 0]
				},
				{
					"name": "penzui",
					"parent": "pl15",
					"pivot": [12.88133, 0.02847, 0.11234],
					"rotation": [0, -90, 0],
					"cubes": [
						{"origin": [12.56258, 0.31832, 0.34321], "size": [0.6375, 0.1275, 0.47812], "pivot": [12.88133, 0.38207, 0.24758], "rotation": [-135, 0, 180], "uv": [17, 7]},
						{"origin": [12.56258, -0.38887, 0.34321], "size": [0.6375, 0.1275, 0.47812], "pivot": [12.88133, -0.32512, 0.24758], "rotation": [135, 0, -180], "uv": [17, 7]},
						{"origin": [12.56258, 0.31037, 0.36237], "size": [0.6375, 0.1275, 0.47813], "pivot": [12.88133, 0.02847, 0.11234], "rotation": [-135, 0, 90], "uv": [17, 7]},
						{"origin": [12.56258, -0.38093, 0.36237], "size": [0.6375, 0.1275, 0.47813], "pivot": [12.88133, 0.02847, 0.11234], "rotation": [135, 0, 90], "uv": [17, 7]},
						{"origin": [12.56258, -0.38093, 0.36237], "size": [0.6375, 0.1275, 0.47813], "pivot": [12.88133, 0.02847, 0.11234], "rotation": [135, 0, 135], "uv": [17, 7]},
						{"origin": [12.56258, 0.31037, 0.36237], "size": [0.6375, 0.1275, 0.47813], "pivot": [12.88133, 0.02847, 0.11234], "rotation": [-135, 0, 135], "uv": [17, 7]},
						{"origin": [12.56258, 0.31037, 0.36237], "size": [0.6375, 0.1275, 0.47813], "pivot": [12.88133, 0.02847, 0.11234], "rotation": [-135, 0, 45], "uv": [17, 7]},
						{"origin": [12.56258, -0.38093, 0.36237], "size": [0.6375, 0.1275, 0.47813], "pivot": [12.88133, 0.02847, 0.11234], "rotation": [135, 0, 45], "uv": [17, 7]}
					]
				},
				{
					"name": "danti",
					"parent": "pl15",
					"pivot": [0.14226, 0.01806, 0.07533],
					"rotation": [0, -90, 0],
					"cubes": [
						{"origin": [-0.21394, 0.40584, 0.06932], "size": [0.75, 0.525, 12.6], "pivot": [0.14226, 0.01806, 0.07533], "rotation": [180, 0, 45], "uv": [5, 36]},
						{"origin": [-0.26975, -0.91785, 0.06932], "size": [0.75, 0.525, 12.6], "pivot": [0.14226, 0.01806, 0.07533], "rotation": [-180, 0, 180], "uv": [5, 36]},
						{"origin": [-0.26628, -0.94707, 0.06932], "size": [0.75, 0.525, 12.6], "pivot": [0.14226, 0.01806, 0.07533], "rotation": [180, 0, 135], "uv": [5, 36]},
						{"origin": [-0.19573, -0.91785, -20.91866], "size": [0.75, 0.525, 12.75], "pivot": [0.17927, 0.02847, -10.41866], "rotation": [180, 0, 90], "uv": [5, 36]},
						{"origin": [-0.21394, -0.9618, 0.06932], "size": [0.75, 0.525, 12.6], "pivot": [0.14226, 0.01806, 0.07533], "rotation": [180, 0, 45], "uv": [5, 36]},
						{"origin": [-0.26975, 0.44979, 0.06932], "size": [0.75, 0.525, 12.6], "pivot": [0.14226, 0.01806, 0.07533], "rotation": [-180, 0, 180], "uv": [5, 36]},
						{"origin": [-0.26628, 0.42057, 0.06932], "size": [0.75, 0.525, 12.6], "pivot": [0.14226, 0.01806, 0.07533], "rotation": [180, 0, 135], "uv": [5, 36]},
						{"origin": [-0.24316, 0.40237, 0.06932], "size": [0.75, 0.525, 12.6], "pivot": [0.14226, 0.01806, 0.07533], "rotation": [180, 0, 90], "uv": [5, 36]},
						{"origin": [-0.21394, 0.40584, -12.68068], "size": [0.75, 0.525, 12.975], "pivot": [0.14226, 0.01806, 0.07533], "rotation": [180, 0, 45], "uv": [5, 36]},
						{"origin": [-0.26975, -0.91785, -12.68068], "size": [0.75, 0.525, 12.975], "pivot": [0.14226, 0.01806, 0.07533], "rotation": [-180, 0, 180], "uv": [5, 36]},
						{"origin": [-0.26628, -0.94707, -12.68068], "size": [0.75, 0.525, 12.975], "pivot": [0.14226, 0.01806, 0.07533], "rotation": [180, 0, 135], "uv": [5, 36]},
						{"origin": [-0.19573, -0.91785, -33.66866], "size": [0.75, 0.525, 12.975], "pivot": [0.17927, 0.02847, -10.41866], "rotation": [180, 0, 90], "uv": [5, 36]},
						{"origin": [-0.21394, -0.9618, -12.68068], "size": [0.75, 0.525, 12.975], "pivot": [0.14226, 0.01806, 0.07533], "rotation": [180, 0, 45], "uv": [5, 36]},
						{"origin": [-0.26975, 0.44979, -12.68068], "size": [0.75, 0.525, 12.975], "pivot": [0.14226, 0.01806, 0.07533], "rotation": [-180, 0, 180], "uv": [5, 36]},
						{"origin": [-0.26628, 0.42057, -12.68068], "size": [0.75, 0.525, 12.975], "pivot": [0.14226, 0.01806, 0.07533], "rotation": [180, 0, 135], "uv": [5, 36]},
						{"origin": [-0.24316, 0.40237, -12.68068], "size": [0.75, 0.525, 12.975], "pivot": [0.14226, 0.01806, 0.07533], "rotation": [180, 0, 90], "uv": [5, 36]},
						{"origin": [-0.27445, 0.42862, -3.3358], "size": [0.765, 0.5355, 1.1345], "pivot": [0.14226, 0.01806, 0.07533], "rotation": [180, 0, 135], "uv": [47, 48]},
						{"origin": [-0.27799, -0.93657, -3.3358], "size": [0.765, 0.5355, 1.1345], "pivot": [0.14226, 0.01806, 0.07533], "rotation": [-180, 0, 180], "uv": [47, 48]},
						{"origin": [-0.22106, 0.4136, -3.3358], "size": [0.765, 0.5355, 1.1345], "pivot": [0.14226, 0.01806, 0.07533], "rotation": [180, 0, 45], "uv": [47, 48]},
						{"origin": [-0.25087, 0.41005, -3.3358], "size": [0.765, 0.5355, 1.1345], "pivot": [0.14226, 0.01806, 0.07533], "rotation": [180, 0, 90], "uv": [47, 48]},
						{"origin": [-0.27799, 0.45843, -3.3358], "size": [0.765, 0.5355, 1.1345], "pivot": [0.14226, 0.01806, 0.07533], "rotation": [-180, 0, 180], "uv": [47, 48]},
						{"origin": [-0.22106, -0.98139, -3.3358], "size": [0.765, 0.5355, 1.1345], "pivot": [0.14226, 0.01806, 0.07533], "rotation": [180, 0, 45], "uv": [47, 48]},
						{"origin": [-0.20249, -0.93657, -24.74354], "size": [0.765, 0.5355, 1.1375], "pivot": [0.18001, 0.02868, -10.62854], "rotation": [180, 0, 90], "uv": [47, 48]},
						{"origin": [-0.27445, -0.96637, -3.3358], "size": [0.765, 0.5355, 1.1345], "pivot": [0.14226, 0.01806, 0.07533], "rotation": [180, 0, 135], "uv": [47, 48]},
						{"origin": [-0.27799, 0.45843, -15.3358], "size": [0.765, 0.5355, 1.1345], "pivot": [0.14226, 0.01806, -11.92467], "rotation": [-180, 0, 180], "uv": [47, 48]},
						{"origin": [-0.22106, -0.98139, -15.3358], "size": [0.765, 0.5355, 1.1345], "pivot": [0.14226, 0.01806, -11.92467], "rotation": [180, 0, 45], "uv": [47, 48]},
						{"origin": [-0.27799, -0.93657, -15.3358], "size": [0.765, 0.5355, 1.1345], "pivot": [0.14226, 0.01806, -11.92467], "rotation": [-180, 0, 180], "uv": [47, 48]},
						{"origin": [-0.27445, -0.96637, -15.3358], "size": [0.765, 0.5355, 1.1345], "pivot": [0.14226, 0.01806, -11.92467], "rotation": [180, 0, 135], "uv": [47, 48]},
						{"origin": [-0.20249, -0.93657, -36.74354], "size": [0.765, 0.5355, 1.1375], "pivot": [0.18001, 0.02868, -22.62854], "rotation": [180, 0, 90], "uv": [47, 48]},
						{"origin": [-0.22106, 0.4136, -15.3358], "size": [0.765, 0.5355, 1.1345], "pivot": [0.14226, 0.01806, -11.92467], "rotation": [180, 0, 45], "uv": [47, 48]},
						{"origin": [-0.25087, 0.41005, -15.3358], "size": [0.765, 0.5355, 1.1345], "pivot": [0.14226, 0.01806, -11.92467], "rotation": [180, 0, 90], "uv": [47, 48]},
						{"origin": [-0.27445, 0.42862, -15.3358], "size": [0.765, 0.5355, 1.1345], "pivot": [0.14226, 0.01806, -11.92467], "rotation": [180, 0, 135], "uv": [47, 48]}
					]
				},
				{
					"name": "duoji",
					"parent": "pl15",
					"pivot": [12.28619, 0.02847, 0.11234],
					"rotation": [0, -90, 0],
					"cubes": [
						{"origin": [11.30458, -2.59094, 11.53515], "size": [0.15, 2.4, 0.6], "pivot": [11.39321, -0.88378, 12.06992], "rotation": [120, 0, 45], "uv": [16, 48]},
						{"origin": [11.30458, -1.36395, 12.40255], "size": [0.15, 1.28971, 0.375], "pivot": [11.39321, -0.88378, 12.06992], "rotation": [180, 0, 45], "uv": [16, 48]},
						{"origin": [11.30458, -1.52629, 11.96686], "size": [0.15, 1.05, 0.6], "pivot": [11.39321, -0.88378, 12.06992], "rotation": [97.5, 0, 45], "uv": [16, 48]},
						{"origin": [13.09054, 0.29821, 11.96686], "size": [0.15, 1.05, 0.6], "pivot": [13.17916, 0.94072, 12.06992], "rotation": [97.5, 0, -135], "uv": [16, 48]},
						{"origin": [13.09054, 0.46055, 12.40255], "size": [0.15, 1.28971, 0.375], "pivot": [13.17916, 0.94072, 12.06992], "rotation": [180, 0, -135], "uv": [16, 48]},
						{"origin": [13.09054, -0.76644, 11.53515], "size": [0.15, 2.4, 0.6], "pivot": [13.17916, 0.94072, 12.06992], "rotation": [120, 0, -135], "uv": [16, 48]},
						{"origin": [13.10981, -1.50702, 11.96686], "size": [0.15, 1.05, 0.6], "pivot": [13.19844, -0.86451, 12.06992], "rotation": [97.5, 0, -45], "uv": [16, 48]},
						{"origin": [13.10981, -1.34468, 12.40255], "size": [0.15, 1.28971, 0.375], "pivot": [13.19844, -0.86451, 12.06992], "rotation": [180, 0, -45], "uv": [16, 48]},
						{"origin": [13.10981, -2.57167, 11.53515], "size": [0.15, 2.4, 0.6], "pivot": [13.19844, -0.86451, 12.06992], "rotation": [120, 0, -45], "uv": [16, 48]},
						{"origin": [11.28531, 0.27894, 11.96686], "size": [0.15, 1.05, 0.6], "pivot": [11.37394, 0.92145, 12.06992], "rotation": [97.5, 0, 135], "uv": [16, 48]},
						{"origin": [11.28531, 0.44128, 12.40255], "size": [0.15, 1.28971, 0.375], "pivot": [11.37394, 0.92145, 12.06992], "rotation": [180, 0, 135], "uv": [16, 48]},
						{"origin": [11.28531, -0.78571, 11.53515], "size": [0.15, 2.4, 0.6], "pivot": [11.37394, 0.92145, 12.06992], "rotation": [120, 0, 135], "uv": [16, 48]},
						{"origin": [13.10981, -2.94667, -0.97711], "size": [0.15, 2.63774, 0.73726], "pivot": [13.19844, -0.86451, 0.06992], "rotation": [120, 0, -45], "uv": [16, 48]},
						{"origin": [13.10981, -0.96968, 0.02755], "size": [0.15, 1.28971, 0.75], "pivot": [13.19844, -0.86451, 0.06992], "rotation": [180, 0, -45], "uv": [16, 48]},
						{"origin": [13.10981, -2.25702, -0.40814], "size": [0.15, 1.8, 0.975], "pivot": [13.19844, -0.86451, 0.06992], "rotation": [97.5, 0, -45], "uv": [16, 48]},
						{"origin": [11.28531, -0.47106, -0.40814], "size": [0.15, 1.8, 0.975], "pivot": [11.37394, 0.92145, 0.06992], "rotation": [97.5, 0, 135], "uv": [16, 48]},
						{"origin": [11.28531, 0.81628, 0.02755], "size": [0.15, 1.28971, 0.75], "pivot": [11.37394, 0.92145, 0.06992], "rotation": [180, 0, 135], "uv": [16, 48]},
						{"origin": [11.28531, -1.16071, -0.97711], "size": [0.15, 2.63774, 0.73726], "pivot": [11.37394, 0.92145, 0.06992], "rotation": [120, 0, 135], "uv": [16, 48]},
						{"origin": [11.30458, -2.96594, -0.97711], "size": [0.15, 2.63774, 0.73726], "pivot": [11.39321, -0.88378, 0.06992], "rotation": [120, 0, 45], "uv": [16, 48]},
						{"origin": [11.30458, -0.98895, 0.02755], "size": [0.15, 1.28971, 0.75], "pivot": [11.39321, -0.88378, 0.06992], "rotation": [180, 0, 45], "uv": [16, 48]},
						{"origin": [11.30458, -2.27629, -0.40814], "size": [0.15, 1.8, 0.975], "pivot": [11.39321, -0.88378, 0.06992], "rotation": [97.5, 0, 45], "uv": [16, 48]},
						{"origin": [13.09054, -0.45179, -0.40814], "size": [0.15, 1.8, 0.975], "pivot": [13.17916, 0.94072, 0.06992], "rotation": [97.5, 0, -135], "uv": [16, 48]},
						{"origin": [13.09054, 0.83555, 0.02755], "size": [0.15, 1.28971, 0.75], "pivot": [13.17916, 0.94072, 0.06992], "rotation": [180, 0, -135], "uv": [16, 48]},
						{"origin": [13.09054, -1.14144, -0.97711], "size": [0.15, 2.63774, 0.73726], "pivot": [13.17916, 0.94072, 0.06992], "rotation": [120, 0, -135], "uv": [16, 48]}
					]
				},
				{
					"name": "dantou",
					"parent": "pl15",
					"pivot": [-15.22113, 0.02847, 0.11234],
					"cubes": [
						{"origin": [-9.18363, 1.54722, -6.33766], "size": [0.75, 0.15, 2.7], "pivot": [-8.80863, 1.62222, 0.11234], "rotation": [0, 90, -11], "uv": [49, 47]},
						{"origin": [-15.0734, 0.39413, -0.25201], "size": [0.75, 0.15, 2.7], "pivot": [-14.6984, 0.02847, 0.11234], "rotation": [-79, -45, -90], "uv": [49, 47]},
						{"origin": [-9.18363, -0.04653, -4.74391], "size": [0.75, 0.15, 2.7], "pivot": [-8.80863, 0.02847, 1.70609], "rotation": [-79, 0, -90], "uv": [49, 47]},
						{"origin": [-9.18363, -1.64028, -6.33766], "size": [0.75, 0.15, 2.7], "pivot": [-8.80863, -1.56528, 0.11234], "rotation": [0, 90, 11], "uv": [49, 47]},
						{"origin": [-15.0734, -0.48718, -0.25201], "size": [0.75, 0.15, 2.7], "pivot": [-14.6984, 0.02847, 0.11234], "rotation": [-101, -45, -90], "uv": [49, 47]},
						{"origin": [-9.18363, -0.04653, -7.93141], "size": [0.75, 0.15, 2.7], "pivot": [-8.80863, 0.02847, -1.48141], "rotation": [-101, 0, -90], "uv": [49, 47]},
						{"origin": [-15.0734, -0.48718, -0.25201], "size": [0.75, 0.15, 2.7], "pivot": [-14.6984, 0.02847, 0.11234], "rotation": [-101, 45, -90], "uv": [49, 47]},
						{"origin": [-15.0734, 0.39413, -0.25201], "size": [0.75, 0.15, 2.7], "pivot": [-14.6984, 0.02847, 0.11234], "rotation": [-79, 45, -90], "uv": [49, 47]},
						{"origin": [-15.52113, -0.27153, -0.18766], "size": [3.15, 0.6, 0.6], "uv": [45, 49]},
						{"origin": [-15.52113, -0.27153, -0.18766], "size": [3.15, 0.6, 0.6], "pivot": [-13.94613, 0.02847, 0.11234], "rotation": [-45, 0, 0], "uv": [45, 49]},
						{"origin": [-15.74613, -0.12153, -0.03766], "size": [2.85, 0.3, 0.3], "pivot": [-14.47113, 0.02847, 0.11234], "rotation": [45, 0, 0], "uv": [45, 49]},
						{"origin": [-15.74613, -0.12153, -0.03766], "size": [2.85, 0.3, 0.3], "uv": [45, 49]},
						{"origin": [-15.82113, -0.04653, 0.03734], "size": [2.175, 0.15, 0.15], "pivot": [-15.22113, 0.02847, 0.11234], "rotation": [45, 0, 0], "uv": [45, 49]}
					]
				},
				{
					"name": "ysmGlowBomm",
					"pivot": [3, 0, 0]
				},
				{
					"name": "ysmGlowbone2",
					"parent": "ysmGlowBomm",
					"pivot": [-2.2, 0.1, 0],
					"cubes": [
						{"origin": [-4.2, 2, -3], "size": [3, 3, 3], "pivot": [-2.2, 2, -2], "rotation": [40.12074, -32.79775, 32.73241], "uv": [26, 32]},
						{"origin": [-4.2, 2, -1], "size": [3, 3, 3], "pivot": [-2.2, 2, 0], "rotation": [40.12074, -32.79775, 82.73241], "uv": [26, 32]},
						{"origin": [-4.4, 0, -1.8], "size": [3, 3, 3], "pivot": [-2.4, 0, -0.8], "rotation": [40.12074, -32.79775, 82.73241], "uv": [26, 32]},
						{"origin": [-1.2, 2, 1], "size": [3, 3, 3], "pivot": [0.8, 2, 2], "rotation": [40.12074, -32.79775, 20.23241], "uv": [26, 32]},
						{"origin": [-2.32519, 2.44163, -0.92758], "size": [3, 3, 3], "pivot": [-0.32519, 2.44163, 0.07242], "rotation": [-179.7174, -54.003, 26.4545], "uv": [26, 32]},
						{"origin": [-2.16708, -0.17962, -2.89266], "size": [3, 3, 3], "pivot": [-0.16708, -0.17962, -1.89266], "rotation": [-19.6878, -62.5339, 167.7195], "uv": [26, 32]},
						{"origin": [-2.2314, 1.29354, -1.54148], "size": [3, 3, 3], "pivot": [-0.2314, 1.29354, -0.54148], "rotation": [-14.603, -26.3818, -161.0555], "uv": [26, 32]},
						{"origin": [-2.20732, 0.74185, 2.02153], "size": [3, 3, 3], "pivot": [-0.20732, 0.74185, 3.02153], "rotation": [-12.7312, -71.3441, 152.8357], "uv": [26, 32]},
						{"origin": [-6.2, 2.5, -3], "size": [3, 3, 3], "pivot": [-4.2, 2.5, -2], "rotation": [137.0351, -19.68225, -33.10595], "uv": [26, 32]}
					]
				},
				{
					"name": "ysmGlowbone3",
					"parent": "ysmGlowBomm",
					"pivot": [-2.16608, 0.15584, -0.01938],
					"rotation": [-53.71433, 14.26008, 100.25103],
					"cubes": [
						{"origin": [-7.04508, 1.94662, -3.40599], "size": [3, 3, 3], "pivot": [-4.23077, 1.37623, -2.2985], "rotation": [40.12074, -32.79775, 32.73241], "uv": [26, 32]},
						{"origin": [-7.14896, 1.54501, -1.65689], "size": [3, 3, 3], "pivot": [-4.23077, 1.37623, -0.2985], "rotation": [40.12074, -32.79775, 82.73241], "uv": [26, 32]},
						{"origin": [-4.63435, 1.30028, 0.54591], "size": [3, 3, 3], "pivot": [-1.23077, 1.37623, 1.7015], "rotation": [40.12074, -32.79775, 20.23241], "uv": [26, 32]},
						{"origin": [-5.25268, 2.40417, -1.06876], "size": [3, 3, 3], "pivot": [-2.35596, 2.81787, -0.22608], "rotation": [-179.7174, -54.003, 26.4545], "uv": [26, 32]},
						{"origin": [-4.90061, -1.48407, -3.39804], "size": [3, 3, 3], "pivot": [-2.19786, -0.80338, -2.19116], "rotation": [-19.6878, -62.5339, 167.7195], "uv": [26, 32]},
						{"origin": [-4.32092, 0.00008, -2.5803], "size": [3, 3, 3], "pivot": [-2.26217, 0.66977, -0.83998], "rotation": [-14.603, -26.3818, -161.0555], "uv": [26, 32]},
						{"origin": [-9.07956, -3.41698, 1.47106], "size": [3, 3, 3], "pivot": [-2.23809, 0.11808, 2.72303], "rotation": [-12.7312, -71.3441, 152.8357], "uv": [26, 32]},
						{"origin": [-7.36138, 1.53307, 1.68045], "size": [3, 3, 3], "pivot": [-5.23077, 1.37623, 1.7015], "rotation": [137.0351, -19.68225, -33.10595], "uv": [26, 32]}
					]
				},
				{
					"name": "ysmGlowbone4",
					"parent": "ysmGlowBomm",
					"pivot": [-0.2, 0, 0],
					"cubes": [
						{"origin": [-4.2, 2, -3], "size": [3, 3, 3], "pivot": [-2.2, 2, -2], "rotation": [40.12074, -32.79775, 32.73241], "uv": [26, 32]},
						{"origin": [-4.2, 2, -1], "size": [3, 3, 3], "pivot": [-2.2, 2, 0], "rotation": [40.12074, -32.79775, 82.73241], "uv": [26, 32]},
						{"origin": [-1.2, 2, 1], "size": [3, 3, 3], "pivot": [0.8, 2, 2], "rotation": [40.12074, -32.79775, 20.23241], "uv": [26, 32]},
						{"origin": [0.27481, 2.64163, -0.92758], "size": [3, 3, 3], "pivot": [2.27481, 2.64163, 0.07242], "rotation": [-179.7174, -54.003, 26.4545], "uv": [26, 32]},
						{"origin": [-2.16708, -0.17962, -2.89266], "size": [3, 3, 3], "pivot": [-0.16708, -0.17962, -1.89266], "rotation": [-19.6878, -62.5339, 167.7195], "uv": [26, 32]},
						{"origin": [-2.2314, 1.29354, -1.54148], "size": [3, 3, 3], "pivot": [-0.2314, 1.29354, -0.54148], "rotation": [-14.603, -26.3818, -161.0555], "uv": [26, 32]},
						{"origin": [-2.20732, 0.74185, 2.02153], "size": [3, 3, 3], "pivot": [-0.20732, 0.74185, 3.02153], "rotation": [-12.7312, -71.3441, 152.8357], "uv": [26, 32]},
						{"origin": [-5.2, 2, 1], "size": [3, 3, 3], "pivot": [-3.2, 2, 2], "rotation": [137.0351, -19.68225, -33.10595], "uv": [26, 32]}
					]
				},
				{
					"name": "ysmGlowbone5",
					"parent": "ysmGlowBomm",
					"pivot": [-1.2, 0, 0],
					"rotation": [0, 55, 0],
					"cubes": [
						{"origin": [-3.65746, 2, -3.27927], "size": [3, 3, 3], "pivot": [-1.65746, 2, -2.27927], "rotation": [-65.35536, -58.18197, 77.94672], "uv": [26, 32]},
						{"origin": [-3.65746, 2, -1.27927], "size": [3, 3, 3], "pivot": [-1.65746, 2, -0.27927], "rotation": [-36.41885, -16.5701, 77.04567], "uv": [26, 32]},
						{"origin": [-0.65746, 2, 0.72073], "size": [3, 3, 3], "pivot": [1.34254, 2, 1.72073], "rotation": [-80.20611, -67.88341, 86.95482], "uv": [26, 32]},
						{"origin": [-1.78265, 3.44163, -1.20685], "size": [3, 3, 3], "pivot": [0.21735, 3.44163, -0.20685], "rotation": [41.39712, -50.45964, 113.21453], "uv": [26, 32]},
						{"origin": [-1.62454, -0.17962, -3.17193], "size": [3, 3, 3], "pivot": [0.37546, -0.17962, -2.17193], "rotation": [-31.30231, 6.89339, 131.82903], "uv": [26, 32]},
						{"origin": [-1.68886, 1.29354, -1.82075], "size": [3, 3, 3], "pivot": [0.31114, 1.29354, -0.82075], "rotation": [8.90551, 40.10952, 159.85078], "uv": [26, 32]},
						{"origin": [-1.66477, 0.74185, 1.74226], "size": [3, 3, 3], "pivot": [0.33523, 0.74185, 2.74226], "rotation": [-38.17971, -3.24536, 129.08885], "uv": [26, 32]},
						{"origin": [-4.65746, 1.1, -0.77927], "size": [3, 3, 3], "pivot": [-2.65746, 1.1, 0.22073], "rotation": [-139.2937, -58.90913, -137.69229], "uv": [26, 32]}
					]
				},
				{
					"name": "ysmGlowbone6",
					"parent": "ysmGlowBomm",
					"pivot": [-0.86608, 0.05584, 0.08062],
					"rotation": [-53.71433, 14.26008, 100.25103],
					"cubes": [
						{"origin": [-4.02912, 2.72276, -3.93675], "size": [3, 3, 3], "pivot": [-1.21481, 2.15237, -2.82926], "rotation": [40.12074, -32.79775, 32.73241], "uv": [26, 32]},
						{"origin": [-4.133, 2.32114, -2.18766], "size": [3, 3, 3], "pivot": [-1.21481, 2.15237, -0.82926], "rotation": [40.12074, -32.79775, 82.73241], "uv": [26, 32]},
						{"origin": [-0.58599, 0.49862, 1.78146], "size": [3, 3, 3], "pivot": [1.786, 0.81308, 1.06963], "rotation": [173.25337, 16.28004, -63.8504], "uv": [26, 32]},
						{"origin": [-0.57316, 4.59346, -1.11415], "size": [3, 3, 3], "pivot": [0.66, 3.594, -0.75684], "rotation": [-179.7174, -54.003, 26.4545], "uv": [26, 32]},
						{"origin": [-1.88465, -0.70793, -3.92881], "size": [3, 3, 3], "pivot": [0.8181, -0.02725, -2.72192], "rotation": [-19.6878, -62.5339, 167.7195], "uv": [26, 32]},
						{"origin": [-1.30496, 0.77622, -3.11106], "size": [3, 3, 3], "pivot": [0.75379, 1.44591, -1.37074], "rotation": [-14.603, -26.3818, -161.0555], "uv": [26, 32]},
						{"origin": [-6.0636, -2.64084, 0.9403], "size": [3, 3, 3], "pivot": [0.77787, 0.89422, 2.19227], "rotation": [-12.7312, -71.3441, 152.8357], "uv": [26, 32]},
						{"origin": [-4.34542, 2.30921, 1.14969], "size": [3, 3, 3], "pivot": [-2.21481, 2.15237, 1.17074], "rotation": [137.0351, -19.68225, -33.10595], "uv": [26, 32]}
					]
				},
				{
					"name": "canpian",
					"pivot": [-0.41144, 1.7185, -1.26146],
					"rotation": [-53.71433, 14.26008, 105.25103],
					"cubes": [
						{"origin": [1.40325, -2.52422, -6.08052], "size": [3, 3, 3], "inflate": -0.1, "pivot": [0.56447, 1.02849, -4.08883], "rotation": [132.30373, -54.53796, -39.55666], "uv": [6, 13]},
						{"origin": [0.84313, -3.53561, -2.54912], "size": [3, 3, 3], "inflate": -0.1, "pivot": [0.34313, -0.03561, -1.04912], "rotation": [140.89904, 18.93849, -10.84231], "uv": [6, 13]},
						{"origin": [-1.65234, -3.85761, 0.39047], "size": [3, 3, 3], "inflate": -0.1, "pivot": [1.95622, 2.4917, 2.60704], "rotation": [-12.7312, -71.3441, 152.8357], "uv": [6, 13]},
						{"origin": [2.7772, -1.06108, -3.91769], "size": [3, 3, 3], "inflate": -0.1, "pivot": [1.23214, 3.74339, -2.15597], "rotation": [-14.603, -26.3818, -161.0555], "uv": [6, 13]},
						{"origin": [3.51454, -7.10051, -4.7313], "size": [3, 3, 3], "inflate": -0.1, "pivot": [3.09645, -2.22977, -3.60715], "rotation": [-19.6878, -62.5339, 167.7195], "uv": [6, 13]},
						{"origin": [0.54375, -1.42201, -0.33665], "size": [3, 3, 3], "inflate": -0.1, "pivot": [0.13466, 1.66796, 0.60334], "rotation": [-179.7174, -54.003, 26.4545], "uv": [6, 13]},
						{"origin": [1.93079, -3.99369, 2.20619], "size": [3, 3, 3], "inflate": -0.1, "pivot": [1.16435, 0.61056, 1.4844], "rotation": [173.25337, 16.28004, -63.8504], "uv": [6, 13]},
						{"origin": [1.56616, -0.05275, 0.57639], "size": [3, 3, 3], "inflate": -0.1, "pivot": [1.66354, 1.94985, 2.08551], "rotation": [40.12074, -32.79775, 82.73241], "uv": [6, 13]},
						{"origin": [1.69177, -0.97471, -3.70981], "size": [3, 3, 3], "inflate": -0.1, "pivot": [0.36354, 1.94985, -2.41449], "rotation": [40.12074, -32.79775, 32.73241], "uv": [6, 13]},
						{"origin": [2.19675, 1.2385, -8.32272], "size": [3, 3, 3], "inflate": -0.1, "pivot": [1.44862, 4.80616, -7.2226], "rotation": [40.12074, -32.79775, 82.73241], "uv": [6, 13]},
						{"origin": [2.16597, -2.85989, -1.46012], "size": [3, 3, 3], "inflate": -0.1, "pivot": [1.16435, 2.11056, -1.5156], "rotation": [173.25337, 16.28004, -63.8504], "uv": [7, 14]},
						{"origin": [1.80519, 1.39094, -2.69938], "size": [3, 3, 3], "inflate": -0.1, "pivot": [0.03835, 3.39148, -1.34207], "rotation": [-179.7174, -54.003, 26.4545], "uv": [6, 13]},
						{"origin": [3.39817, -3.66645, -5.72813], "size": [3, 3, 3], "inflate": -0.1, "pivot": [2.89817, -0.16645, -4.22813], "rotation": [-87.62259, -28.33038, -138.95379], "uv": [6, 13]},
						{"origin": [2.09155, -2.14404, -5.44554], "size": [3, 3, 3], "inflate": -0.1, "pivot": [1.03214, 1.24339, -3.75597], "rotation": [-14.603, -26.3818, -161.0555], "uv": [6, 13]},
						{"origin": [0.47808, -4.15753, -0.77143], "size": [3, 3, 3], "inflate": -0.1, "pivot": [2.25622, 0.6917, 1.10704], "rotation": [-12.7312, -71.3441, 152.8357], "uv": [7, 13]},
						{"origin": [-0.15334, -0.05741, -0.32749], "size": [3, 3, 3], "inflate": -0.1, "pivot": [-2.83646, 1.94985, 0.58551], "rotation": [137.0351, -19.68225, -33.10595], "uv": [7, 14]}
					]
				}
			]
		}
	]
}