{
	"format_version": "1.12.0",
	"minecraft:geometry": [
		{
			"description": {
				"identifier": "geometry.unknown",
				"texture_width": 128,
				"texture_height": 128,
				"visible_bounds_width": 3,
				"visible_bounds_height": 4.5,
				"visible_bounds_offset": [0, 1.75, 0]
			},
			"bones": [
				{
					"name": "Arm",
					"pivot": [0, 0, 0]
				},
				{
					"name": "LeftArm",
					"parent": "Arm",
					"pivot": [3.4, 31.1, 0],
					"cubes": [
						{"origin": [2.6, 25.15, -1.5], "size": [3.05, 7, 3], "uv": [80, 61]},
						{"origin": [2.9, 24.25, -1.1], "size": [2.55, 2, 2.2], "uv": [93, 37]},
						{"origin": [2.8, 24.2, -1.125], "size": [2.7, 2.05, 2.3], "uv": [16, 93]},
						{"origin": [2.45, 24.975, -1.7], "size": [3.25, 7.3, 3.4], "uv": [48, 80]}
					]
				},
				{
					"name": "LeftForeArm",
					"parent": "LeftArm",
					"pivot": [3.525, 25.05, 0.025],
					"cubes": [
						{"origin": [2.625, 18.15, -1.475], "size": [3, 7, 3], "uv": [24, 80]},
						{"origin": [2.525, 20.45, -1.575], "size": [3.2, 5, 3.2], "uv": [0, 83]}
					]
				},
				{
					"name": "LeftHand",
					"parent": "LeftForeArm",
					"pivot": [4.125, 21.175, 0.025]
				},
				{
					"name": "LeftHandLocator",
					"parent": "LeftHand",
					"pivot": [4.225, 19.675, 0.025],
					"cubes": [
						{"origin": [3.725, 19.175, -0.475], "size": [1, 1, 1], "uv": [84, 61]}
					]
				},
				{
					"name": "ArmPart",
					"parent": "LeftArm",
					"pivot": [3.95, 27.975, -0.46875],
					"rotation": [0, 5, 0],
					"cubes": [
						{"origin": [2.15, 26.975, -1.925], "size": [3.85, 2.3, 3.9], "uv": [85, 77]},
						{"origin": [2.125, 27.175, -1.95], "size": [3.9, 0.2, 3.95], "uv": [114, 5]},
						{"origin": [5.125, 27.475, -0.825], "size": [0.9, 0.2, 1.35], "pivot": [5.575, 27.275, -0.975], "rotation": [57.5, 0, 0], "uv": [114, 5]},
						{"origin": [5.125, 27.53199, -1.83475], "size": [0.9, 0.2, 1.35], "pivot": [5.575, 28.13199, -0.78475], "rotation": [122.5, 0, 0], "uv": [114, 5]},
						{"origin": [3.125, 27.375, -1.95], "size": [0.9, 0.2, 0], "uv": [114, 5]},
						{"origin": [2.125, 28.925, -1.95], "size": [3.9, 0.2, 3.95], "uv": [114, 5]}
					]
				},
				{
					"name": "RightArm",
					"parent": "Arm",
					"pivot": [-3.4, 31.1, 0],
					"cubes": [
						{"origin": [-5.65, 25.15, -1.5], "size": [3.05, 7, 3], "uv": [73, 77]},
						{"origin": [-5.7, 24.975, -1.7], "size": [3.25, 7.3, 3.4], "uv": [48, 80], "mirror": true},
						{"origin": [-5.45, 23.95, -1.1], "size": [2.55, 2, 2.2], "uv": [8, 93]},
						{"origin": [-5.5, 23.9, -1.125], "size": [2.7, 2.05, 2.3], "uv": [62, 87]}
					]
				},
				{
					"name": "RightForeArm",
					"parent": "RightArm",
					"pivot": [-3.525, 25.05, 0.025],
					"cubes": [
						{"origin": [-5.725, 20.45, -1.575], "size": [3.2, 5, 3.2], "uv": [0, 83], "mirror": true},
						{"origin": [-5.625, 18.15, -1.475], "size": [3, 7, 3], "uv": [24, 80], "mirror": true}
					]
				},
				{
					"name": "RightHandLocator",
					"parent": "RightForeArm",
					"pivot": [-4.225, 19.675, 0.025],
					"cubes": [
						{"origin": [-4.725, 19.175, -0.475], "size": [1, 1, 1], "uv": [84, 61], "mirror": true}
					]
				}
			]
		}
	]
}