{
	"format_version": "1.12.0",
	"minecraft:geometry": [
		{
			"description": {
				"identifier": "geometry.unknown",
				"texture_width": 128,
				"texture_height": 128,
				"visible_bounds_width": 3,
				"visible_bounds_height": 4.5,
				"visible_bounds_offset": [0, 1.75, 0]
			},
			"bones": [
				{
					"name": "Root",
					"pivot": [0, 0, 0]
				},
				{
					"name": "AllBody",
					"parent": "Root",
					"pivot": [0, 19.65, 0]
				},
				{
					"name": "UpBody",
					"parent": "AllBody",
					"pivot": [0, 19, 0],
					"cubes": [
						{"origin": [-3.5, 17.75, -2.025], "size": [7, 12, 4], "uv": [0, 24]},
						{"origin": [-2.7, 28.15, -2.125], "size": [5.4, 2, 4.2], "uv": [64, 27]}
					]
				},
				{
					"name": "AllHead",
					"parent": "UpBody",
					"pivot": [0, 29.8, 0],
					"cubes": [
						{"origin": [-1.5, 29.75, -1.525], "size": [3, 2, 3], "uv": [87, 0]}
					]
				},
				{
					"name": "Head",
					"parent": "AllHead",
					"pivot": [0, 30.8, 0],
					"cubes": [
						{"origin": [2.125, 31.3, -3.51], "size": [0.2, 4.2, 1], "pivot": [2.175, 33.4, -3.01], "rotation": [0, 0, -2.5], "uv": [123, 17]},
						{"origin": [-3.5, 30.9, -3.5], "size": [7, 7, 7], "uv": [0, 10]}
					]
				},
				{
					"name": "Face",
					"parent": "Head",
					"pivot": [-1.05, 13.9, -4.5]
				},
				{
					"name": "Eyes",
					"parent": "Face",
					"pivot": [-1.05, 13.9, -4.5]
				},
				{
					"name": "Eyebrow",
					"parent": "Eyes",
					"pivot": [2.875, 33.7, -3.2]
				},
				{
					"name": "LeftEyebrow",
					"parent": "Eyebrow",
					"pivot": [2.875, 33.7, -3.2],
					"cubes": [
						{"origin": [1.375, 33.7, -3.7], "size": [2.3, 1, 1], "uv": [102, 0]},
						{"origin": [3.35, 33.425, -3.875], "size": [1.1, 1, 1], "uv": [108, 0]}
					]
				},
				{
					"name": "RightEyebrow",
					"parent": "Eyebrow",
					"pivot": [-2.875, 33.7, -3.2],
					"cubes": [
						{"origin": [-3.675, 33.7, -3.7], "size": [2.3, 1, 1], "uv": [102, 0]},
						{"origin": [-4.45, 33.425, -3.95], "size": [1.1, 1, 1], "uv": [108, 0]}
					]
				},
				{
					"name": "Eyelid",
					"parent": "Eyes",
					"pivot": [-1.05, 13.9, -4.55]
				},
				{
					"name": "LeftEyelid",
					"parent": "Eyelid",
					"pivot": [2.325, 31.9, -3.075],
					"cubes": [
						{"origin": [1.5, 31.9, -3.525], "size": [2, 2, 1], "uv": [105, 28]}
					]
				},
				{
					"name": "LeftEyesBase",
					"parent": "LeftEyelid",
					"pivot": [2.325, 31.9, -3.075],
					"cubes": [
						{"origin": [1.625, 31.9, -3.575], "size": [1.4, 2, 1], "uv": [105, 39]}
					]
				},
				{
					"name": "LeftDot",
					"parent": "LeftEyesBase",
					"pivot": [2.825, 33.4, -3.1],
					"cubes": [
						{"origin": [2.575, 33.25, -3.6], "size": [0.5, 0.3, 1], "uv": [6, 108]}
					]
				},
				{
					"name": "LeftPupil",
					"parent": "LeftEyesBase",
					"pivot": [2.325, 31.9, -3.075]
				},
				{
					"name": "RightEyelid",
					"parent": "Eyelid",
					"pivot": [-2.325, 31.9, -3.075],
					"cubes": [
						{"origin": [-3.5, 31.9, -3.525], "size": [2, 2, 1], "uv": [105, 28]}
					]
				},
				{
					"name": "RightEyesBase",
					"parent": "RightEyelid",
					"pivot": [-2.325, 31.9, -3.075],
					"cubes": [
						{"origin": [-3.025, 31.9, -3.575], "size": [1.4, 2, 1], "uv": [105, 39]}
					]
				},
				{
					"name": "RightDot",
					"parent": "RightEyesBase",
					"pivot": [-1.8, 33.4, -3.1],
					"cubes": [
						{"origin": [-2.05, 33.25, -3.6], "size": [0.5, 0.3, 1], "uv": [6, 108]}
					]
				},
				{
					"name": "RightPupil",
					"parent": "RightEyesBase",
					"pivot": [-2.325, 31.9, -3.075]
				},
				{
					"name": "Mouth",
					"parent": "Face",
					"pivot": [0, 31.575, -3.6]
				},
				{
					"name": "Zui1",
					"parent": "Mouth",
					"pivot": [0, 31.575, -2.6]
				},
				{
					"name": "bone24",
					"parent": "Zui1",
					"pivot": [-0.375, 31.8, -2.6],
					"rotation": [0, 0, -8.25],
					"cubes": [
						{"origin": [-0.99305, 31.6781, -2.65], "size": [1, 0.15, 0], "uv": [124, 25]}
					]
				},
				{
					"name": "bone23",
					"parent": "Zui1",
					"pivot": [0.375, 31.8, -2.6],
					"rotation": [0, 0, 8.25],
					"cubes": [
						{"origin": [-0.00695, 31.6781, -2.65], "size": [1.125, 0.15, 0], "uv": [124, 25]}
					]
				},
				{
					"name": "Zui3",
					"parent": "Mouth",
					"pivot": [0, 31.575, -2.6]
				},
				{
					"name": "bone5",
					"parent": "Zui3",
					"pivot": [-0.375, 31.8, -2.6],
					"rotation": [0, 0, -8.25],
					"cubes": [
						{"origin": [-0.99305, 31.6781, -2.65], "size": [1, 0.15, 0], "uv": [123, 19]}
					]
				},
				{
					"name": "bone3",
					"parent": "Zui3",
					"pivot": [0.375, 31.8, -2.6],
					"rotation": [0, 0, 8.25],
					"cubes": [
						{"origin": [-0.00695, 31.6781, -2.65], "size": [1.125, 0.15, 0], "uv": [123, 19]}
					]
				},
				{
					"name": "Hair",
					"parent": "Head",
					"pivot": [-0.14783, 35.36957, 0.62174],
					"cubes": [
						{"origin": [4.4, 31.52268, -3.01859], "size": [1.025, 6, 1], "pivot": [-0.5, 14.72268, -0.29359], "rotation": [-0.5, 0, 0], "uv": [80, 94]},
						{"origin": [4.4, 32.52268, -4.01859], "size": [1.025, 4, 1], "pivot": [-0.5, 14.72268, -0.29359], "rotation": [-0.5, 0, 0], "uv": [96, 94]},
						{"origin": [3.4, 30.42268, -3.99359], "size": [1.025, 6, 2], "pivot": [-0.5, 14.72268, -0.29359], "rotation": [-0.5, 0, 0], "uv": [40, 90]},
						{"origin": [-2.5, 33.1, 5], "size": [5, 5, 1], "uv": [12, 87]},
						{"origin": [-4, 31.125, 4.1], "size": [1, 7, 1], "uv": [64, 94]},
						{"origin": [-3, 31.125, 4.05], "size": [6, 7, 1], "uv": [81, 50]},
						{"origin": [3, 31.15, 4.05], "size": [1, 7, 1], "uv": [56, 94]},
						{"origin": [-5.425, 31.19768, -3.06859], "size": [1.025, 6, 1], "pivot": [0.5, 14.39768, -0.34359], "rotation": [-0.5, 0, 0], "uv": [92, 94]},
						{"origin": [-5.425, 32.19768, -4.06859], "size": [1.025, 4, 1], "pivot": [0.5, 14.39768, -0.34359], "rotation": [-0.5, 0, 0], "uv": [8, 97]},
						{"origin": [-4.425, 30.09768, -4.04359], "size": [1.025, 6, 2], "pivot": [0.5, 14.39768, -0.34359], "rotation": [-0.5, 0, 0], "uv": [46, 90]},
						{"origin": [-0.5, 33.9, -5], "size": [1, 5, 1], "uv": [35, 96]},
						{"origin": [1.5, 35.9, -5], "size": [1, 3, 1], "uv": [14, 50]},
						{"origin": [4.2, 31.9, 3], "size": [1, 5, 1], "uv": [31, 96]},
						{"origin": [4.2, 30.9, 2], "size": [1, 7, 1], "uv": [60, 94]},
						{"origin": [4.2, 30.9, 0], "size": [1, 7, 2], "uv": [86, 88]},
						{"origin": [3.2, 31.9, 0], "size": [1, 2, 3], "uv": [92, 89]},
						{"origin": [3.2, 32.9, -1], "size": [1, 1, 1], "uv": [37, 71]},
						{"origin": [-4.2, 32.9, -1], "size": [1, 1, 1], "uv": [42, 67]},
						{"origin": [-4.2, 31.9, 0], "size": [1, 2, 3], "uv": [92, 84]},
						{"origin": [-3.8, 31.025, 2.1], "size": [8, 3, 2], "uv": [64, 41]},
						{"origin": [4.2, 33.9, -1], "size": [1, 3, 1], "uv": [0, 46]},
						{"origin": [-5.2, 30.9, 2], "size": [1, 7, 1], "uv": [52, 90]},
						{"origin": [-5.2, 30.9, 0], "size": [1, 7, 2], "uv": [42, 58]},
						{"origin": [-5.2, 33.9, -1], "size": [1, 3, 1], "uv": [18, 24]},
						{"origin": [-5.2, 31.9, 3], "size": [1, 5, 1], "uv": [27, 96]},
						{"origin": [-1.5, 34.9, -5], "size": [1, 4, 1], "uv": [97, 25]},
						{"origin": [0.5, 34.9, -5], "size": [1, 4, 1], "uv": [16, 97]},
						{"origin": [-2.5, 35.9, -5], "size": [1, 3, 1], "uv": [49, 51]},
						{"origin": [-4.45, 34.95, -3.7], "size": [1, 4, 3], "uv": [43, 0]},
						{"origin": [3.475, 34.95, -4], "size": [1, 4, 3], "uv": [23, 0]},
						{"origin": [-4.5, 32, -1.825], "size": [1, 7, 6], "uv": [0, 60]},
						{"origin": [3.5, 32, -1.825], "size": [1, 7, 6], "uv": [57, 58]},
						{"origin": [-2.5, 30.125, 4.05], "size": [5, 1, 1], "uv": [48, 0]},
						{"origin": [-4.4, 33.6, -3.6], "size": [1, 4, 2], "uv": [22, 63]},
						{"origin": [-2, 36.6, -4.2], "size": [4, 3, 1], "uv": [24, 50]},
						{"origin": [-2.9, 38.9, -3.6], "size": [6, 1, 8], "uv": [23, 0]},
						{"origin": [-3.475, 38.1, -3.975], "size": [7, 1, 9], "uv": [0, 0]},
						{"origin": [-1.9, 39.9, -2.6], "size": [4, 1, 6], "uv": [55, 0]},
						{"origin": [-2.9, 39.9, -1.6], "size": [1, 1, 4], "uv": [8, 60]},
						{"origin": [2.1, 39.9, -1.6], "size": [1, 1, 4], "uv": [28, 40]},
						{"origin": [-3.9, 38.9, -2.6], "size": [1, 1, 6], "uv": [80, 32]},
						{"origin": [3.1, 38.9, -2.6], "size": [1, 1, 6], "uv": [79, 11]},
						{"origin": [2.5, 34.8, -4.5], "size": [1, 4, 1], "uv": [97, 80]},
						{"origin": [-3.5, 34.8, -4.5], "size": [1, 4, 1], "uv": [12, 97]}
					]
				},
				{
					"name": "LongHair",
					"parent": "Hair",
					"pivot": [0, 32.8, 5.1],
					"rotation": [5, 0, 0],
					"cubes": [
						{"origin": [2.6, 30.1, 3], "size": [2, 3, 2], "uv": [0, 91]},
						{"origin": [-4.6, 30.1, 3], "size": [2, 3, 2], "uv": [87, 82]},
						{"origin": [-3.5, 29.1, 5], "size": [7, 4, 1], "uv": [81, 26]}
					]
				},
				{
					"name": "TouFa_Chang3",
					"parent": "LongHair",
					"pivot": [0, 30.1, 5.65],
					"rotation": [-7.5, 0, 0],
					"cubes": [
						{"origin": [-3, 26.1, 5.15], "size": [6, 5, 1], "uv": [81, 71]},
						{"origin": [-5, 27.1, 4.175], "size": [2, 4, 1], "uv": [120, 101]},
						{"origin": [3, 27.1, 4.175], "size": [2, 4, 1], "uv": [112, 101]}
					]
				},
				{
					"name": "TouFa_Chang2",
					"parent": "TouFa_Chang3",
					"pivot": [0, 26.1, 5.55],
					"rotation": [-2.5, 0, 0],
					"cubes": [
						{"origin": [-2.5, 22.1, 5.05], "size": [5, 5, 1], "uv": [36, 84]},
						{"origin": [-4.5, 23.1, 4.075], "size": [2, 4, 1], "uv": [85, 105]},
						{"origin": [2.5, 23.1, 4.075], "size": [2, 4, 1], "uv": [103, 104]}
					]
				},
				{
					"name": "PonyHair1",
					"parent": "Hair",
					"pivot": [3.9125, 34.23667, -1.19979],
					"rotation": [-27.48436, -0.75155, -2.38443],
					"cubes": [
						{"origin": [4.4, 29.23667, -2.12479], "size": [1, 5, 1.5], "uv": [23, 96]},
						{"origin": [3.4, 28.23667, -2.12479], "size": [1, 6, 1.5], "uv": [76, 94]}
					]
				},
				{
					"name": "Xu1_QianTouFa3",
					"parent": "PonyHair1",
					"pivot": [4.3125, 29.66167, -1.39979],
					"rotation": [4.62111, -1.91134, 9.92287],
					"cubes": [
						{"origin": [3.5, 26.66167, -2.02479], "size": [1, 3, 1.2], "uv": [72, 94]},
						{"origin": [4.075, 25.96167, -1.97479], "size": [1, 4, 1.2], "uv": [72, 94]}
					]
				},
				{
					"name": "Xu1_QianTouFa4",
					"parent": "Xu1_QianTouFa3",
					"pivot": [4.2375, 26.96167, -1.29979],
					"rotation": [4.95744, 0.65182, -17.47178],
					"cubes": [
						{"origin": [3.725, 22.96167, -1.92479], "size": [1, 4, 1.2], "uv": [96, 41]}
					]
				},
				{
					"name": "PonyHair2",
					"parent": "Hair",
					"pivot": [4.65, 39.75, 0.8]
				},
				{
					"name": "HuDieJie",
					"parent": "PonyHair2",
					"pivot": [4.87084, 38.96203, 1.07146],
					"rotation": [1.10479, 15.88702, -18.43209],
					"cubes": [
						{"origin": [4.37084, 38.06203, 0.02146], "size": [1, 2, 2], "pivot": [4.87084, 39.06203, 1.02146], "rotation": [25, 0, 0], "uv": [55, 2]},
						{"origin": [4.42084, 38.31203, 0.27146], "size": [1, 1.5, 1.5], "pivot": [4.87084, 39.06203, 1.02146], "rotation": [25, 0, 0], "uv": [32, 108]}
					]
				},
				{
					"name": "MaWei",
					"parent": "PonyHair2",
					"pivot": [5.15, 38.825, 1.475],
					"cubes": [
						{"origin": [4.15, 32.325, 1.375], "size": [2, 6, 1], "uv": [0, 10]},
						{"origin": [5.85, 34.425, 0.575], "size": [1, 4, 1], "uv": [95, 75]}
					]
				},
				{
					"name": "MaWei3",
					"parent": "MaWei",
					"pivot": [5.35, 38.625, 1.075],
					"cubes": [
						{"origin": [4.85, 34.325, 0.575], "size": [1, 5, 1], "uv": [4, 96]}
					]
				},
				{
					"name": "MaWei4",
					"parent": "MaWei3",
					"pivot": [5.4, 34.775, 0.925],
					"cubes": [
						{"origin": [4.9, 30.275, 0.425], "size": [1, 5, 1], "uv": [96, 5]}
					]
				},
				{
					"name": "MaWei2",
					"parent": "MaWei",
					"pivot": [5.325, 35.025, 1.375],
					"cubes": [
						{"origin": [4.325, 29.525, 1.275], "size": [2, 5, 1], "uv": [0, 60]},
						{"origin": [6.025, 30.775, 0.475], "size": [1, 5, 1], "uv": [0, 96]}
					]
				},
				{
					"name": "MaWei5",
					"parent": "MaWei2",
					"pivot": [5.4, 32.025, 1.45],
					"cubes": [
						{"origin": [4.4, 25.525, 1.35], "size": [2, 5, 1], "uv": [22, 27]},
						{"origin": [6.1, 27.625, 0.55], "size": [1, 5, 1], "uv": [95, 69]}
					]
				},
				{
					"name": "Arm",
					"parent": "UpBody",
					"pivot": [-0.2, 4.95, 0]
				},
				{
					"name": "LeftArm",
					"parent": "Arm",
					"pivot": [3.4, 28.7, 0],
					"rotation": [0, 0, -18],
					"cubes": [
						{"origin": [2.6, 22.75, -1.5], "size": [3.05, 7, 3], "uv": [80, 61]},
						{"origin": [2.9, 21.85, -1.1], "size": [2.55, 2, 2.2], "uv": [93, 37]},
						{"origin": [2.8, 21.8, -1.125], "size": [2.7, 2.05, 2.3], "uv": [16, 93]},
						{"origin": [2.45, 22.575, -1.7], "size": [3.25, 7.3, 3.4], "uv": [48, 80]}
					]
				},
				{
					"name": "LeftForeArm",
					"parent": "LeftArm",
					"pivot": [3.525, 22.65, 0.025],
					"cubes": [
						{"origin": [2.625, 15.75, -1.475], "size": [3, 7, 3], "uv": [24, 80]},
						{"origin": [2.525, 18.05, -1.575], "size": [3.2, 5, 3.2], "uv": [0, 83]}
					]
				},
				{
					"name": "LeftHand",
					"parent": "LeftForeArm",
					"pivot": [4.125, 18.775, 0.025]
				},
				{
					"name": "LeftHandLocator",
					"parent": "LeftHand",
					"pivot": [4.225, 17.275, 0.025],
					"cubes": [
						{"origin": [3.725, 16.775, -0.475], "size": [1, 1, 1], "uv": [84, 61]}
					]
				},
				{
					"name": "ArmPart",
					"parent": "LeftArm",
					"pivot": [3.95, 25.575, -0.46875],
					"rotation": [0, 5, 0],
					"cubes": [
						{"origin": [2.15, 24.575, -1.925], "size": [3.85, 2.3, 3.9], "uv": [85, 77]},
						{"origin": [2.125, 24.775, -1.95], "size": [3.9, 0.2, 3.95], "uv": [114, 5]},
						{"origin": [5.125, 25.075, -0.825], "size": [0.9, 0.2, 1.35], "pivot": [5.575, 24.875, -0.975], "rotation": [57.5, 0, 0], "uv": [114, 5]},
						{"origin": [5.125, 25.13199, -1.83475], "size": [0.9, 0.2, 1.35], "pivot": [5.575, 25.73199, -0.78475], "rotation": [122.5, 0, 0], "uv": [114, 5]},
						{"origin": [3.125, 24.975, -1.95], "size": [0.9, 0.2, 0], "uv": [114, 5]},
						{"origin": [2.125, 26.525, -1.95], "size": [3.9, 0.2, 3.95], "uv": [114, 5]}
					]
				},
				{
					"name": "RightArm",
					"parent": "Arm",
					"pivot": [-3.4, 28.7, 0],
					"rotation": [0, 0, 18],
					"cubes": [
						{"origin": [-5.65, 22.75, -1.5], "size": [3.05, 7, 3], "uv": [73, 77]},
						{"origin": [-5.7, 22.575, -1.7], "size": [3.25, 7.3, 3.4], "uv": [48, 80], "mirror": true},
						{"origin": [-5.45, 21.55, -1.1], "size": [2.55, 2, 2.2], "uv": [8, 93]},
						{"origin": [-5.5, 21.5, -1.125], "size": [2.7, 2.05, 2.3], "uv": [62, 87]}
					]
				},
				{
					"name": "RightForeArm",
					"parent": "RightArm",
					"pivot": [-3.525, 22.65, 0.025],
					"cubes": [
						{"origin": [-5.725, 18.05, -1.575], "size": [3.2, 5, 3.2], "uv": [0, 83], "mirror": true},
						{"origin": [-5.625, 15.75, -1.475], "size": [3, 7, 3], "uv": [24, 80], "mirror": true}
					]
				},
				{
					"name": "RightHand",
					"parent": "RightForeArm",
					"pivot": [-3.525, 17.65, 0.025]
				},
				{
					"name": "RightHandLocator",
					"parent": "RightHand",
					"pivot": [-4.225, 17.275, 0.025],
					"cubes": [
						{"origin": [-4.725, 16.775, -0.475], "size": [1, 1, 1], "uv": [84, 61], "mirror": true}
					]
				},
				{
					"name": "Breast",
					"parent": "UpBody",
					"pivot": [-0.0125, 26.74747, -1.63334],
					"rotation": [-25, 0, 0],
					"cubes": [
						{"origin": [-3.55, 25.62247, -2.38334], "size": [7.075, 3, 2], "pivot": [-0.0125, 27.04747, -1.15834], "rotation": [-5, 0, 0], "uv": [69, 0]},
						{"origin": [-1.5, 25.89747, -2.93334], "size": [3, 2, 1], "uv": [3, 122]}
					]
				},
				{
					"name": "Coat",
					"parent": "UpBody",
					"pivot": [0.5, 11.65, 0]
				},
				{
					"name": "BT_HS",
					"parent": "Coat",
					"pivot": [0.5, 11.65, 0],
					"cubes": [
						{"origin": [-4.025, 25.2, 0.625], "size": [8, 5, 2], "uv": [48, 34]}
					]
				},
				{
					"name": "HS",
					"parent": "BT_HS",
					"pivot": [-0.025, 26.3, 2.625],
					"rotation": [15, 0, 0],
					"cubes": [
						{"origin": [-4.125, 22.3, 0.625], "size": [8.2, 4, 2], "uv": [62, 7]}
					]
				},
				{
					"name": "HS2",
					"parent": "HS",
					"pivot": [-0.025, 22.3, 2.625],
					"rotation": [-12.5, 0, 0],
					"cubes": [
						{"origin": [-5.225, 18.625, 0.625], "size": [10.4, 4, 2], "uv": [0, 40]}
					]
				},
				{
					"name": "WT_Z",
					"parent": "BT_HS",
					"pivot": [3.625, 28.15, 2.025],
					"cubes": [
						{"origin": [3.125, 25.15, -2.475], "size": [1, 5, 5], "uv": [36, 74]}
					]
				},
				{
					"name": "WT_Zuo",
					"parent": "WT_Z",
					"pivot": [4.075, 26.3, 1.625],
					"rotation": [0, 0, -20],
					"cubes": [
						{"origin": [2.875, 22.3, -3.375], "size": [1.2, 4, 6], "uv": [42, 64]}
					]
				},
				{
					"name": "WT_Zuo2",
					"parent": "WT_Zuo",
					"pivot": [4.075, 22.3, 1.25],
					"rotation": [0, 0, 15],
					"cubes": [
						{"origin": [1.875, 18.3, -3.75], "size": [2.2, 4, 7], "uv": [44, 2]},
						{"origin": [4.075, 18.025, -0.75], "size": [1, 3, 3], "uv": [89, 58]},
						{"origin": [3.975, 20.225, -0.85], "size": [1.2, 1.4, 3.3], "uv": [64, 17]},
						{"origin": [3.9, 18.225, -2.95], "size": [1, 3, 2], "pivot": [4.575, 20.0875, -2.425], "rotation": [0, 7.5, 0], "uv": [50, 64]},
						{"origin": [3.8, 20.35, -3.05], "size": [1.2, 1, 2.2], "pivot": [4.575, 20.0875, -2.425], "rotation": [0, 7.5, 0], "uv": [59, 31]}
					]
				},
				{
					"name": "WaiTao_QianShenYou2",
					"parent": "WT_Z",
					"pivot": [3.475, 29.7, -2.525],
					"rotation": [7.5, 0, 0],
					"cubes": [
						{"origin": [0.975, 28.26188, -2.77892], "size": [3, 2, 1], "pivot": [0, 29.20979, -2.57436], "rotation": [-17.5, 0, 0], "uv": [55, 41]}
					]
				},
				{
					"name": "DuiJiangJi2",
					"parent": "WaiTao_QianShenYou2",
					"pivot": [3.425, 28.72273, -3.59091],
					"rotation": [-12.45392, -1.08089, -4.88206],
					"cubes": [
						{"origin": [2.5, 27.25, -4.05], "size": [2, 3, 1], "uv": [10, 46]},
						{"origin": [2.575, 28.05, -4.1], "size": [0.4, 0.2, 1], "uv": [112, 54]},
						{"origin": [2.775, 28.7, -4.1], "size": [1.4, 0.2, 1], "uv": [112, 54]},
						{"origin": [2.775, 28.7, -4.175], "size": [1.4, 0.2, 1], "pivot": [3.475, 29.175, -3.6], "rotation": [0, 0, 120], "uv": [107, 73]},
						{"origin": [2.775, 28.7, -4.125], "size": [1.4, 0.2, 1], "pivot": [3.475, 29.175, -3.6], "rotation": [0, 0, -120], "uv": [104, 65]},
						{"origin": [2.475, 28.45, -4.1], "size": [2.05, 0.1, 1], "uv": [104, 17]},
						{"origin": [2.475, 30.1, -4.1], "size": [2.05, 0.1, 1], "uv": [104, 17]},
						{"origin": [2.475, 27.3, -4.1], "size": [2.05, 0.1, 1], "uv": [104, 17]},
						{"origin": [4.475, 27.3, -4.125], "size": [0.1, 2.9, 1], "uv": [104, 17]},
						{"origin": [2.425, 27.3, -4.125], "size": [0.1, 2.9, 1], "uv": [104, 17]},
						{"origin": [2.575, 27.75, -4.1], "size": [0.4, 0.2, 1], "uv": [112, 54]},
						{"origin": [4.075, 27.45, -4.1], "size": [0.4, 0.2, 1], "uv": [46, 106]},
						{"origin": [3.575, 27.45, -4.1], "size": [0.4, 0.2, 1], "uv": [46, 106]},
						{"origin": [2.575, 27.45, -4.1], "size": [0.4, 0.2, 1], "uv": [112, 54]}
					]
				},
				{
					"name": "WaiTao_QianShenZhuan2",
					"parent": "WaiTao_QianShenYou2",
					"pivot": [-0.025, 28.9, -3.025],
					"rotation": [-17.5, 0, 0],
					"cubes": [
						{"origin": [1.875, 25.9, -3.025], "size": [2, 3, 2], "uv": [92, 64]}
					]
				},
				{
					"name": "WaiTao_Zhuan5",
					"parent": "WaiTao_QianShenZhuan2",
					"pivot": [3.25, 26.3, -3.125],
					"rotation": [-2.5, 0, 0],
					"cubes": [
						{"origin": [2.125, 22.03152, -3.06548], "size": [2, 4, 2], "uv": [32, 90]}
					]
				},
				{
					"name": "WaiTao_Zhuan6",
					"parent": "WaiTao_Zhuan5",
					"pivot": [3.25, 22.3, -3.125],
					"rotation": [10, 0, 0],
					"cubes": [
						{"origin": [2.525, 18.09734, -3.14887], "size": [2, 4, 2], "uv": [24, 90]}
					]
				},
				{
					"name": "WT_Y",
					"parent": "BT_HS",
					"pivot": [-3.625, 28.15, 2.025],
					"cubes": [
						{"origin": [-4.125, 25.15, -2.475], "size": [1, 5, 5], "uv": [0, 73]}
					]
				},
				{
					"name": "WT_Zuo3",
					"parent": "WT_Y",
					"pivot": [-4.075, 26.3, 1.625],
					"rotation": [0, 0, 20],
					"cubes": [
						{"origin": [-4.075, 22.3, -3.375], "size": [1.2, 4, 6], "uv": [14, 63]}
					]
				},
				{
					"name": "WT_Zuo4",
					"parent": "WT_Zuo3",
					"pivot": [-4.075, 22.3, 1.25],
					"rotation": [0, 0, -15],
					"cubes": [
						{"origin": [-4.075, 18.3, -3.75], "size": [2.2, 4, 7], "uv": [17, 39]}
					]
				},
				{
					"name": "WaiTao_QianShenYou3",
					"parent": "WT_Y",
					"pivot": [-3.475, 29.7, -2.525],
					"rotation": [7.5, 0, 0],
					"cubes": [
						{"origin": [-3.975, 28.26188, -2.77892], "size": [3, 2, 1], "pivot": [0, 29.20979, -2.57436], "rotation": [-17.5, 0, 0], "uv": [68, 38]},
						{"origin": [-2.8, 24.69688, 1.06414], "size": [5.6, 3, 2.2], "pivot": [0, 26.47188, 2.93914], "rotation": [-32.5, 0, 0], "uv": [82, 5]},
						{"origin": [-3.8, 27.325, 1.875], "size": [7.6, 2.1, 2.2], "pivot": [0, 28.225, 3.3625], "rotation": [-10, 0, 0], "uv": [7, 73]}
					]
				},
				{
					"name": "WaiTao_QianShenZhuan3",
					"parent": "WaiTao_QianShenYou3",
					"pivot": [0.025, 28.9, -3.025],
					"rotation": [-17.5, 0, 0],
					"cubes": [
						{"origin": [-3.875, 25.9, -3.025], "size": [2, 3, 2], "uv": [91, 16]}
					]
				},
				{
					"name": "WaiTao_Zhuan2",
					"parent": "WaiTao_QianShenZhuan3",
					"pivot": [-3.25, 26.3, -3.125],
					"rotation": [-2.5, 0, 0],
					"cubes": [
						{"origin": [-4.125, 22.03152, -3.06548], "size": [2, 4, 2], "uv": [58, 71]}
					]
				},
				{
					"name": "WaiTao_Zhuan3",
					"parent": "WaiTao_Zhuan2",
					"pivot": [-3.25, 22.3, -3.125],
					"rotation": [10, 0, 0],
					"cubes": [
						{"origin": [-4.525, 18.09734, -3.14887], "size": [2, 4, 2], "uv": [46, 18]}
					]
				},
				{
					"name": "Collar",
					"parent": "UpBody",
					"pivot": [0.5, 10.5, 0.75],
					"cubes": [
						{"origin": [-13.82437, 32.55282, -5.80017], "size": [2.95, 0.25, 1], "pivot": [-12.37437, 16.80282, -3.30017], "rotation": [-10.7286, 10.5453, 44.007], "uv": [120, 7]},
						{"origin": [-10.87437, 32.55282, -5.80017], "size": [0.25, 3.75, 1], "pivot": [-12.37437, 16.80282, -3.30017], "rotation": [-10.7286, 10.5453, 44.007], "uv": [120, 7]},
						{"origin": [-14.37437, 32.30282, -5.77517], "size": [4, 4, 1], "pivot": [-12.37437, 16.80282, -3.30017], "rotation": [-10.7286, 10.5453, 44.007], "uv": [19, 108]},
						{"origin": [-4, 29.375, -1.9], "size": [8, 1, 4.2], "uv": [43, 13]},
						{"origin": [-3.175, 28.12004, -3.17565], "size": [3.4, 2, 2.2], "pivot": [-1.5, 29.12004, -1.80065], "rotation": [-13.05, 14.5267, 6.6775], "uv": [52, 47], "mirror": true},
						{"origin": [-0.275, 28.12004, -3.17565], "size": [3.4, 2, 2.2], "pivot": [1.5, 29.12004, -1.80065], "rotation": [-13.05, -14.5267, -6.6775], "uv": [52, 47]}
					]
				},
				{
					"name": "Pack",
					"parent": "UpBody",
					"pivot": [0.5, 10.65, 0.375]
				},
				{
					"name": "bone7",
					"parent": "Pack",
					"pivot": [-2.6, 30.45, -0.225],
					"rotation": [0, 10, 2.5],
					"cubes": [
						{"origin": [-3.1, 25.45, -3.725], "size": [1, 5, 1], "uv": [82, 31]},
						{"origin": [-3.1, 29.725, -2.725], "size": [1, 1, 5], "uv": [80, 82]},
						{"origin": [-3.1, 25.45, 2.275], "size": [1, 5, 1], "uv": [95, 50]},
						{"origin": [-4.13959, 19.93432, -4.18234], "size": [1, 6, 1], "pivot": [-3.58959, 23.65932, -3.45734], "rotation": [-12.5, 0, 27.5], "uv": [68, 94]},
						{"origin": [-4.69101, 18.98226, 2.675], "size": [1, 7, 1], "pivot": [-3.91601, 23.03226, 2.8], "rotation": [4.98107, -0.43523, 32.48107], "uv": [28, 54]}
					]
				},
				{
					"name": "Bao2",
					"parent": "bone7",
					"pivot": [-5.01579, 20.89525, -0.575],
					"rotation": [0, 0, -7.5],
					"cubes": [
						{"origin": [-7.71787, 16.47375, -4.175], "size": [3, 5, 7.2], "pivot": [-5.21787, 22.24875, 1.675], "rotation": [0, 0, -5], "uv": [22, 27]},
						{"origin": [-7.61787, 17.14875, -4.275], "size": [2.8, 1.2, 7.4], "pivot": [-5.21787, 22.24875, 1.675], "rotation": [0, 0, -5], "uv": [104, 48]},
						{"origin": [-7.61787, 18.64875, -4.275], "size": [2.8, 0.4, 7.4], "pivot": [-5.21787, 22.24875, 1.675], "rotation": [0, 0, -5], "uv": [107, 84]},
						{"origin": [-8.09585, 16.51721, -1.05], "size": [1, 2, 1], "pivot": [-7.57085, 19.19221, -0.575], "rotation": [0, 0, -17.5], "uv": [50, 44]},
						{"origin": [-8.07941, 18.06168, -1.075], "size": [1, 2, 1], "pivot": [-6.57941, 19.06168, -0.575], "rotation": [0, 0, 7.5], "uv": [35, 45]},
						{"origin": [-7.86579, 18.09525, -4.075], "size": [3, 3, 7], "pivot": [-6.01579, 19.89525, -0.575], "rotation": [0, 0, 7.5], "uv": [35, 34]}
					]
				},
				{
					"name": "DownBody",
					"parent": "AllBody",
					"pivot": [0, 19.05, 0]
				},
				{
					"name": "Leg",
					"parent": "DownBody",
					"pivot": [0, 19.15, 0]
				},
				{
					"name": "LeftLeg",
					"parent": "Leg",
					"pivot": [2.4, 19.15, -1],
					"cubes": [
						{"origin": [0.375, 9.65, -2], "size": [3.65, 10, 4], "uv": [0, 46]},
						{"origin": [0.075, 12.4, -2.1], "size": [5.05, 1, 4.2], "pivot": [0.4, 13.65, 1], "rotation": [0, 0, -45], "uv": [68, 33]},
						{"origin": [0.225, 12.525, -2.125], "size": [0.7, 0.725, 4.25], "pivot": [0.4, 13.65, 1], "rotation": [0, 0, -45], "uv": [116, 37]},
						{"origin": [0.325, 12.475, -2.075], "size": [0.75, 0.8, 4.15], "uv": [103, 14]},
						{"origin": [0.5, 8.45, -1.325], "size": [3.175, 2, 2], "pivot": [-0.4, 9.45, -0.325], "rotation": [30, 0, 0], "uv": [88, 33]}
					]
				},
				{
					"name": "LeftLowerLeg",
					"parent": "LeftLeg",
					"pivot": [2.2, 9.7, 0.1],
					"cubes": [
						{"origin": [0.25, 4, -2.1], "size": [3.875, 2, 4.375], "uv": [70, 117]},
						{"origin": [0.4, 2.925, -1.975], "size": [3.6, 7.175, 4.175], "uv": [54, 18]}
					]
				},
				{
					"name": "XiJieTui",
					"parent": "LeftLowerLeg",
					"pivot": [3.15, 11, -1.175],
					"cubes": [
						{"origin": [4.14095, 2.67431, 0.1284], "size": [1.125, 1, 1], "uv": [4, 0]},
						{"origin": [3.14095, 2.14931, -0.3466], "size": [1.125, 2, 2], "uv": [94, 21]},
						{"origin": [4.46595, 2.14931, -0.3466], "size": [1.025, 2, 2], "uv": [94, 56]},
						{"origin": [4.59095, 2.71605, -0.11644], "size": [1.125, 3, 1], "pivot": [5.04095, 5.59105, 0.55856], "rotation": [17.5, 0, 0], "uv": [0, 24]},
						{"origin": [4.65, 4.9639, 0.48467], "size": [1, 2, 1], "pivot": [5.15, 7.9639, 1.48467], "rotation": [-10, 0, 0], "uv": [38, 58]},
						{"origin": [4.65, 6.9639, 0.48467], "size": [1, 3, 2], "pivot": [5.15, 7.9639, 1.48467], "rotation": [-10, 0, 0], "uv": [43, 74]}
					]
				},
				{
					"name": "LeftFoot",
					"parent": "LeftLowerLeg",
					"pivot": [2.1875, 3.5, 0.1375],
					"cubes": [
						{"origin": [0.25, 0, -2.1], "size": [3.875, 4, 4.375], "inflate": 0.01, "uv": [70, 119]},
						{"origin": [0.95, 2.575, -3.2], "size": [2.675, 1, 2], "pivot": [2.6875, 2.5, -2.9], "rotation": [22.5, 0, 0], "uv": [120, 29]},
						{"origin": [0.35, 0, -4.4], "size": [3.675, 3, 3], "uv": [87, 10]}
					]
				},
				{
					"name": "WaiGuGe",
					"parent": "LeftLeg",
					"pivot": [5.175, 18.15, -1.075],
					"rotation": [2.5, 0, 0],
					"cubes": [
						{"origin": [4.975, 11.65, -1.9], "size": [1, 6, 2], "uv": [0, 0]},
						{"origin": [4.975, 10.55, -1.225], "size": [1, 1.4, 3], "uv": [45, 44]},
						{"origin": [5.375, 9.375, 0.425], "size": [1, 2, 2], "uv": [14, 65]},
						{"origin": [4.925, 10.675, -1.6], "size": [1.125, 2, 2], "pivot": [5.4875, 11.75, -0.9], "rotation": [17.5, 0, 0], "uv": [72, 87]},
						{"origin": [4.15, 16.65, -2.575], "size": [2, 3, 3], "pivot": [5.175, 18.15, -1.075], "rotation": [0, 0, -17.5], "uv": [30, 71]}
					]
				},
				{
					"name": "RightLeg",
					"parent": "Leg",
					"pivot": [-2.4, 19.15, -1],
					"cubes": [
						{"origin": [-4.025, 9.65, -2], "size": [3.65, 10, 4], "uv": [0, 46], "mirror": true},
						{"origin": [-3.675, 8.45, -1.325], "size": [3.175, 2, 2], "pivot": [0.4, 9.45, -0.325], "rotation": [30, 0, 0], "uv": [88, 33], "mirror": true},
						{"origin": [-5.125, 12.4, -2.1], "size": [5.05, 1, 4.2], "pivot": [-0.4, 13.65, 1], "rotation": [0, 0, 45], "uv": [68, 33], "mirror": true},
						{"origin": [-0.925, 12.525, -2.125], "size": [0.7, 0.725, 4.25], "pivot": [-0.4, 13.65, 1], "rotation": [0, 0, 45], "uv": [116, 37], "mirror": true},
						{"origin": [-1.075, 12.475, -2.075], "size": [0.75, 0.8, 4.15], "uv": [103, 14]}
					]
				},
				{
					"name": "RightLowerLeg",
					"parent": "RightLeg",
					"pivot": [-2.2, 9.7, 0.1],
					"cubes": [
						{"origin": [-4.125, 4, -2.1], "size": [3.875, 2, 4.375], "uv": [70, 117]},
						{"origin": [-4, 2.925, -1.975], "size": [3.6, 7.175, 4.175], "uv": [54, 18], "mirror": true}
					]
				},
				{
					"name": "RightFoot",
					"parent": "RightLowerLeg",
					"pivot": [-2.1875, 3.5, 0.1375],
					"cubes": [
						{"origin": [-4.125, 0, -2.1], "size": [3.875, 4, 4.375], "inflate": 0.01, "uv": [70, 117]},
						{"origin": [-3.625, 2.575, -3.2], "size": [2.675, 1, 2], "pivot": [-2.6875, 2.5, -2.9], "rotation": [22.5, 0, 0], "uv": [120, 29], "mirror": true},
						{"origin": [-4.025, 0, -4.4], "size": [3.675, 3, 3], "uv": [84, 39]}
					]
				},
				{
					"name": "Skirt",
					"parent": "DownBody",
					"pivot": [0, 17.85, 0.1],
					"cubes": [
						{"origin": [-3.95, 18.65, -2.5], "size": [7.95, 2.2, 5], "uv": [35, 27]},
						{"origin": [-4.2, 17.6, -2.8], "size": [8.4, 2.2, 5.475], "uv": [21, 10]},
						{"origin": [-4.6, 15.55, -3.1], "size": [9.2, 3.2, 6], "uv": [22, 18]},
						{"origin": [-5.15, 15.26336, 1.67316], "size": [10.275, 3, 1.1], "pivot": [-1, 20.26336, -1.25184], "rotation": [12.5, 0, 0], "uv": [59, 51]},
						{"origin": [-4.25, 18.26336, 1.67316], "size": [8.475, 3, 1.1], "pivot": [-1, 20.26336, -1.25184], "rotation": [12.5, 0, 0], "uv": [69, 46]},
						{"origin": [-5.15, 14.95078, -2.64424], "size": [10.275, 3, 1.1], "pivot": [-1, 19.95078, 1.38076], "rotation": [-20, 0, 0], "uv": [63, 13]},
						{"origin": [-4.25, 17.95078, -2.64424], "size": [8.475, 3, 1.1], "pivot": [-1, 19.95078, 1.38076], "rotation": [-20, 0, 0], "uv": [65, 60]},
						{"origin": [3.08864, 15.54994, -2.9625], "size": [1, 3, 6], "pivot": [2.08864, 20.37494, 0.0125], "rotation": [0, 0, -17.5], "uv": [22, 71]},
						{"origin": [3.08864, 18.54994, -1.9625], "size": [1, 3, 4], "pivot": [2.08864, 20.37494, 0.0125], "rotation": [0, 0, -17.5], "uv": [66, 87]},
						{"origin": [-4.01364, 15.64994, -2.9625], "size": [1, 3, 6], "pivot": [-2.01364, 20.37494, 0.0125], "rotation": [0, 0, 17.5], "uv": [50, 71]},
						{"origin": [-4.01364, 18.64994, -1.9625], "size": [1, 3, 4], "pivot": [-2.01364, 20.37494, 0.0125], "rotation": [0, 0, 17.5], "uv": [56, 87]}
					]
				}
			]
		}
	]
}