{
	"format_version": "1.12.0",
	"minecraft:geometry": [
		{
			"description": {
				"identifier": "geometry.unknown",
				"texture_width": 128,
				"texture_height": 128,
				"visible_bounds_width": 3,
				"visible_bounds_height": 4.5,
				"visible_bounds_offset": [0, 1.75, 0]
			},
			"bones": [
				{
					"name": "Arm",
					"pivot": [0, 32.3, 0]
				},
				{
					"name": "LeftArm",
					"parent": "Arm",
					"pivot": [3.3, 31, 0],
					"cubes": [
						{"origin": [2.75, 25.05, -1.5], "size": [3.05, 7, 3], "uv": [72, 0]},
						{"origin": [3.8, 23.65, -1.1], "size": [1.55, 2, 2.2], "uv": [87, 24]},
						{"origin": [2.6, 24.875, -1.7], "size": [3.25, 7.3, 3.4], "uv": [0, 66]},
						{"origin": [2.95, 23.6, -1.125], "size": [2.45, 2.05, 2.3], "uv": [16, 84]}
					]
				},
				{
					"name": "LeftForeArm",
					"parent": "LeftArm",
					"pivot": [3.775, 25.05, 0.025],
					"cubes": [
						{"origin": [2.775, 18.05, -1.475], "size": [3, 7, 3], "uv": [56, 64]},
						{"origin": [2.675, 20.35, -1.575], "size": [3.2, 5, 3.2], "uv": [62, 74]}
					]
				},
				{
					"name": "LeftHand",
					"parent": "LeftForeArm",
					"pivot": [4.225, 19.325, 0.025]
				},
				{
					"name": "LeftHandLocator",
					"parent": "LeftHand",
					"pivot": [4.225, 19.325, 0.025],
					"cubes": [
						{"origin": [3.725, 18.825, -0.475], "size": [1, 1, 1], "uv": [84, 61]}
					]
				},
				{
					"name": "XiuTao",
					"parent": "LeftArm",
					"pivot": [4.1, 27.875, -0.46875],
					"rotation": [0, 5, 0],
					"cubes": [
						{"origin": [2.3, 26.875, -1.925], "size": [3.85, 2.3, 3.9], "uv": [78, 71]},
						{"origin": [2.275, 27.075, -1.95], "size": [3.9, 0.2, 3.95], "uv": [0, 123]},
						{"origin": [5.275, 27.375, -0.825], "size": [0.9, 0.2, 1.35], "pivot": [5.725, 27.175, -0.975], "rotation": [57.5, 0, 0], "uv": [5, 123]},
						{"origin": [5.275, 27.43199, -1.83475], "size": [0.9, 0.2, 1.35], "pivot": [5.725, 28.03199, -0.78475], "rotation": [122.5, 0, 0], "uv": [5, 123]},
						{"origin": [3.275, 27.275, -1.95], "size": [0.9, 0.2, 0], "uv": [5, 123]},
						{"origin": [2.275, 28.825, -1.95], "size": [3.9, 0.2, 3.95], "uv": [0, 123]}
					]
				},
				{
					"name": "RightArm",
					"parent": "Arm",
					"pivot": [-3.3, 31, 0],
					"cubes": [
						{"origin": [-5.8, 25.05, -1.5], "size": [3.05, 7, 3], "uv": [68, 64]},
						{"origin": [-5.85, 24.875, -1.7], "size": [3.25, 7.3, 3.4], "uv": [0, 66], "mirror": true},
						{"origin": [-5.35, 23.65, -1.1], "size": [2.55, 2, 2.2], "uv": [84, 5]},
						{"origin": [-5.4, 23.6, -1.125], "size": [2.7, 2.05, 2.3], "uv": [70, 10]}
					]
				},
				{
					"name": "RightForeArm",
					"parent": "RightArm",
					"pivot": [-3.775, 24.95, 0.025],
					"cubes": [
						{"origin": [-5.875, 20.35, -1.575], "size": [3.2, 5, 3.2], "uv": [62, 74], "mirror": true},
						{"origin": [-5.775, 18.05, -1.475], "size": [3, 7, 3], "uv": [56, 64], "mirror": true}
					]
				},
				{
					"name": "RightHand",
					"parent": "RightForeArm",
					"pivot": [-4.225, 19.325, 0.025]
				},
				{
					"name": "RightHandLocator",
					"parent": "RightHand",
					"pivot": [-4.225, 19.325, 0.025],
					"cubes": [
						{"origin": [-4.725, 18.825, -0.475], "size": [1, 1, 1], "uv": [84, 61], "mirror": true}
					]
				}
			]
		}
	]
}