{
	"format_version": "1.12.0",
	"minecraft:geometry": [
		{
			"description": {
				"identifier": "geometry.unknown",
				"texture_width": 128,
				"texture_height": 128,
				"visible_bounds_width": 3,
				"visible_bounds_height": 4.5,
				"visible_bounds_offset": [0, 1.75, 0]
			},
			"bones": [
				{
					"name": "Root",
					"pivot": [0, -0.05, 0]
				},
				{
					"name": "AllBody",
					"parent": "Root",
					"pivot": [0, 19.65, 0]
				},
				{
					"name": "UpBody",
					"parent": "AllBody",
					"pivot": [0, 22, 0],
					"cubes": [
						{"origin": [-2.7, 29.575, -2.2], "size": [5.4, 2, 4.2], "pivot": [0, 30.625, -0.025], "rotation": [10, 0, 0], "uv": [54, 58]},
						{"origin": [-2.05, 29.96486, -2.43787], "size": [4.3, 0.2, 0.2], "pivot": [0.25, 30.06486, -2.33787], "rotation": [9.96271, -0.86717, 4.92442], "uv": [65, 123]},
						{"origin": [-3.5, 18.75, -2.025], "size": [7, 12, 4], "uv": [0, 24]}
					]
				},
				{
					"name": "AllHead",
					"parent": "UpBody",
					"pivot": [0, 31.3, 0],
					"cubes": [
						{"origin": [-1.5, 30.75, -1.525], "size": [3, 2, 3], "uv": [24, 80]}
					]
				},
				{
					"name": "Head",
					"parent": "AllHead",
					"pivot": [0, 31.9, 0],
					"cubes": [
						{"origin": [-3.5, 31.9, -3.5], "size": [7, 7, 7], "uv": [0, 10]}
					]
				},
				{
					"name": "Face",
					"parent": "Head",
					"pivot": [-1.05, 14.9, -4.5]
				},
				{
					"name": "Eyes",
					"parent": "Face",
					"pivot": [-1.05, 14.9, -4.5]
				},
				{
					"name": "YanBai",
					"parent": "Eyes",
					"pivot": [0, 33.9, 0]
				},
				{
					"name": "Eyebrow",
					"parent": "Eyes",
					"pivot": [2.875, 34.7, -3.2]
				},
				{
					"name": "LeftEyebrow",
					"parent": "Eyebrow",
					"pivot": [2.875, 34.7, -3.2],
					"cubes": [
						{"origin": [1.375, 34.7, -3.7], "size": [2.3, 1, 1], "uv": [28, 40]},
						{"origin": [3.35, 34.425, -3.875], "size": [1.1, 1, 1], "uv": [51, 7]}
					]
				},
				{
					"name": "RightEyebrow",
					"parent": "Eyebrow",
					"pivot": [-2.875, 34.7, -3.2],
					"cubes": [
						{"origin": [-3.675, 34.7, -3.7], "size": [2.3, 1, 1], "uv": [28, 40]},
						{"origin": [-4.45, 34.425, -3.95], "size": [1.1, 1, 1], "uv": [51, 7]}
					]
				},
				{
					"name": "Eyelid",
					"parent": "Eyes",
					"pivot": [0, 0, 0]
				},
				{
					"name": "RightEyelid",
					"parent": "Eyelid",
					"pivot": [-2.5, 33.9, -3.025],
					"cubes": [
						{"origin": [-3.5, 32.9, -3.525], "size": [2, 2, 1], "uv": [69, 0]}
					]
				},
				{
					"name": "RightEyesBase",
					"parent": "RightEyelid",
					"pivot": [-2.325, 33.9, -3.075],
					"cubes": [
						{"origin": [-3.025, 32.9, -3.575], "size": [1.4, 2, 1], "uv": [61, 74]}
					]
				},
				{
					"name": "RightDot",
					"parent": "RightEyesBase",
					"pivot": [-1.8, 34.4, -3.1],
					"cubes": [
						{"origin": [-2.05, 34.25, -3.6], "size": [0.5, 0.3, 1], "uv": [1, 93]}
					]
				},
				{
					"name": "RightPupil",
					"parent": "RightEyesBase",
					"pivot": [-2.325, 33.9, -3.1],
					"cubes": [
						{"origin": [-2.475, 33.7, -3.6], "size": [0.3, 0.4, 1], "uv": [1, 97], "mirror": true}
					]
				},
				{
					"name": "LeftEyelid",
					"parent": "Eyelid",
					"pivot": [2.5, 33.9, -3.025],
					"cubes": [
						{"origin": [1.5, 32.9, -3.525], "size": [2, 2, 1], "uv": [69, 0]}
					]
				},
				{
					"name": "LeftEyesBase",
					"parent": "LeftEyelid",
					"pivot": [2.325, 33.9, -3.075],
					"cubes": [
						{"origin": [1.625, 32.9, -3.575], "size": [1.4, 2, 1], "uv": [61, 74]}
					]
				},
				{
					"name": "LeftDot",
					"parent": "LeftEyesBase",
					"pivot": [2.825, 34.4, -3.1],
					"cubes": [
						{"origin": [2.575, 34.25, -3.6], "size": [0.5, 0.3, 1], "uv": [1, 93]}
					]
				},
				{
					"name": "LeftPupil",
					"parent": "LeftEyesBase",
					"pivot": [2.325, 33.9, -3.1],
					"cubes": [
						{"origin": [2.175, 33.7, -3.6], "size": [0.3, 0.4, 1], "uv": [1, 97]}
					]
				},
				{
					"name": "Mouth",
					"parent": "Face",
					"pivot": [0.35, 32.825, -2.6]
				},
				{
					"name": "Zui2",
					"parent": "Mouth",
					"pivot": [0.14167, 32.9, -2.63333],
					"cubes": [
						{"origin": [-0.9, 32.775, -2.6], "size": [1.8, 0.1, 0], "uv": [0, 0]},
						{"origin": [-0.5, 32.15, -2.6], "size": [1, 0.75, 0], "uv": [0, 0]}
					]
				},
				{
					"name": "bone23",
					"parent": "Zui2",
					"pivot": [0.375, 33.05, -2.6],
					"rotation": [0, 0, 8.25],
					"cubes": [
						{"origin": [-0.00695, 32.8031, -2.6], "size": [0.925, 0.15, 0], "uv": [0, 0]},
						{"origin": [-0.00695, 32.9281, -2.65], "size": [1.125, 0.15, 0], "uv": [0, 0]}
					]
				},
				{
					"name": "bone24",
					"parent": "Zui2",
					"pivot": [-0.375, 33.05, -2.6],
					"rotation": [0, 0, -8.25],
					"cubes": [
						{"origin": [-0.91805, 32.8031, -2.6], "size": [0.9, 0.15, 0], "uv": [0, 0]},
						{"origin": [-0.99305, 32.9281, -2.65], "size": [1, 0.15, 0], "uv": [0, 0]}
					]
				},
				{
					"name": "Ya",
					"parent": "Zui2",
					"pivot": [0, 33.025, -2.625],
					"cubes": [
						{"origin": [-0.6, 32.125, -2.625], "size": [1.2, 0.2, 0], "uv": [0, 0]}
					]
				},
				{
					"name": "bone26",
					"parent": "Ya",
					"pivot": [0.55, 32.25, -2.625],
					"rotation": [0, 0, -65],
					"cubes": [
						{"origin": [0.45, 32.15, -2.625], "size": [0.5, 0.2, 0], "uv": [0, 0]}
					]
				},
				{
					"name": "bone5",
					"parent": "bone26",
					"pivot": [1.125, 32.625, -2.625],
					"rotation": [0, 0, 27.5],
					"cubes": [
						{"origin": [1.025, 32.525, -2.625], "size": [0.2, 0.2, 0], "uv": [0, 0]}
					]
				},
				{
					"name": "bone25",
					"parent": "Ya",
					"pivot": [-0.55, 32.25, -2.625],
					"rotation": [0, 0, 65],
					"cubes": [
						{"origin": [-0.95, 32.15, -2.625], "size": [0.5, 0.2, 0], "uv": [0, 0]}
					]
				},
				{
					"name": "bone27",
					"parent": "bone25",
					"pivot": [-1.125, 32.625, -2.625],
					"rotation": [0, 0, -27.5],
					"cubes": [
						{"origin": [-1.225, 32.525, -2.625], "size": [0.2, 0.2, 0], "uv": [0, 0]}
					]
				},
				{
					"name": "bone10",
					"parent": "Zui2",
					"pivot": [0.5125, 33.175, -2.7],
					"rotation": [0, 0, 45]
				},
				{
					"name": "bone3",
					"parent": "Zui2",
					"pivot": [-0.65, 32.725, -2.6],
					"rotation": [0, 0, 65],
					"cubes": [
						{"origin": [-0.775, 32.525, -2.6], "size": [0.675, 0.4, 0], "uv": [0, 0]}
					]
				},
				{
					"name": "bone9",
					"parent": "Zui2",
					"pivot": [0.65, 32.725, -2.6],
					"rotation": [0, 0, -65],
					"cubes": [
						{"origin": [0.1, 32.525, -2.6], "size": [0.675, 0.4, 0], "uv": [0, 0]}
					]
				},
				{
					"name": "Hair",
					"parent": "Head",
					"pivot": [-0.14783, 36.36957, 0.62174],
					"cubes": [
						{"origin": [-5.425, 32.19768, -3.06859], "size": [1.025, 6, 1], "pivot": [0.5, 15.39768, -0.34359], "rotation": [-0.5, 0, 0], "uv": [86, 59]},
						{"origin": [-5.425, 33.19768, -4.06859], "size": [1.025, 4, 1], "pivot": [0.5, 15.39768, -0.34359], "rotation": [-0.5, 0, 0], "uv": [57, 74]},
						{"origin": [-4.425, 31.09768, -4.04359], "size": [1.025, 6, 2], "pivot": [0.5, 15.39768, -0.34359], "rotation": [-0.5, 0, 0], "uv": [50, 82]},
						{"origin": [4.4, 32.52268, -3.01859], "size": [1.025, 6, 1], "pivot": [-0.5, 15.72268, -0.29359], "rotation": [-0.5, 0, 0], "uv": [83, 85]},
						{"origin": [4.4, 33.52268, -4.01859], "size": [1.025, 4, 1], "pivot": [-0.5, 15.72268, -0.29359], "rotation": [-0.5, 0, 0], "uv": [38, 72]},
						{"origin": [3.4, 31.42268, -3.99359], "size": [1.025, 6, 2], "pivot": [-0.5, 15.72268, -0.29359], "rotation": [-0.5, 0, 0], "uv": [6, 82]},
						{"origin": [-0.5, 34.9, -5], "size": [1, 5, 1], "uv": [60, 87]},
						{"origin": [1.5, 36.9, -5], "size": [1, 3, 1], "uv": [87, 86]},
						{"origin": [4.2, 32.9, 3], "size": [1, 5, 1], "uv": [46, 87]},
						{"origin": [4.2, 31.9, 2], "size": [1, 7, 1], "uv": [28, 85]},
						{"origin": [4.2, 31.9, 0], "size": [1, 7, 2], "uv": [36, 81]},
						{"origin": [3.2, 32.9, 0], "size": [1, 2, 3], "uv": [68, 83]},
						{"origin": [3.2, 33.9, -1], "size": [1, 1, 1], "uv": [36, 56]},
						{"origin": [-4.2, 33.9, -1], "size": [1, 1, 1], "uv": [32, 56]},
						{"origin": [-4.2, 32.9, 0], "size": [1, 2, 3], "uv": [7, 76]},
						{"origin": [-3.8, 32.025, 2.1], "size": [8, 3, 2], "uv": [38, 57]},
						{"origin": [4.2, 34.9, -1], "size": [1, 3, 1], "uv": [74, 27]},
						{"origin": [-5.2, 31.9, 2], "size": [1, 7, 1], "uv": [12, 84]},
						{"origin": [-5.2, 31.9, 0], "size": [1, 7, 2], "uv": [80, 76]},
						{"origin": [-5.2, 34.9, -1], "size": [1, 3, 1], "uv": [53, 13]},
						{"origin": [-5.2, 32.9, 3], "size": [1, 5, 1], "uv": [87, 44]},
						{"origin": [-1.5, 35.9, -5], "size": [1, 4, 1], "uv": [87, 68]},
						{"origin": [0.5, 35.9, -5], "size": [1, 4, 1], "uv": [64, 87]},
						{"origin": [-2.5, 36.9, -5], "size": [1, 3, 1], "uv": [16, 88]},
						{"origin": [-4.45, 35.95, -3.7], "size": [1, 4, 3], "uv": [0, 53]},
						{"origin": [3.475, 35.95, -4], "size": [1, 4, 3], "uv": [23, 0]},
						{"origin": [-4.5, 33, -1.825], "size": [1, 7, 6], "uv": [52, 13]},
						{"origin": [3.5, 33, -1.825], "size": [1, 7, 6], "uv": [8, 47]},
						{"origin": [-2.5, 31.125, 4.05], "size": [5, 1, 1], "uv": [10, 40]},
						{"origin": [-4.4, 34.6, -3.6], "size": [1, 4, 2], "uv": [22, 26]},
						{"origin": [-2, 37.6, -4.2], "size": [4, 3, 1], "uv": [22, 62]},
						{"origin": [-2.9, 39.9, -3.6], "size": [6, 1, 8], "uv": [23, 0]},
						{"origin": [-3.475, 39.1, -3.975], "size": [7, 1, 9], "uv": [0, 0]},
						{"origin": [-1.9, 40.9, -2.6], "size": [4, 1, 6], "uv": [48, 33]},
						{"origin": [-3, 40.9, 0.4], "size": [6.2, 1.1, 1], "uv": [28, 38]},
						{"origin": [-2.9, 40.9, -1.6], "size": [1, 1, 4], "uv": [81, 16]},
						{"origin": [2.1, 40.9, -1.6], "size": [1, 1, 4], "uv": [80, 63]},
						{"origin": [-3.9, 39.9, -2.6], "size": [1, 1, 6], "uv": [73, 20]},
						{"origin": [3.1, 39.9, -2.6], "size": [1, 1, 6], "uv": [72, 56]},
						{"origin": [3.1, 39.9, 0.425], "size": [1.1, 1.1, 1], "uv": [16, 121]},
						{"origin": [3.5, 38, 0.425], "size": [1.1, 2.1, 1], "uv": [3, 123]},
						{"origin": [-4.6, 38, 0.425], "size": [1.1, 2.1, 1], "uv": [3, 123], "mirror": true},
						{"origin": [-4, 39.9, 0.425], "size": [1.1, 1.1, 1], "uv": [13, 119], "mirror": true},
						{"origin": [2.5, 35.8, -4.5], "size": [1, 4, 1], "uv": [75, 87]},
						{"origin": [-2.5, 34.1, 5], "size": [5, 5, 1], "uv": [80, 10]},
						{"origin": [-4, 32.125, 4.1], "size": [1, 7, 1], "uv": [32, 85]},
						{"origin": [-3, 32.125, 4.05], "size": [6, 7, 1], "uv": [24, 72]},
						{"origin": [3, 32.15, 4.05], "size": [1, 7, 1], "uv": [24, 85]},
						{"origin": [-3.5, 35.8, -4.5], "size": [1, 4, 1], "uv": [0, 76]}
					]
				},
				{
					"name": "LongHair",
					"parent": "Hair",
					"pivot": [0, 33.8, 5.1],
					"rotation": [15, 0, 0],
					"cubes": [
						{"origin": [3.6, 32.1, 3], "size": [2, 3, 2], "uv": [84, 0]},
						{"origin": [-5.6, 32.1, 3], "size": [2, 3, 2], "uv": [60, 82]},
						{"origin": [-4.5, 30.1, 5], "size": [9, 4, 1], "uv": [54, 26]}
					]
				},
				{
					"name": "TouFa_Chang3",
					"parent": "LongHair",
					"pivot": [0, 31.1, 5.65],
					"rotation": [7.5, 0, 0],
					"cubes": [
						{"origin": [-4, 27.1, 5.15], "size": [8, 5, 1], "uv": [62, 96]},
						{"origin": [-5, 28.1, 4.175], "size": [1, 4, 1], "uv": [32, 42]},
						{"origin": [4, 28.1, 4.175], "size": [1, 4, 1], "uv": [12, 68]}
					]
				},
				{
					"name": "TouFa_Chang2",
					"parent": "TouFa_Chang3",
					"pivot": [0, 27.4, 5.75],
					"rotation": [-17.5, 0, 0],
					"cubes": [
						{"origin": [-3.5, 22.4, 5.25], "size": [7, 5, 1], "uv": [64, 50]},
						{"origin": [-4.5, 24, 4.275], "size": [1, 4, 1], "uv": [14, 42]},
						{"origin": [3.5, 24, 4.275], "size": [1, 4, 1], "uv": [35, 26]}
					]
				},
				{
					"name": "Hair2",
					"parent": "Hair",
					"pivot": [-3.9125, 35.23667, -1.19979],
					"rotation": [-17.37059, -2.70704, -4.27249],
					"cubes": [
						{"origin": [-5.4, 30.23667, -2.12479], "size": [1, 5, 1.5], "uv": [42, 87]},
						{"origin": [-4.4, 29.23667, -2.12479], "size": [1, 6, 1.5], "uv": [79, 85]}
					]
				},
				{
					"name": "Hair4",
					"parent": "Hair2",
					"pivot": [-4.3125, 30.66167, -1.39979],
					"rotation": [5, 0, 12.5],
					"cubes": [
						{"origin": [-4.5, 27.66167, -2.02479], "size": [1, 3, 1.2], "uv": [0, 40]},
						{"origin": [-5.075, 26.96167, -1.97479], "size": [1, 4, 1.2], "uv": [21, 10]}
					]
				},
				{
					"name": "Hair3",
					"parent": "Hair",
					"pivot": [4.24498, 38.99231, 0.83467],
					"cubes": [
						{"origin": [-6.79498, 37.94231, 0.33467], "size": [3.1, 2.1, 1], "pivot": [-4.24498, 38.99231, 0.83467], "rotation": [-10.8619, 25.4019, -47.5425], "uv": [97, 17], "mirror": true},
						{"origin": [3.69498, 37.94231, 0.33467], "size": [3.1, 2.1, 1], "pivot": [4.24498, 38.99231, 0.83467], "rotation": [-10.8619, -25.4019, 47.5425], "uv": [97, 17]}
					]
				},
				{
					"name": "Arm",
					"parent": "UpBody",
					"pivot": [0, 31, 0]
				},
				{
					"name": "LeftArm",
					"parent": "Arm",
					"pivot": [3.9, 29.7, 0],
					"rotation": [0, 0, -18],
					"cubes": [
						{"origin": [3.35, 23.75, -1.5], "size": [3.05, 7, 3], "uv": [72, 0]},
						{"origin": [4.4, 22.35, -1.1], "size": [1.55, 2, 2.2], "uv": [87, 24]},
						{"origin": [3.2, 23.575, -1.7], "size": [3.25, 7.3, 3.4], "uv": [0, 66]},
						{"origin": [3.55, 22.3, -1.125], "size": [2.45, 2.05, 2.3], "uv": [16, 84]}
					]
				},
				{
					"name": "LeftForeArm",
					"parent": "LeftArm",
					"pivot": [4.375, 23.75, 0.025],
					"cubes": [
						{"origin": [3.375, 16.75, -1.475], "size": [3, 7, 3], "uv": [56, 64]},
						{"origin": [3.275, 19.05, -1.575], "size": [3.2, 5, 3.2], "uv": [62, 74]}
					]
				},
				{
					"name": "LeftHand",
					"parent": "LeftForeArm",
					"pivot": [4.825, 18.025, 0.025]
				},
				{
					"name": "LeftHandLocator",
					"parent": "LeftHand",
					"pivot": [4.825, 18.025, 0.025],
					"cubes": [
						{"origin": [4.325, 17.525, -0.475], "size": [1, 1, 1], "uv": [84, 61]}
					]
				},
				{
					"name": "XiuTao",
					"parent": "LeftArm",
					"pivot": [4.7, 26.575, -0.46875],
					"rotation": [0, 5, 0],
					"cubes": [
						{"origin": [2.9, 25.575, -1.925], "size": [3.85, 2.3, 3.9], "uv": [78, 71]},
						{"origin": [2.875, 25.775, -1.95], "size": [3.9, 0.2, 3.95], "uv": [0, 123]},
						{"origin": [5.875, 26.075, -0.825], "size": [0.9, 0.2, 1.35], "pivot": [6.325, 25.875, -0.975], "rotation": [57.5, 0, 0], "uv": [5, 123]},
						{"origin": [5.875, 26.13199, -1.83475], "size": [0.9, 0.2, 1.35], "pivot": [6.325, 26.73199, -0.78475], "rotation": [122.5, 0, 0], "uv": [5, 123]},
						{"origin": [3.875, 25.975, -1.95], "size": [0.9, 0.2, 0], "uv": [5, 123]},
						{"origin": [2.875, 27.525, -1.95], "size": [3.9, 0.2, 3.95], "uv": [0, 123]}
					]
				},
				{
					"name": "RightArm",
					"parent": "Arm",
					"pivot": [-3.9, 29.7, 0],
					"rotation": [0, 0, 18],
					"cubes": [
						{"origin": [-6.4, 23.75, -1.5], "size": [3.05, 7, 3], "uv": [68, 64]},
						{"origin": [-6.45, 23.575, -1.7], "size": [3.25, 7.3, 3.4], "uv": [0, 66], "mirror": true},
						{"origin": [-5.95, 22.35, -1.1], "size": [2.55, 2, 2.2], "uv": [84, 5]},
						{"origin": [-6, 22.3, -1.125], "size": [2.7, 2.05, 2.3], "uv": [70, 10]}
					]
				},
				{
					"name": "RightForeArm",
					"parent": "RightArm",
					"pivot": [-4.375, 23.65, 0.025],
					"cubes": [
						{"origin": [-6.475, 19.05, -1.575], "size": [3.2, 5, 3.2], "uv": [62, 74], "mirror": true},
						{"origin": [-6.375, 16.75, -1.475], "size": [3, 7, 3], "uv": [56, 64], "mirror": true}
					]
				},
				{
					"name": "RightHand",
					"parent": "RightForeArm",
					"pivot": [-4.825, 18.025, 0.025]
				},
				{
					"name": "RightHandLocator",
					"parent": "RightHand",
					"pivot": [-4.825, 18.025, 0.025],
					"cubes": [
						{"origin": [-5.325, 17.525, -0.475], "size": [1, 1, 1], "uv": [84, 61], "mirror": true}
					]
				},
				{
					"name": "Breast",
					"parent": "UpBody",
					"pivot": [-0.0125, 27.74747, -1.63334],
					"rotation": [-25, 0, 0],
					"cubes": [
						{"origin": [-3.55, 26.19762, -2.77633], "size": [7.075, 3, 2], "pivot": [-0.0125, 27.61012, -1.92789], "rotation": [-5, 0, 0], "uv": [62, 31]}
					]
				},
				{
					"name": "Coat",
					"parent": "UpBody",
					"pivot": [0.5, 25.65, 0],
					"cubes": [
						{"origin": [-3.8, 29.10609, 2.01716], "size": [7.6, 2.1, 2.2], "pivot": [0, 30.00609, 3.50466], "rotation": [-2.5, 0, 0], "uv": [64, 46]},
						{"origin": [-2.8, 26.43771, 1.43875], "size": [5.6, 3, 2.2], "pivot": [0, 28.21271, 3.31375], "rotation": [-25, 0, 0], "uv": [74, 36]},
						{"origin": [-3.975, 29.25964, -2.71451], "size": [2, 2, 1], "pivot": [0, 30.20754, -2.50995], "rotation": [-10, 0, 0], "uv": [65, 64]},
						{"origin": [-4.525, 21.10405, -3.71234], "size": [2, 2, 2], "uv": [42, 43]},
						{"origin": [-4.125, 22.93834, -4.30101], "size": [2, 4, 2], "pivot": [0.225, 7.65682, -1.73553], "rotation": [-2.5, 0, 0], "uv": [0, 3]},
						{"origin": [-3.475, 25.38276, -6.501], "size": [1, 6, 2], "pivot": [-0.5, 10.13276, -3.726], "rotation": [-10, 0, 0], "uv": [119, 49]},
						{"origin": [-3.875, 26.68276, -6.351], "size": [2, 3, 2], "pivot": [-0.5, 10.13276, -3.726], "rotation": [-10, 0, 0], "uv": [81, 21]},
						{"origin": [-4.125, 26.15, -2.475], "size": [1, 5, 5], "uv": [66, 16]},
						{"origin": [-7.13413, 21.90977, -3.15], "size": [2.2, 2, 6], "pivot": [-10.50913, 4.35977, -0.375], "rotation": [0, 0, 5], "uv": [60, 8]},
						{"origin": [-10.55796, 25.63333, -2.65], "size": [1.2, 4, 5], "pivot": [-13.93296, 10.08333, 0], "rotation": [0, 0, 20], "uv": [38, 72]},
						{"origin": [-3.8, 29.10609, 2.01716], "size": [7.6, 2.1, 2.2], "pivot": [0, 30.00609, 3.50466], "rotation": [-2.5, 0, 0], "uv": [64, 46], "mirror": true},
						{"origin": [-2.8, 26.43771, 1.43875], "size": [5.6, 3, 2.2], "pivot": [0, 28.21271, 3.31375], "rotation": [-25, 0, 0], "uv": [74, 36], "mirror": true},
						{"origin": [1.975, 29.25964, -2.71451], "size": [2, 2, 1], "pivot": [0, 30.20754, -2.50995], "rotation": [-10, 0, 0], "uv": [65, 64], "mirror": true},
						{"origin": [2.525, 20.91488, -5.81943], "size": [2, 2, 2], "pivot": [-0.225, 3.56754, -3.17056], "rotation": [-10, 0, 0], "uv": [42, 43], "mirror": true},
						{"origin": [2.125, 24.51072, 2.15827], "size": [2, 4, 2], "pivot": [-0.225, 9.2292, 4.72375], "rotation": [17.5, 0, 0], "uv": [0, 3], "mirror": true},
						{"origin": [1.875, 26.68276, -6.351], "size": [2, 3, 2], "pivot": [0.5, 10.13276, -3.726], "rotation": [-10, 0, 0], "uv": [81, 21], "mirror": true},
						{"origin": [3.125, 26.15, -2.475], "size": [1, 5, 5], "uv": [12, 68]},
						{"origin": [5.35901, 21.64323, -3.05], "size": [1.2, 1, 2.2], "pivot": [6.13401, 21.38073, -2.425], "rotation": [0, 7.5, -5], "uv": [68, 37]},
						{"origin": [5.45901, 19.51823, -2.95], "size": [1, 3, 2], "pivot": [6.13401, 21.38073, -2.425], "rotation": [0, 7.5, -5], "uv": [48, 33]},
						{"origin": [5.58304, 21.52037, -0.85], "size": [1.2, 1.4, 3.3], "pivot": [6.18304, 20.82037, 0.75], "rotation": [0, 0, -5], "uv": [19, 68]},
						{"origin": [5.68304, 19.32037, -0.75], "size": [1, 3, 3], "pivot": [6.18304, 20.82037, 0.75], "rotation": [0, 0, -5], "uv": [42, 81]},
						{"origin": [4.93413, 21.90977, -2.05], "size": [2.2, 2, 5], "pivot": [10.50913, 4.35977, -0.375], "rotation": [0, 0, -5], "uv": [12, 60]},
						{"origin": [9.35796, 25.63333, -2.2], "size": [1.2, 4, 5], "pivot": [13.93296, 10.08333, 0], "rotation": [0, 0, -20], "uv": [73, 11]},
						{"origin": [-4.025, 26.2, 0.625], "size": [8, 5, 2], "uv": [43, 0]},
						{"origin": [-5.225, 21.6654, 2.51553], "size": [10.4, 2, 2], "pivot": [0.5, 3.7904, 1.89053], "rotation": [2.5, 0, 0], "uv": [42, 9]},
						{"origin": [-4.125, 23.28675, 5.77436], "size": [8.2, 4, 2], "pivot": [0.5, 7.73675, 5.14936], "rotation": [15, 0, 0], "uv": [56, 40]}
					]
				},
				{
					"name": "PaiZi",
					"parent": "Coat",
					"pivot": [-3.275, 21.55672, -3.68848],
					"cubes": [
						{"origin": [-3.575, 20.75672, -3.78848], "size": [0.6, 1.1, 0.4], "uv": [94, 61]},
						{"origin": [-4.075, 18.60672, -3.78848], "size": [1.6, 2.15, 0.4], "uv": [94, 65]},
						{"origin": [-3.975, 18.70672, -3.81348], "size": [1.4, 1.95, 0.325], "uv": [94, 70]},
						{"origin": [-4, 20.25672, -3.83848], "size": [1.45, 0.425, 0.325], "uv": [93, 74]},
						{"origin": [-3.95, 19.58172, -3.83848], "size": [0.475, 0.625, 0.325], "uv": [98, 53]},
						{"origin": [-3.425, 19.98172, -3.83848], "size": [0.775, 0.125, 0.325], "uv": [98, 53]},
						{"origin": [-3.9, 19.38172, -3.83848], "size": [1.25, 0.125, 0.325], "uv": [98, 53]},
						{"origin": [-3.9, 19.08172, -3.83848], "size": [1.25, 0.125, 0.325], "uv": [98, 53]},
						{"origin": [-3.9, 18.78172, -3.83848], "size": [1.25, 0.125, 0.325], "uv": [98, 53]},
						{"origin": [-3.425, 19.68172, -3.83848], "size": [0.775, 0.125, 0.325], "uv": [98, 53]},
						{"origin": [-3.825, 19.73172, -3.86348], "size": [0.25, 0.275, 0.325], "uv": [14, 18]},
						{"origin": [-3.825, 20.00672, -3.86348], "size": [0.25, 0.1, 0.325], "uv": [26, 87]},
						{"origin": [-3.9, 19.73172, -3.86348], "size": [0.075, 0.375, 0.325], "uv": [26, 87]},
						{"origin": [-3.85, 19.58172, -3.86348], "size": [0.25, 0.15, 0.325], "uv": [64, 43]}
					]
				},
				{
					"name": "Pack",
					"parent": "UpBody",
					"pivot": [0.325, 25.8, 2.25],
					"rotation": [80.34531, 75.44992, 95.66304],
					"cubes": [
						{"origin": [0.15709, 22.62227, -2.88253], "size": [3, 2, 1], "pivot": [0.48209, 23.59727, -2.53253], "rotation": [13.2322, -44.6584, 156.2132], "uv": [60, 16]},
						{"origin": [5.95468, 23.96528, -3.33704], "size": [6, 2, 1], "pivot": [6.15468, 24.96528, -2.01204], "rotation": [9.3825, -2.8901, 165.1206], "uv": [76, 41]},
						{"origin": [5.98959, 23.64207, -3.15678], "size": [1, 2, 2], "pivot": [6.31459, 24.81707, -2.13178], "rotation": [31.2808, -17.8291, 174.6235], "uv": [11, 94]},
						{"origin": [5.27423, 26.68336, -1.07877], "size": [1, 2, 2], "pivot": [5.77309, 27.89993, -0.06008], "rotation": [31.9389, -16.5186, 172.3951], "uv": [18, 24]},
						{"origin": [3.95787, 34.10938, 2.92277], "size": [1, 9, 2], "pivot": [4.03287, 33.35938, 3.99777], "rotation": [34.9775, -6.8145, 157.5031], "uv": [74, 74]},
						{"origin": [-1.21924, 31.43708, 3.44163], "size": [1, 5, 2], "pivot": [-0.84424, 31.78708, 4.44163], "rotation": [9.9366, 10.8795, 78.9042], "uv": [0, 10]},
						{"origin": [-1.96137, 28.9733, 3.2625], "size": [1, 3, 2], "pivot": [-1.16137, 29.9733, 4.4875], "rotation": [-4.0293, 14.1423, 19.9555], "uv": [46, 18]},
						{"origin": [-0.65558, 24.80777, -1.71139], "size": [1, 6, 1], "pivot": [-0.10558, 28.53277, -0.98639], "rotation": [-7.8453, 8.8604, 30.3608], "uv": [65, 0]},
						{"origin": [0.53907, 30.31688, -1.1121], "size": [1, 5, 1], "pivot": [1.0955, 32.7751, -0.92942], "rotation": [-7.5, 10, 2.5], "uv": [86, 76]}
					]
				},
				{
					"name": "Pack2",
					"parent": "Pack",
					"pivot": [-0.69079, 25.69525, 1.675],
					"rotation": [0, 0, -7.5],
					"cubes": [
						{"origin": [-3.39287, 21.27375, -1.925], "size": [3, 5, 7.2], "pivot": [-0.89287, 27.04875, 3.925], "rotation": [0, 0, -5], "uv": [22, 26]},
						{"origin": [-3.11454, 26.12086, -1.41481], "size": [2.6, 4, 6.2], "pivot": [-0.89287, 27.04875, 3.925], "rotation": [0, 0, -5], "uv": [22, 52]},
						{"origin": [-3.94749, 26.82297, -0.92113], "size": [1, 3, 5.2], "pivot": [-0.89287, 27.04875, 3.925], "rotation": [0, 0, -5], "uv": [50, 74]},
						{"origin": [-3.29287, 21.44875, -2.025], "size": [2.8, 1.2, 7.4], "pivot": [-0.89287, 27.04875, 3.925], "rotation": [0, 0, -5], "uv": [53, 49]},
						{"origin": [-4.05527, 21.40785, 1.16108], "size": [1, 2, 1], "pivot": [-3.24585, 23.99221, 1.675], "rotation": [0, 0, -17.5], "uv": [60, 46]},
						{"origin": [-4.00591, 21.43102, 3.18288], "size": [1, 2, 1], "pivot": [-3.24585, 23.99221, 1.675], "rotation": [0, 0, -17.5], "uv": [60, 46]},
						{"origin": [-3.75441, 23.86168, -1.9], "size": [1, 1, 7.125], "pivot": [-2.25441, 23.86168, 1.675], "rotation": [0, 0, 7.5], "uv": [56, 0]},
						{"origin": [-3.54079, 22.89525, -1.825], "size": [3, 3, 7], "pivot": [-1.69079, 24.69525, 1.675], "rotation": [0, 0, 7.5], "uv": [35, 33]}
					]
				},
				{
					"name": "Pack3",
					"parent": "Pack",
					"pivot": [5.95639, 28.87071, 0.34029],
					"rotation": [-14.2756, 2.5791, 161.6446],
					"cubes": [
						{"origin": [5.58638, 29.81479, -1.08483], "size": [1, 7, 2], "pivot": [5.56253, 28.96476, 0.31545], "rotation": [0, -5, 0], "uv": [51, 97]},
						{"origin": [5.56138, 36.71479, -1.10983], "size": [1.05, 0.5, 2.05], "pivot": [5.56253, 28.96476, 0.31545], "rotation": [0, -5, 0], "uv": [20, 95]},
						{"origin": [5.56138, 36.26479, -1.10983], "size": [1.05, 0.2, 2.05], "pivot": [5.56253, 28.96476, 0.31545], "rotation": [0, -5, 0], "uv": [20, 95]},
						{"origin": [5.56138, 35.16479, -0.20983], "size": [1.05, 0.3, 1.15], "pivot": [5.56253, 28.96476, 0.31545], "rotation": [0, -5, 0], "uv": [23, 97]},
						{"origin": [5.58638, 28.81479, -1.08483], "size": [1, 1, 1.3], "pivot": [5.56253, 28.96476, 0.31545], "rotation": [0, -5, 0], "uv": [33, 20]}
					]
				},
				{
					"name": "Pack4",
					"parent": "Pack",
					"pivot": [6.3768, 25.60408, -0.92211],
					"rotation": [-56.2382, 12.7532, -4.816],
					"cubes": [
						{"origin": [4.25592, 24.43271, 0.36675], "size": [1, 8, 1], "pivot": [4.75592, 28.43271, 0.86675], "rotation": [30.76621, 2.25911, 155.17104], "uv": [40, 94]}
					]
				},
				{
					"name": "DuiJiangJi",
					"parent": "Pack4",
					"pivot": [4.71875, 32.01852, 1.31479],
					"rotation": [37.94388, -5.18586, 65.20024],
					"cubes": [
						{"origin": [3.75875, 30.54852, 0.85679], "size": [2, 3, 1], "pivot": [4.71875, 32.01852, 1.31479], "rotation": [146.67185, -54.89256, 142.06578], "uv": [122, 15]},
						{"origin": [3.65875, 28.54852, 0.75679], "size": [2.2, 3, 1.2], "pivot": [4.71875, 32.01852, 1.31479], "rotation": [146.67185, -54.89256, 142.06578], "uv": [98, 24]},
						{"origin": [3.55875, 29.64852, 0.65679], "size": [2.4, 0.8, 1.4], "pivot": [4.71875, 32.01852, 1.31479], "rotation": [146.67185, -54.89256, 142.06578], "uv": [102, 40]},
						{"origin": [3.55875, 29.34852, 0.65679], "size": [2.4, 0.3, 1.4], "pivot": [4.71875, 32.01852, 1.31479], "rotation": [146.67185, -54.89256, 142.06578], "uv": [4, 124]},
						{"origin": [3.83375, 33.54852, 1.05679], "size": [0.6, 0.5, 0.6], "pivot": [4.71875, 32.01852, 1.31479], "rotation": [146.67185, -54.89256, 142.06578], "uv": [115, 26]},
						{"origin": [4.63375, 33.54852, 1.10679], "size": [0.5, 0.6, 0.5], "pivot": [4.71875, 32.01852, 1.31479], "rotation": [146.67185, -54.89256, 142.06578], "uv": [115, 26]},
						{"origin": [4.15875, 32.62352, 0.80679], "size": [1.4, 0.6, 1], "pivot": [4.71875, 32.01852, 1.31479], "rotation": [146.67185, -54.89256, 142.06578], "uv": [115, 19]},
						{"origin": [3.85875, 32.52352, 0.80679], "size": [0.2, 0.3, 1], "pivot": [4.71875, 32.01852, 1.31479], "rotation": [146.67185, -54.89256, 142.06578], "uv": [124, 21]},
						{"origin": [3.85875, 32.92352, 0.80679], "size": [0.2, 0.3, 1], "pivot": [4.71875, 32.01852, 1.31479], "rotation": [146.67185, -54.89256, 142.06578], "uv": [124, 21]},
						{"origin": [5.05875, 33.27352, 0.80679], "size": [0.4, 0.2, 1], "pivot": [4.71875, 32.01852, 1.31479], "rotation": [146.67185, -54.89256, 142.06578], "uv": [124, 21]},
						{"origin": [3.85875, 32.04852, 0.80679], "size": [0.4, 0.3, 1], "pivot": [4.71875, 32.01852, 1.31479], "rotation": [146.67185, -54.89256, 142.06578], "uv": [124, 23]},
						{"origin": [3.85875, 31.64852, 0.80679], "size": [0.4, 0.3, 1], "pivot": [4.71875, 32.01852, 1.31479], "rotation": [146.67185, -54.89256, 142.06578], "uv": [124, 23]},
						{"origin": [3.83375, 31.34852, 0.80679], "size": [0.4, 0.2, 1], "pivot": [4.71875, 32.01852, 1.31479], "rotation": [146.67185, -54.89256, 142.06578], "uv": [124, 23]},
						{"origin": [4.33375, 31.34852, 0.80679], "size": [0.4, 0.2, 1], "pivot": [4.71875, 32.01852, 1.31479], "rotation": [146.67185, -54.89256, 142.06578], "uv": [124, 23]},
						{"origin": [4.83375, 31.34852, 0.80679], "size": [0.4, 0.2, 1], "pivot": [4.71875, 32.01852, 1.31479], "rotation": [146.67185, -54.89256, 142.06578], "uv": [124, 23]},
						{"origin": [5.33375, 31.34852, 0.80679], "size": [0.4, 0.2, 1], "pivot": [4.71875, 32.01852, 1.31479], "rotation": [146.67185, -54.89256, 142.06578], "uv": [124, 23]},
						{"origin": [5.03375, 31.79852, 0.80679], "size": [0.4, 0.2, 1], "pivot": [4.71875, 32.01852, 1.31479], "rotation": [146.67185, -54.89256, 142.06578], "uv": [109, 38]},
						{"origin": [4.53375, 31.79852, 0.80679], "size": [0.4, 0.2, 1], "pivot": [4.71875, 32.01852, 1.31479], "rotation": [146.67185, -54.89256, 142.06578], "uv": [109, 38]},
						{"origin": [4.75875, 32.09852, 0.80679], "size": [0.4, 0.2, 1], "pivot": [4.71875, 32.01852, 1.31479], "rotation": [146.67185, -54.89256, 142.06578], "uv": [109, 38]},
						{"origin": [5.33375, 31.04852, 0.80679], "size": [0.4, 0.2, 1], "pivot": [4.71875, 32.01852, 1.31479], "rotation": [146.67185, -54.89256, 142.06578], "uv": [124, 23]},
						{"origin": [4.83375, 31.04852, 0.80679], "size": [0.4, 0.2, 1], "pivot": [4.71875, 32.01852, 1.31479], "rotation": [146.67185, -54.89256, 142.06578], "uv": [124, 23]},
						{"origin": [4.33375, 31.04852, 0.80679], "size": [0.4, 0.2, 1], "pivot": [4.71875, 32.01852, 1.31479], "rotation": [146.67185, -54.89256, 142.06578], "uv": [124, 23]},
						{"origin": [3.83375, 31.04852, 0.80679], "size": [0.4, 0.2, 1], "pivot": [4.71875, 32.01852, 1.31479], "rotation": [146.67185, -54.89256, 142.06578], "uv": [124, 23]},
						{"origin": [5.33375, 30.74852, 0.80679], "size": [0.4, 0.2, 1], "pivot": [4.71875, 32.01852, 1.31479], "rotation": [146.67185, -54.89256, 142.06578], "uv": [124, 23]},
						{"origin": [4.83375, 30.74852, 0.80679], "size": [0.4, 0.2, 1], "pivot": [4.71875, 32.01852, 1.31479], "rotation": [146.67185, -54.89256, 142.06578], "uv": [124, 23]},
						{"origin": [4.33375, 30.74852, 0.80679], "size": [0.4, 0.2, 1], "pivot": [4.71875, 32.01852, 1.31479], "rotation": [146.67185, -54.89256, 142.06578], "uv": [124, 23]},
						{"origin": [3.83375, 30.74852, 0.80679], "size": [0.4, 0.2, 1], "pivot": [4.71875, 32.01852, 1.31479], "rotation": [146.67185, -54.89256, 142.06578], "uv": [124, 23]},
						{"origin": [3.90875, 33.54852, 1.15679], "size": [0.4, 3, 0.4], "pivot": [4.71875, 32.01852, 1.31479], "rotation": [146.67185, -54.89256, 142.06578], "uv": [97, 47]}
					]
				},
				{
					"name": "DownBody",
					"parent": "AllBody",
					"pivot": [0, 22, 0]
				},
				{
					"name": "Skirt",
					"parent": "DownBody",
					"pivot": [0, 19.85, 0.1],
					"cubes": [
						{"origin": [-3.95, 19.65, -2.5], "size": [7.95, 2.2, 5], "uv": [35, 26]},
						{"origin": [-4.2, 18.6, -2.8], "size": [8.4, 2.2, 5.475], "uv": [21, 10]},
						{"origin": [-4.6, 17.55, -3.1], "size": [9.2, 2.2, 6], "uv": [22, 18]}
					]
				},
				{
					"name": "Leg",
					"parent": "DownBody",
					"pivot": [0, 22, 0]
				},
				{
					"name": "RightLeg",
					"parent": "Leg",
					"pivot": [-2.4, 20.15, -1],
					"cubes": [
						{"origin": [-3.55, 9.65, -1.375], "size": [2.65, 3, 3], "uv": [80, 53]},
						{"origin": [-4.025, 10.65, -2], "size": [3.65, 10, 4], "uv": [18, 38], "mirror": true},
						{"origin": [-4.125, 14.65, -2.1], "size": [3.85, 1, 4.2], "uv": [35, 120], "mirror": true},
						{"origin": [-2.725, 14.7, -2.175], "size": [1.05, 0.9, 4.325], "uv": [3, 114], "mirror": true},
						{"origin": [-2.825, 14.6, -2.15], "size": [1.25, 1.1, 4.275], "uv": [49, 121], "mirror": true},
						{"origin": [-2.7, 15.65, -2.075], "size": [1, 4, 4.15], "uv": [21, 118], "mirror": true}
					]
				},
				{
					"name": "RightLowerLeg",
					"parent": "RightLeg",
					"pivot": [-2.2, 10.7, 0],
					"cubes": [
						{"origin": [-3.9, 2, -1.9], "size": [3.4, 9, 4], "uv": [32, 43]},
						{"origin": [-4, 2.925, -1.975], "size": [3.6, 8.175, 4.175], "uv": [0, 40], "mirror": true},
						{"origin": [-4.125, 3, -2.1], "size": [3.875, 3, 4.375], "uv": [42, 62], "mirror": true}
					]
				},
				{
					"name": "RightFoot",
					"parent": "RightLowerLeg",
					"pivot": [-2.1875, 2.5, 1.1375],
					"cubes": [
						{"origin": [-4.125, 0, -2.1], "size": [3.875, 3, 4.375], "uv": [94, 80], "mirror": true},
						{"origin": [-4.025, 0, -4.4], "size": [3.675, 3, 3], "uv": [78, 27], "mirror": true},
						{"origin": [-3.625, 2.575, -3.2], "size": [2.675, 1, 2], "pivot": [-2.6875, 2.5, -2.9], "rotation": [22.5, 0, 0], "uv": [62, 36], "mirror": true}
					]
				},
				{
					"name": "LeftLeg",
					"parent": "Leg",
					"pivot": [2.4, 20.15, -1],
					"cubes": [
						{"origin": [0.375, 10.65, -2], "size": [3.65, 10, 4], "uv": [18, 38]},
						{"origin": [0.9, 9.65, -1.375], "size": [2.65, 3, 3], "uv": [80, 47]}
					]
				},
				{
					"name": "LeftLowerLeg",
					"parent": "LeftLeg",
					"pivot": [2.2, 10.7, 0],
					"cubes": [
						{"origin": [0.5, 2, -1.9], "size": [3.4, 9, 4], "uv": [46, 43]},
						{"origin": [0.35, 9.1, -2.55], "size": [3.675, 1, 4.775], "pivot": [2.2, 8.6, 0.1125], "rotation": [-17.5, 0, 0], "uv": [43, 13]},
						{"origin": [0.4, 2.925, -1.975], "size": [3.6, 8.175, 4.175], "uv": [0, 40]},
						{"origin": [0.25, 3, -2.1], "size": [3.875, 3, 4.375], "uv": [42, 62]}
					]
				},
				{
					"name": "LeftFoot",
					"parent": "LeftLowerLeg",
					"pivot": [2.1875, 2.5, 1.1375],
					"cubes": [
						{"origin": [0.25, 0, -2.1], "size": [3.875, 3, 4.375], "uv": [94, 80]},
						{"origin": [0.35, 0, -4.4], "size": [3.675, 3, 3], "uv": [78, 27]},
						{"origin": [0.95, 2.575, -3.2], "size": [2.675, 1, 2], "pivot": [2.6875, 2.5, -2.9], "rotation": [22.5, 0, 0], "uv": [62, 36]}
					]
				},
				{
					"name": "XiJieTui",
					"parent": "LeftLowerLeg",
					"pivot": [4.80647, 3.99733, 0.72789],
					"rotation": [-10, 0, 0],
					"cubes": [
						{"origin": [4.65, 8.01986, -0.38926], "size": [1, 3, 2], "uv": [22, 52]},
						{"origin": [4.65, 6.01986, -0.38926], "size": [1, 2, 1], "uv": [24, 68]},
						{"origin": [4.59095, 3.64724, -0.56426], "size": [1.125, 3, 1], "pivot": [5.04095, 6.52224, 0.11074], "rotation": [27.5, 0, 0], "uv": [0, 24]},
						{"origin": [4.46595, 3.04724, -0.36426], "size": [1.025, 2, 2], "pivot": [4.87845, 4.04724, 0.13574], "rotation": [10, 0, 0], "uv": [87, 16]},
						{"origin": [3.14095, 3.04724, -0.36426], "size": [1.125, 2, 2], "pivot": [4.87845, 4.04724, 0.13574], "rotation": [10, 0, 0], "uv": [86, 82]},
						{"origin": [4.14095, 3.57224, 0.11074], "size": [1.125, 1, 1], "pivot": [4.87845, 4.04724, 0.13574], "rotation": [10, 0, 0], "uv": [99, 52]}
					]
				},
				{
					"name": "WaiGuGe",
					"parent": "LeftLeg",
					"pivot": [5.175, 19.15, -1.075],
					"rotation": [2.5, 0, 0],
					"cubes": [
						{"origin": [4.975, 12.65, -1.9], "size": [1, 6, 2], "uv": [0, 82]},
						{"origin": [4.975, 11.55, -1.225], "size": [1, 1.4, 3], "uv": [38, 62]},
						{"origin": [5.375, 10.375, 0.425], "size": [1, 2, 2], "uv": [77, 63]},
						{"origin": [4.925, 11.675, -1.6], "size": [1.125, 2, 2], "pivot": [5.4875, 12.75, -0.9], "rotation": [17.5, 0, 0], "uv": [86, 33]},
						{"origin": [0.625, 9.89611, -3.07427], "size": [3.125, 3, 2], "pivot": [2.0875, 11.59611, -1.89927], "rotation": [10, 0, 0], "uv": [62, 112]},
						{"origin": [4.15, 17.65, -2.575], "size": [2, 3, 3], "pivot": [5.175, 19.15, -1.075], "rotation": [0, 0, -17.5], "uv": [68, 56]}
					]
				}
			]
		}
	]
}