{
	"format_version": "1.12.0",
	"minecraft:geometry": [
		{
			"description": {
				"identifier": "geometry.default",
				"texture_width": 256,
				"texture_height": 256,
				"visible_bounds_width": 5,
				"visible_bounds_height": 6.5,
				"visible_bounds_offset": [0, 2.75, 0]
			},
			"bones": [
				{
					"name": "RightArm",
					"pivot": [-5.51068, 26.87609, 0.0125],
					"cubes": [
						{"origin": [-7.07318, 23.82609, -1.5], "size": [3.05, 6.2, 3.05], "uv": [27, 49], "mirror": true},
						{"origin": [-7.22318, 23.32609, -1.75], "size": [3.5, 7, 3.5], "uv": [90, 49]}
					]
				},
				{
					"name": "RightForeArm",
					"parent": "RightArm",
					"pivot": [-5.14818, 23.67609, 0.025],
					"cubes": [
						{"origin": [-6.97318, 22.85195, -0.85842], "size": [2.85, 2.1, 2.1], "pivot": [-5.54818, 24.10195, 0.09158], "rotation": [-45, 0, 0], "uv": [23, 76], "mirror": true},
						{"origin": [-8.02853, 17.96403, -1.05], "size": [0.75, 4, 2.75], "pivot": [-7.40353, 19.96403, 0.325], "rotation": [0, 0, 5], "uv": [113, 1]},
						{"origin": [-7.04818, 17.92609, -1.475], "size": [3, 6, 3], "uv": [0, 49], "mirror": true},
						{"origin": [-7.14818, 16.95109, -1.725], "size": [3.5, 6.5, 3.5], "uv": [89, -1]},
						{"origin": [-7.32318, 17.70109, -1.8], "size": [3.75, 6, 3.75], "uv": [90, 10]},
						{"origin": [-7.87853, 18.21403, -2.2], "size": [4.7, 1, 4.5], "uv": [108, 10]}
					]
				},
				{
					"name": "RightHand",
					"parent": "RightForeArm",
					"pivot": [-5.39818, 16.95109, 0.275],
					"cubes": [
						{"origin": [-6.71724, 17.464, -1.19339], "size": [2.6, 2.1, 2], "pivot": [-1.04224, 17.964, -0.49339], "rotation": [-45, 0, 0], "uv": [76, 0], "mirror": true},
						{"origin": [-6.81724, 15.964, -1.39339], "size": [3, 2, 3], "uv": [0, 49], "mirror": true}
					]
				},
				{
					"name": "RightHandLocator",
					"parent": "RightHand",
					"pivot": [-5.41724, 17.239, 0.10661]
				},
				{
					"name": "LeftArm",
					"pivot": [4.55897, 29.63903, 0.0125],
					"cubes": [
						{"origin": [2.78864, 23.39665, -1.75], "size": [3.5, 7, 3.5], "uv": [147, 49]},
						{"origin": [2.98864, 23.89665, -1.5], "size": [3.05, 6.2, 3.05], "uv": [27, 49]}
					]
				},
				{
					"name": "LeftForeArm",
					"parent": "LeftArm",
					"pivot": [4.11364, 23.74665, 0.025],
					"cubes": [
						{"origin": [3.08864, 22.92251, -0.85842], "size": [2.85, 2.1, 2.1], "pivot": [4.51364, 24.17251, 0.09158], "rotation": [-45, 0, 0], "uv": [23, 76]},
						{"origin": [3.01364, 17.99665, -1.475], "size": [3, 6, 3], "uv": [0, 49]}
					]
				},
				{
					"name": "LeftHand",
					"parent": "LeftForeArm",
					"pivot": [4.61364, 18.27165, 0.025],
					"cubes": [
						{"origin": [3.31364, 17.49665, -1.275], "size": [2.6, 2.1, 2], "pivot": [0.23864, 17.99665, -0.575], "rotation": [-45, 0, 0], "uv": [76, 0]},
						{"origin": [3.01364, 15.99665, -1.475], "size": [3, 2, 3], "uv": [0, 49]},
						{"origin": [2.86364, 17.02165, -1.725], "size": [3.5, 6.5, 3.5], "uv": [89, -1]},
						{"origin": [6.18864, 18.02165, -1.05], "size": [0.75, 4, 2.75], "pivot": [6.31364, 20.02165, 0.325], "rotation": [0, 0, -5], "uv": [110, 1]},
						{"origin": [2.43864, 18.27165, -2.2], "size": [4.35, 1, 4.35], "uv": [108, 10]},
						{"origin": [2.68864, 17.77165, -1.8], "size": [3.75, 6, 3.75], "uv": [128, 10]}
					]
				},
				{
					"name": "LeftHandLocator",
					"parent": "LeftHand",
					"pivot": [4.61364, 17.27165, 0.025]
				}
			]
		}
	]
}