{
	"format_version": "1.12.0",
	"minecraft:geometry": [
		{
			"description": {
				"identifier": "geometry.unknown",
				"texture_width": 128,
				"texture_height": 128,
				"visible_bounds_width": 3,
				"visible_bounds_height": 4.5,
				"visible_bounds_offset": [0, 1.75, 0]
			},
			"bones": [
				{
					"name": "LeftArm",
					"pivot": [4.15, 26.93514, 0.18201],
					"cubes": [
						{"origin": [2.6, 21.98514, -1.31799], "size": [3.05, 6, 3], "uv": [88, 88]},
						{"origin": [3.65, 20.83514, -0.91799], "size": [1.55, 2, 2.2], "uv": [18, 34]},
						{"origin": [2.8, 20.78514, -0.94299], "size": [2.45, 2.05, 2.3], "uv": [28, 54]},
						{"origin": [2.45, 21.81014, -1.51799], "size": [3.25, 6.3, 3.4], "uv": [76, 87]}
					]
				},
				{
					"name": "LeftForeArm",
					"parent": "LeftArm",
					"pivot": [3.625, 21.98514, 0.20701],
					"cubes": [
						{"origin": [2.625, 15.38514, -1.29299], "size": [3, 7, 3], "uv": [35, 82]},
						{"origin": [2.425, 17.73514, -1.49299], "size": [3.4, 1, 3.4], "uv": [49, 108]},
						{"origin": [4.725, 19.43514, -0.09299], "size": [1.15, 1.6, 0.6], "uv": [43, 108]},
						{"origin": [4.725, 19.56014, 0.00701], "size": [1.175, 0.875, 0.4], "uv": [18, 109]},
						{"origin": [4.75, 20.53514, -0.29299], "size": [1.175, 0.1, 1], "uv": [13, 120]},
						{"origin": [4.75, 21.63514, -0.29299], "size": [1.175, 0.1, 1], "uv": [13, 120]},
						{"origin": [4.75, 20.53514, 0.70701], "size": [1.175, 1.2, 0.1], "uv": [13, 120]},
						{"origin": [4.75, 20.53514, -0.39299], "size": [1.175, 1.2, 0.1], "uv": [13, 120]},
						{"origin": [4.725, 20.43514, -0.49299], "size": [1.175, 1.4, 1.4], "uv": [18, 109]},
						{"origin": [4.725, 20.33514, -0.59299], "size": [1.15, 1.6, 1.6], "uv": [43, 108]},
						{"origin": [2.525, 17.53514, -1.39299], "size": [3.2, 5, 3.2], "uv": [91, 72]}
					]
				},
				{
					"name": "RightArm",
					"pivot": [-4.15, 26.93514, 0.18201],
					"cubes": [
						{"origin": [-5.65, 21.98514, -1.31799], "size": [3.05, 6, 3], "uv": [88, 88], "mirror": true},
						{"origin": [-5.2, 21.58514, -0.91799], "size": [1.55, 2, 2.2], "uv": [18, 34], "mirror": true},
						{"origin": [-5.25, 20.78514, -0.94299], "size": [2.45, 2.05, 2.3], "uv": [28, 54], "mirror": true},
						{"origin": [-5.7, 21.81014, -1.51799], "size": [3.25, 6.3, 3.4], "uv": [76, 87], "mirror": true}
					]
				},
				{
					"name": "RightForeArm",
					"parent": "RightArm",
					"pivot": [-3.625, 21.98514, 0.20701],
					"cubes": [
						{"origin": [-5.625, 15.38514, -1.29299], "size": [3, 7, 3], "uv": [35, 82], "mirror": true},
						{"origin": [-5.725, 17.53514, -1.39299], "size": [3.2, 5, 3.2], "uv": [91, 72], "mirror": true},
						{"origin": [-5.875, 20.33514, -0.59299], "size": [1.15, 1.6, 1.6], "uv": [43, 108], "mirror": true},
						{"origin": [-5.9, 20.43514, -0.49299], "size": [1.175, 1.4, 1.4], "uv": [18, 109], "mirror": true},
						{"origin": [-5.925, 20.53514, -0.39299], "size": [1.175, 1.2, 0.1], "uv": [13, 120], "mirror": true},
						{"origin": [-5.925, 20.53514, 0.70701], "size": [1.175, 1.2, 0.1], "uv": [13, 120], "mirror": true},
						{"origin": [-5.925, 21.63514, -0.29299], "size": [1.175, 0.1, 1], "uv": [13, 120], "mirror": true},
						{"origin": [-5.925, 20.53514, -0.29299], "size": [1.175, 0.1, 1], "uv": [13, 120], "mirror": true},
						{"origin": [-5.9, 19.56014, 0.00701], "size": [1.175, 0.875, 0.4], "uv": [18, 109], "mirror": true},
						{"origin": [-5.875, 19.43514, -0.09299], "size": [1.15, 1.6, 0.6], "uv": [43, 108], "mirror": true},
						{"origin": [-5.825, 17.73514, -1.49299], "size": [3.4, 1, 3.4], "uv": [49, 108], "mirror": true}
					]
				}
			]
		}
	]
}