{
	"format_version": "1.12.0",
	"minecraft:geometry": [
		{
			"description": {
				"identifier": "geometry.unknown",
				"texture_width": 128,
				"texture_height": 128,
				"visible_bounds_width": 3,
				"visible_bounds_height": 4.5,
				"visible_bounds_offset": [0, 1.75, 0]
			},
			"bones": [
				{
					"name": "Root",
					"pivot": [0, 0, 0]
				},
				{
					"name": "AllBody",
					"parent": "Root",
					"pivot": [1.26617, 21.38935, -1.72778]
				},
				{
					"name": "UpBody",
					"parent": "AllBody",
					"pivot": [1.26617, 21.38935, -1.72778],
					"cubes": [
						{"origin": [-3.5, 15.98514, -1.84299], "size": [7, 12, 4], "uv": [0, 34]},
						{"origin": [-3.7, 26.86014, -2.24299], "size": [7.4, 2, 5.2], "pivot": [0, 27.86014, 0.15701], "rotation": [7.47178, -0.65182, 4.95744], "uv": [48, 116]},
						{"origin": [1.9, 28.46014, -2.34299], "size": [1, 0.2, 0.2], "pivot": [0, 27.86014, 0.15701], "rotation": [7.47178, -0.65182, 4.95744], "uv": [12, 120]},
						{"origin": [0.1, 28.46014, -2.34299], "size": [1, 0.2, 0.2], "pivot": [0, 27.86014, 0.15701], "rotation": [7.47178, -0.65182, 4.95744], "uv": [12, 120]},
						{"origin": [0.1, 28.26014, -2.34299], "size": [1, 0.2, 0.2], "pivot": [0, 27.86014, 0.15701], "rotation": [7.47178, -0.65182, 4.95744], "uv": [35, 110]},
						{"origin": [1.9, 28.26014, -2.34299], "size": [1, 0.2, 0.2], "pivot": [0, 27.86014, 0.15701], "rotation": [7.47178, -0.65182, 4.95744], "uv": [35, 110]},
						{"origin": [1.1, 28.26014, -2.34299], "size": [0.8, 0.2, 0.2], "pivot": [0, 27.86014, 0.15701], "rotation": [7.47178, -0.65182, 4.95744], "uv": [12, 120]},
						{"origin": [1.1, 28.06014, -2.34299], "size": [0.8, 0.2, 0.2], "pivot": [0, 27.86014, 0.15701], "rotation": [7.47178, -0.65182, 4.95744], "uv": [35, 110]},
						{"origin": [0.1, 27.06014, -2.34299], "size": [2.8, 0.2, 0.2], "pivot": [0, 27.86014, 0.15701], "rotation": [7.47178, -0.65182, 4.95744], "uv": [12, 120]},
						{"origin": [0.1, 27.26014, -2.34299], "size": [2.8, 0.2, 0.2], "pivot": [0, 27.86014, 0.15701], "rotation": [7.47178, -0.65182, 4.95744], "uv": [35, 110]},
						{"origin": [-0.1, 27.26014, -2.34299], "size": [0.2, 1.2, 0.2], "pivot": [0, 27.86014, 0.15701], "rotation": [7.47178, -0.65182, 4.95744], "uv": [12, 120]},
						{"origin": [0.1, 27.46014, -2.34299], "size": [0.2, 0.8, 0.2], "pivot": [0, 27.86014, 0.15701], "rotation": [7.47178, -0.65182, 4.95744], "uv": [35, 110]},
						{"origin": [2.7, 27.46014, -2.34299], "size": [0.2, 0.8, 0.2], "pivot": [0, 27.86014, 0.15701], "rotation": [7.47178, -0.65182, 4.95744], "uv": [35, 110]},
						{"origin": [2, 27.56014, -2.34299], "size": [0.6, 0.6, 0.2], "pivot": [0, 27.86014, 0.15701], "rotation": [7.47178, -0.65182, 4.95744], "uv": [35, 110]},
						{"origin": [2.1, 27.66014, -2.36799], "size": [0.4, 0.4, 0.2], "pivot": [0, 27.86014, 0.15701], "rotation": [7.47178, -0.65182, 4.95744], "uv": [14, 120]},
						{"origin": [0.4, 27.56014, -2.34299], "size": [0.6, 0.6, 0.2], "pivot": [0, 27.86014, 0.15701], "rotation": [7.47178, -0.65182, 4.95744], "uv": [35, 110]},
						{"origin": [0.5, 27.66014, -2.36799], "size": [0.4, 0.4, 0.2], "pivot": [0, 27.86014, 0.15701], "rotation": [7.47178, -0.65182, 4.95744], "uv": [14, 120]},
						{"origin": [2.9, 27.26014, -2.34299], "size": [0.2, 1.2, 0.2], "pivot": [0, 27.86014, 0.15701], "rotation": [7.47178, -0.65182, 4.95744], "uv": [12, 120]},
						{"origin": [-1.4, 26.93625, -1.6697], "size": [5.4, 2, 4.2], "pivot": [0, 27.88625, 0.3553], "rotation": [14.74721, 1.93597, -14.87739], "uv": [25, 120]}
					]
				},
				{
					"name": "AllHead",
					"parent": "UpBody",
					"pivot": [0, 29.13514, 0.38201],
					"cubes": [
						{"origin": [-1.5, 27.98514, -1.34299], "size": [3, 2, 3], "uv": [48, 0]}
					]
				},
				{
					"name": "Head",
					"parent": "AllHead",
					"pivot": [0, 29.13514, 0.38201],
					"cubes": [
						{"origin": [-3.5, 29.13514, -3.11799], "size": [7, 7, 7], "uv": [33, 6]}
					]
				},
				{
					"name": "Face",
					"parent": "Head",
					"pivot": [-1.05, 31.13514, -4.11799]
				},
				{
					"name": "Zui",
					"parent": "Face",
					"pivot": [0.35, 30.06014, -2.21799]
				},
				{
					"name": "Zui2",
					"parent": "Zui",
					"pivot": [0.14167, 30.13514, -2.25133],
					"cubes": [
						{"origin": [-0.5, 29.38514, -2.21799], "size": [1, 0.75, 0], "uv": [109, 11]}
					]
				},
				{
					"name": "Eyes",
					"parent": "Face",
					"pivot": [-1.05, 31.13514, -4.11799]
				},
				{
					"name": "Eyelid",
					"parent": "Eyes",
					"pivot": [0, 31.13514, 0.38201]
				},
				{
					"name": "RightEyelid",
					"parent": "Eyelid",
					"pivot": [-2.5, 31.13514, -2.64299],
					"cubes": [
						{"origin": [-3.35, 30.13514, -3.14299], "size": [2, 2, 1], "uv": [103, 102]}
					]
				},
				{
					"name": "RightEyeBase",
					"parent": "RightEyelid",
					"pivot": [-2.35, 31.13514, -2.69299],
					"cubes": [
						{"origin": [-2.9, 30.13514, -3.19299], "size": [1.4, 2, 1], "uv": [106, 98]}
					]
				},
				{
					"name": "RightPupil",
					"parent": "RightEyeBase",
					"pivot": [-1.5, 12.13514, -3.21799],
					"cubes": [
						{"origin": [-2.35, 30.93514, -3.21799], "size": [0.3, 0.4, 1], "uv": [106, 87]}
					]
				},
				{
					"name": "RightEyedot",
					"parent": "RightEyeBase",
					"pivot": [-1.825, 31.63514, -2.71799],
					"cubes": [
						{"origin": [-1.925, 31.48514, -3.21799], "size": [0.5, 0.3, 1], "uv": [76, 109]}
					]
				},
				{
					"name": "LeftEyelid",
					"parent": "Eyelid",
					"pivot": [2.5, 31.13514, -2.64299],
					"cubes": [
						{"origin": [1.35, 30.13514, -3.14299], "size": [2, 2, 1], "uv": [103, 102]}
					]
				},
				{
					"name": "LeftEyeBase",
					"parent": "LeftEyelid",
					"pivot": [2.4, 31.13514, -2.69299],
					"cubes": [
						{"origin": [1.55, 30.13514, -3.19299], "size": [1.4, 2, 1], "uv": [106, 98]}
					]
				},
				{
					"name": "LeftPupil",
					"parent": "LeftEyeBase",
					"pivot": [1.45, 12.13514, -3.21799],
					"cubes": [
						{"origin": [2.1, 30.93514, -3.21799], "size": [0.3, 0.4, 1], "uv": [105, 86]}
					]
				},
				{
					"name": "LeftEyedot",
					"parent": "LeftEyeBase",
					"pivot": [2.9, 31.63514, -2.71799],
					"cubes": [
						{"origin": [2.5, 31.48514, -3.21799], "size": [0.5, 0.3, 1], "uv": [76, 109]}
					]
				},
				{
					"name": "Eyebrow",
					"parent": "Eyes",
					"pivot": [2.875, 31.93514, -2.81799]
				},
				{
					"name": "LeftEyebrow",
					"parent": "Eyebrow",
					"pivot": [2.875, 31.93514, -2.81799],
					"cubes": [
						{"origin": [1.225, 31.93514, -3.31799], "size": [2.3, 1, 1], "uv": [94, 107]}
					]
				},
				{
					"name": "MeiMaoxi2",
					"parent": "LeftEyebrow",
					"pivot": [3.9, 32.16014, -2.99299],
					"cubes": [
						{"origin": [3.1, 31.66014, -3.49299], "size": [1.1, 1, 1], "uv": [84, 106]}
					]
				},
				{
					"name": "RightEyebrow",
					"parent": "Eyebrow",
					"pivot": [-2.875, 31.93514, -2.81799],
					"cubes": [
						{"origin": [-3.525, 31.93514, -3.31799], "size": [2.3, 1, 1], "uv": [94, 107]}
					]
				},
				{
					"name": "MeiMaoxi",
					"parent": "RightEyebrow",
					"pivot": [-3.9, 32.16014, -3.06799],
					"cubes": [
						{"origin": [-4.2, 31.66014, -3.56799], "size": [1.1, 1, 1], "uv": [84, 106]}
					]
				},
				{
					"name": "MeiMao_BQ",
					"parent": "Eyes",
					"pivot": [0, 32.23514, 0.38201]
				},
				{
					"name": "MeiMaoZuo2",
					"parent": "MeiMao_BQ",
					"pivot": [2.875, 31.93514, 1.18201],
					"cubes": [
						{"origin": [1.375, 31.93514, 0.68201], "size": [3.4, 1, 1], "pivot": [1.525, 32.43514, 1.18201], "rotation": [0, 0, -17.5], "uv": [44, 60]},
						{"origin": [1.375, 31.93514, 0.70701], "size": [3.4, 1, 1], "pivot": [1.525, 32.43514, 1.18201], "rotation": [0, 0, 22.5], "uv": [11, 50]}
					]
				},
				{
					"name": "MeiMaoZuo3",
					"parent": "MeiMao_BQ",
					"pivot": [-2.875, 31.93514, 1.18201],
					"cubes": [
						{"origin": [-4.775, 31.93514, 0.68201], "size": [3.4, 1, 1], "pivot": [-1.525, 32.43514, 1.18201], "rotation": [0, 0, 17.5], "uv": [25, 31]},
						{"origin": [-4.775, 31.93514, 0.70701], "size": [3.4, 1, 1], "pivot": [-1.525, 32.43514, 1.18201], "rotation": [0, 0, -22.5], "uv": [0, 31]}
					]
				},
				{
					"name": "Hair",
					"parent": "Head",
					"pivot": [-0.14783, 33.60471, 1.00375],
					"cubes": [
						{"origin": [-0.5, 32.13514, -4.61799], "size": [1, 5, 1], "uv": [4, 99]},
						{"origin": [1.5, 34.13514, -4.61799], "size": [1, 3, 1], "uv": [62, 65]},
						{"origin": [4.2, 30.13514, 3.38201], "size": [1, 5, 1], "uv": [88, 51]},
						{"origin": [4.2, 29.13514, 2.38201], "size": [1, 7, 1], "uv": [91, 97]},
						{"origin": [4.2, 29.13514, 0.38201], "size": [1, 7, 2], "uv": [23, 95]},
						{"origin": [3.2, 30.13514, 0.38201], "size": [1, 2, 3], "uv": [64, 97]},
						{"origin": [3.2, 31.13514, -0.61799], "size": [1, 1, 1], "uv": [62, 40]},
						{"origin": [-4.2, 31.13514, -0.61799], "size": [1, 1, 1], "uv": [61, 18]},
						{"origin": [-4.2, 30.13514, 0.38201], "size": [1, 2, 3], "uv": [37, 97]},
						{"origin": [-3.8, 29.26014, 2.48201], "size": [8, 3, 2], "uv": [70, 5]},
						{"origin": [4.2, 32.13514, -0.61799], "size": [1, 3, 1], "uv": [34, 60]},
						{"origin": [-5.2, 29.13514, 2.38201], "size": [1, 7, 1], "uv": [14, 77]},
						{"origin": [-5.2, 29.13514, 0.38201], "size": [1, 7, 2], "uv": [38, 73]},
						{"origin": [-5.2, 32.13514, -0.61799], "size": [1, 3, 1], "uv": [58, 58]},
						{"origin": [-5.2, 30.13514, 3.38201], "size": [1, 5, 1], "uv": [28, 85]},
						{"origin": [-1.5, 33.13514, -4.61799], "size": [1, 4, 1], "uv": [16, 100]},
						{"origin": [0.5, 33.13514, -4.61799], "size": [1, 4, 1], "uv": [12, 100]},
						{"origin": [-2.5, 34.13514, -4.61799], "size": [1, 3, 1], "uv": [34, 73]},
						{"origin": [-4.45, 33.18514, -3.31799], "size": [1, 4, 3], "uv": [42, 35]},
						{"origin": [3.475, 33.18514, -3.61799], "size": [1, 4, 3], "uv": [22, 35]},
						{"origin": [-4.5, 30.23514, -1.44299], "size": [1, 7, 6], "uv": [0, 63]},
						{"origin": [3.5, 30.23514, -1.44299], "size": [1, 7, 6], "uv": [62, 52]},
						{"origin": [-4.4, 31.83514, -3.21799], "size": [1, 4, 2], "uv": [28, 44]},
						{"origin": [-2, 34.83514, -3.81799], "size": [4, 3, 1], "uv": [24, 65]},
						{"origin": [-2.9, 37.13514, -3.21799], "size": [6, 1, 8], "uv": [42, 36]},
						{"origin": [-3.475, 36.33514, -3.59299], "size": [7, 1, 9], "uv": [25, 25]},
						{"origin": [-1.9, 38.13514, -2.21799], "size": [4, 1, 6], "uv": [61, 11]},
						{"origin": [-2.9, 38.13514, -1.21799], "size": [1, 1, 4], "uv": [96, 44]},
						{"origin": [2.1, 38.13514, -1.21799], "size": [1, 1, 4], "uv": [96, 16]},
						{"origin": [-3.9, 37.13514, -2.21799], "size": [1, 1, 6], "uv": [88, 51]},
						{"origin": [3.1, 37.13514, -2.21799], "size": [1, 1, 6], "uv": [88, 44]},
						{"origin": [2.5, 33.03514, -4.11799], "size": [1, 4, 1], "uv": [100, 58]},
						{"origin": [-3.5, 33.03514, -4.11799], "size": [1, 4, 1], "uv": [99, 96]}
					]
				},
				{
					"name": "QianTouFa2",
					"parent": "Hair",
					"pivot": [-3.9125, 34.84681, -1.46778],
					"rotation": [-0.5, 0, 0],
					"cubes": [
						{"origin": [-4.175, 27.34681, -3.46778], "size": [1.025, 6, 2], "uv": [81, 96]},
						{"origin": [-5.175, 29.44681, -3.49278], "size": [1.025, 4, 1], "uv": [99, 85]},
						{"origin": [-5.175, 28.44681, -2.49278], "size": [1.025, 6, 1], "uv": [0, 99]}
					]
				},
				{
					"name": "bone6",
					"parent": "QianTouFa2",
					"pivot": [-4.2, 31.62181, -2.44278],
					"rotation": [0, 0, 12.5]
				},
				{
					"name": "QianTouFa3",
					"parent": "Hair",
					"pivot": [3.9125, 35.17181, -1.41778],
					"rotation": [-0.5, 0, 0],
					"cubes": [
						{"origin": [3.15, 27.67181, -3.41778], "size": [1.025, 6, 2], "uv": [75, 96]},
						{"origin": [4.15, 29.77181, -3.44278], "size": [1.025, 4, 1], "uv": [57, 99]},
						{"origin": [4.15, 28.77181, -2.44278], "size": [1.025, 6, 1], "uv": [49, 98]}
					]
				},
				{
					"name": "bone4",
					"parent": "QianTouFa3",
					"pivot": [4.2, 31.94681, -2.39278],
					"rotation": [0, 0, -12.5]
				},
				{
					"name": "MaoZi",
					"parent": "Hair",
					"pivot": [-0.19943, 37.84814, 0.53794],
					"rotation": [-11.82423, 3.1331, 1.3036],
					"cubes": [
						{"origin": [-3.99511, 38.99553, -2.94552], "size": [3, 1, 9], "pivot": [-2.49511, 39.34553, 1.55448], "rotation": [2.60579, -4.40607, 9.7451], "uv": [13, 44]},
						{"origin": [-1.75571, 38.54711, -3.84951], "size": [6, 1, 8], "pivot": [-2.16527, 39.0071, 0.48201], "rotation": [-2.45824, 0.05908, -2.95251], "uv": [22, 35]},
						{"origin": [-2.64843, 38.7978, 1.03305], "size": [7, 1, 5], "pivot": [1.02657, 39.2978, 2.03305], "rotation": [5.08435, -7.41174, -3.61529], "uv": [29, 0]},
						{"origin": [-3.75523, 35.58399, -4.54849], "size": [8, 4, 1.5], "pivot": [-0.2, 37.81014, -2.51799], "rotation": [-6.45332, 0.16622, -0.4548], "uv": [75, 64]},
						{"origin": [-4.0738, 35.91693, 5.83558], "size": [8, 4, 1], "pivot": [-0.0738, 37.91693, 6.33558], "rotation": [14.03146, -1.65279, -3.48623], "uv": [70, 53]},
						{"origin": [-4.54007, 35.60887, 0.8544], "size": [1, 4, 5], "pivot": [-4.01507, 39.60887, 4.3544], "rotation": [8.86959, -2.2517, 9.25082], "uv": [21, 86]},
						{"origin": [3.77625, 36.05173, 1.38721], "size": [1, 4, 5], "pivot": [4.77625, 38.05173, 3.88721], "rotation": [6.19123, -7.14511, -15.30016], "uv": [67, 81]},
						{"origin": [4.02625, 36.42673, 1.38721], "size": [1, 1.3, 1.3], "pivot": [4.77625, 38.05173, 3.88721], "rotation": [6.19123, -7.14511, -15.30016], "uv": [79, 117]},
						{"origin": [4.02625, 36.62673, 1.58721], "size": [1.025, 0.9, 0.9], "pivot": [4.77625, 38.05173, 3.88721], "rotation": [6.19123, -7.14511, -15.30016], "uv": [18, 111]},
						{"origin": [4.02625, 36.62673, 3.48721], "size": [1.025, 0.9, 0.9], "pivot": [4.77625, 38.05173, 3.88721], "rotation": [6.19123, -7.14511, -15.30016], "uv": [18, 111]},
						{"origin": [4.02625, 36.42673, 3.28721], "size": [1, 1.3, 1.3], "pivot": [4.77625, 38.05173, 3.88721], "rotation": [6.19123, -7.14511, -15.30016], "uv": [79, 117]},
						{"origin": [-4.70302, 35.5514, -3.68908], "size": [1, 4, 6], "pivot": [-3.76612, 37.73345, -0.04299], "rotation": [-2.36579, -4.30263, 12.24064], "uv": [72, 18]},
						{"origin": [4.05225, 35.56115, -3.87348], "size": [1, 4, 6], "pivot": [3.29779, 37.71929, -0.04299], "rotation": [-2.43909, 4.62693, -13.15594], "uv": [70, 71]}
					]
				},
				{
					"name": "MuJing",
					"parent": "MaoZi",
					"pivot": [2.41139, 38.49939, -4.25246],
					"rotation": [0, 0, -5],
					"cubes": [
						{"origin": [1.61977, 39.05899, -4.82349], "size": [1.6, 0.3, 1], "pivot": [-0.2, 37.81014, -3.21799], "rotation": [-6.45332, 0.16622, -0.4548], "uv": [76, 115]},
						{"origin": [1.61977, 37.35899, -4.82349], "size": [1.6, 0.3, 1], "pivot": [-0.2, 37.81014, -3.21799], "rotation": [-6.45332, 0.16622, -0.4548], "uv": [76, 115]},
						{"origin": [1.61977, 37.65899, -4.77349], "size": [1.6, 1.4, 1], "pivot": [-0.2, 37.81014, -3.21799], "rotation": [-6.45332, 0.16622, -0.4548], "uv": [85, 123]},
						{"origin": [2.11977, 38.75899, -4.82349], "size": [0.9, 0.2, 1], "pivot": [-0.2, 37.81014, -3.21799], "rotation": [-6.45332, 0.16622, -0.4548], "uv": [101, 123]},
						{"origin": [2.81977, 38.45899, -4.82349], "size": [0.2, 0.3, 1], "pivot": [-0.2, 37.81014, -3.21799], "rotation": [-6.45332, 0.16622, -0.4548], "uv": [101, 123]},
						{"origin": [1.41977, 37.55899, -4.82349], "size": [0.3, 1.6, 1], "pivot": [-0.2, 37.81014, -3.21799], "rotation": [-6.45332, 0.16622, -0.4548], "uv": [76, 115]},
						{"origin": [3.11977, 37.55899, -4.82349], "size": [0.3, 1.6, 1], "pivot": [-0.2, 37.81014, -3.21799], "rotation": [-6.45332, 0.16622, -0.4548], "uv": [76, 115]}
					]
				},
				{
					"name": "MuJing2",
					"parent": "MaoZi",
					"pivot": [-2.13858, 38.34708, -4.24979],
					"rotation": [0, 0, 2.5],
					"cubes": [
						{"origin": [-2.93023, 38.90899, -4.82349], "size": [1.6, 0.3, 1], "pivot": [-4.75, 37.66014, -3.21799], "rotation": [-6.45332, 0.16622, -0.4548], "uv": [76, 115]},
						{"origin": [-2.93023, 37.20899, -4.82349], "size": [1.6, 0.3, 1], "pivot": [-4.75, 37.66014, -3.21799], "rotation": [-6.45332, 0.16622, -0.4548], "uv": [76, 115]},
						{"origin": [-3.13023, 37.40899, -4.82349], "size": [0.3, 1.6, 1], "pivot": [-4.75, 37.66014, -3.21799], "rotation": [-6.45332, 0.16622, -0.4548], "uv": [76, 115]},
						{"origin": [-1.43023, 37.40899, -4.82349], "size": [0.3, 1.6, 1], "pivot": [-4.75, 37.66014, -3.21799], "rotation": [-6.45332, 0.16622, -0.4548], "uv": [76, 115]},
						{"origin": [-2.93023, 37.53399, -4.77349], "size": [1.6, 1.4, 1], "pivot": [-0.15, 37.68514, -3.21799], "rotation": [-6.45332, 0.16622, -0.4548], "uv": [85, 123]},
						{"origin": [-2.45523, 38.65899, -4.82349], "size": [0.9, 0.2, 1], "pivot": [-0.2, 37.81014, -3.21799], "rotation": [-6.45332, 0.16622, -0.4548], "uv": [101, 123]},
						{"origin": [-1.75523, 38.35899, -4.82349], "size": [0.2, 0.3, 1], "pivot": [-0.2, 37.81014, -3.21799], "rotation": [-6.45332, 0.16622, -0.4548], "uv": [101, 123]}
					]
				},
				{
					"name": "MaoYan",
					"parent": "MaoZi",
					"pivot": [-0.23719, 35.00992, -3.53732],
					"rotation": [-2.5, 0, 0],
					"cubes": [
						{"origin": [-3.28785, 36.03208, -9.37869], "size": [7, 1, 6], "pivot": [0.21215, 36.18208, -6.37869], "rotation": [-3.95339, 0.1859, -0.44712], "uv": [28, 45]},
						{"origin": [3.55338, 35.77988, -9.21997], "size": [1, 1, 6], "pivot": [2.825, 35.92507, -5.3158], "rotation": [-6.51138, 7.63808, -1.29523], "uv": [57, 86]},
						{"origin": [3.35338, 35.67988, -8.91997], "size": [0.6, 0.4, 0.7], "pivot": [2.825, 35.92507, -5.3158], "rotation": [-6.51138, 7.63808, -1.29523], "uv": [72, 114]},
						{"origin": [-3.65338, 35.67988, -8.91997], "size": [0.6, 0.4, 0.7], "pivot": [-2.825, 35.92507, -5.3158], "rotation": [-6.51138, -7.63808, 1.29523], "uv": [72, 114], "mirror": true},
						{"origin": [-4.0879, 35.77988, -9.38055], "size": [1, 1, 6], "pivot": [-4.425, 35.92507, -5.3158], "rotation": [-6.50583, -7.26633, 0.40028], "uv": [85, 81]}
					]
				},
				{
					"name": "TouJin",
					"parent": "Hair",
					"pivot": [-2.225, 35.40389, -0.56799],
					"rotation": [0, 0, -15],
					"cubes": [
						{"origin": [-6.2, 33.86014, -3.66799], "size": [11.05, 2.1, 9.2], "uv": [0, 13]},
						{"origin": [-5.1, 33.86014, -4.76799], "size": [9, 2.075, 11.4], "uv": [0, 0]},
						{"origin": [-4.4, 35.93514, -3.76799], "size": [8.125, 1.05, 9.3], "uv": [0, 24]},
						{"origin": [1.875, 35.93514, -2.76799], "size": [2.925, 1, 7.3], "uv": [62, 35]},
						{"origin": [-5.225, 35.93514, -2.76799], "size": [1.075, 1, 7.3], "uv": [71, 45]},
						{"origin": [-3.4, 35.93514, 5.53201], "size": [5.125, 1, 1], "uv": [11, 54]},
						{"origin": [-3.4, 35.93514, -4.76799], "size": [6.125, 1, 1], "uv": [31, 20]}
					]
				},
				{
					"name": "TouFa_Chang4",
					"parent": "Hair",
					"pivot": [0, 35.11014, 5.18201],
					"cubes": [
						{"origin": [3, 29.38514, 4.43201], "size": [1, 7, 1], "uv": [87, 97]},
						{"origin": [-3, 29.36014, 4.43201], "size": [6, 7, 1], "uv": [0, 86]},
						{"origin": [-4, 29.36014, 4.43201], "size": [1, 7, 1], "uv": [95, 97]},
						{"origin": [-2.5, 31.33514, 5.38201], "size": [5, 5, 1], "uv": [55, 93]}
					]
				},
				{
					"name": "TouFa_Chang",
					"parent": "Hair",
					"pivot": [0, 31.03514, 5.48201],
					"rotation": [15, 0, 0],
					"cubes": [
						{"origin": [3.6, 29.33514, 3.38201], "size": [2, 3, 2], "uv": [29, 97]},
						{"origin": [-5.6, 29.33514, 3.38201], "size": [2, 3, 2], "uv": [96, 51]},
						{"origin": [-4.5, 27.33514, 5.38201], "size": [9, 4, 1], "uv": [64, 0]}
					]
				},
				{
					"name": "TouFa_Chang3",
					"parent": "TouFa_Chang",
					"pivot": [0, 28.33514, 6.03201],
					"rotation": [7.5, 0, 0],
					"cubes": [
						{"origin": [-4, 24.33514, 5.53201], "size": [8, 5, 1], "uv": [75, 10]},
						{"origin": [-5, 26.33514, 4.55701], "size": [1, 4, 1], "uv": [8, 99]},
						{"origin": [4, 26.33514, 4.55701], "size": [1, 4, 1], "uv": [53, 99]}
					]
				},
				{
					"name": "TouFa_Chang2",
					"parent": "TouFa_Chang3",
					"pivot": [0, 24.63514, 6.13201],
					"rotation": [-17.5, 0, 0],
					"cubes": [
						{"origin": [-3.5, 19.63514, 5.63201], "size": [7, 5, 1], "uv": [47, 86]},
						{"origin": [-4.5, 22.23514, 4.65701], "size": [1, 4, 1], "uv": [84, 0]},
						{"origin": [3.5, 22.23514, 4.65701], "size": [1, 4, 1], "uv": [74, 81]}
					]
				},
				{
					"name": "Head_TouShi",
					"parent": "Head",
					"pivot": [3.425, 34.38514, -1.71799],
					"rotation": [1.86397, 13.87782, 7.72687]
				},
				{
					"name": "JIan3",
					"parent": "Head_TouShi",
					"pivot": [-0.125, 34.38514, -1.71799]
				},
				{
					"name": "JIan4",
					"parent": "Head_TouShi",
					"pivot": [-0.125, 28.88514, -1.71799]
				},
				{
					"name": "ZuoDaiZi3",
					"parent": "Head_TouShi",
					"pivot": [2.425, 34.38514, -1.71799],
					"rotation": [0, 0, 2.5]
				},
				{
					"name": "DaiZi3",
					"parent": "ZuoDaiZi3",
					"pivot": [-0.575, 34.38514, -1.71799]
				},
				{
					"name": "Arm",
					"parent": "UpBody",
					"pivot": [-0.2, 3.18514, 0.18201]
				},
				{
					"name": "LeftArm",
					"parent": "Arm",
					"pivot": [4.15, 26.93514, 0.18201],
					"rotation": [0, 0, -18],
					"cubes": [
						{"origin": [2.6, 21.98514, -1.31799], "size": [3.05, 6, 3], "uv": [88, 88]},
						{"origin": [3.65, 20.83514, -0.91799], "size": [1.55, 2, 2.2], "uv": [18, 34]},
						{"origin": [2.8, 20.78514, -0.94299], "size": [2.45, 2.05, 2.3], "uv": [28, 54]},
						{"origin": [2.45, 21.81014, -1.51799], "size": [3.25, 6.3, 3.4], "uv": [76, 87]}
					]
				},
				{
					"name": "LeftForeArm",
					"parent": "LeftArm",
					"pivot": [3.625, 21.98514, 0.20701],
					"cubes": [
						{"origin": [2.625, 15.38514, -1.29299], "size": [3, 7, 3], "uv": [35, 82]},
						{"origin": [2.425, 17.73514, -1.49299], "size": [3.4, 1, 3.4], "uv": [49, 108]},
						{"origin": [4.725, 19.43514, -0.09299], "size": [1.15, 1.6, 0.6], "uv": [43, 108]},
						{"origin": [4.725, 19.56014, 0.00701], "size": [1.175, 0.875, 0.4], "uv": [18, 109]},
						{"origin": [4.75, 20.53514, -0.29299], "size": [1.175, 0.1, 1], "uv": [13, 120]},
						{"origin": [4.75, 21.63514, -0.29299], "size": [1.175, 0.1, 1], "uv": [13, 120]},
						{"origin": [4.75, 20.53514, 0.70701], "size": [1.175, 1.2, 0.1], "uv": [13, 120]},
						{"origin": [4.75, 20.53514, -0.39299], "size": [1.175, 1.2, 0.1], "uv": [13, 120]},
						{"origin": [4.725, 20.43514, -0.49299], "size": [1.175, 1.4, 1.4], "uv": [18, 109]},
						{"origin": [4.725, 20.33514, -0.59299], "size": [1.15, 1.6, 1.6], "uv": [43, 108]},
						{"origin": [2.525, 17.53514, -1.39299], "size": [3.2, 5, 3.2], "uv": [91, 72]}
					]
				},
				{
					"name": "LeftHand",
					"parent": "LeftForeArm",
					"pivot": [3.625, 16.98514, 0.20701]
				},
				{
					"name": "LeftHandLocator",
					"parent": "LeftHand",
					"pivot": [3.625, 16.98514, 0.20701]
				},
				{
					"name": "RightArm",
					"parent": "Arm",
					"pivot": [-4.15, 26.93514, 0.18201],
					"rotation": [0, 0, 18],
					"cubes": [
						{"origin": [-5.65, 21.98514, -1.31799], "size": [3.05, 6, 3], "uv": [88, 88], "mirror": true},
						{"origin": [-5.2, 21.58514, -0.91799], "size": [1.55, 2, 2.2], "uv": [18, 34], "mirror": true},
						{"origin": [-5.25, 20.78514, -0.94299], "size": [2.45, 2.05, 2.3], "uv": [28, 54], "mirror": true},
						{"origin": [-5.7, 21.81014, -1.51799], "size": [3.25, 6.3, 3.4], "uv": [76, 87], "mirror": true}
					]
				},
				{
					"name": "RightForeArm",
					"parent": "RightArm",
					"pivot": [-3.625, 21.98514, 0.20701],
					"cubes": [
						{"origin": [-5.625, 15.38514, -1.29299], "size": [3, 7, 3], "uv": [35, 82], "mirror": true},
						{"origin": [-5.725, 17.53514, -1.39299], "size": [3.2, 5, 3.2], "uv": [91, 72], "mirror": true},
						{"origin": [-5.875, 20.33514, -0.59299], "size": [1.15, 1.6, 1.6], "uv": [43, 108], "mirror": true},
						{"origin": [-5.9, 20.43514, -0.49299], "size": [1.175, 1.4, 1.4], "uv": [18, 109], "mirror": true},
						{"origin": [-5.925, 20.53514, -0.39299], "size": [1.175, 1.2, 0.1], "uv": [13, 120], "mirror": true},
						{"origin": [-5.925, 20.53514, 0.70701], "size": [1.175, 1.2, 0.1], "uv": [13, 120], "mirror": true},
						{"origin": [-5.925, 21.63514, -0.29299], "size": [1.175, 0.1, 1], "uv": [13, 120], "mirror": true},
						{"origin": [-5.925, 20.53514, -0.29299], "size": [1.175, 0.1, 1], "uv": [13, 120], "mirror": true},
						{"origin": [-5.9, 19.56014, 0.00701], "size": [1.175, 0.875, 0.4], "uv": [18, 109], "mirror": true},
						{"origin": [-5.875, 19.43514, -0.09299], "size": [1.15, 1.6, 0.6], "uv": [43, 108], "mirror": true},
						{"origin": [-5.825, 17.73514, -1.49299], "size": [3.4, 1, 3.4], "uv": [49, 108], "mirror": true}
					]
				},
				{
					"name": "RightHand",
					"parent": "RightForeArm",
					"pivot": [-3.625, 16.98514, 0.20701]
				},
				{
					"name": "RightHandLocator",
					"parent": "RightHand",
					"pivot": [-3.625, 16.98514, 0.20701]
				},
				{
					"name": "Beast",
					"parent": "UpBody",
					"pivot": [-0.0125, 24.98261, -1.45133],
					"rotation": [-25, 0, 0],
					"cubes": [
						{"origin": [-3.55, 23.80992, -2.17666], "size": [7.075, 3, 2], "pivot": [-0.0125, 25.30992, -1.17666], "rotation": [2.5, 0, 0], "uv": [76, 58]},
						{"origin": [2.775, 24.77502, -2.4759], "size": [1, 1, 1], "pivot": [3.025, 25.27502, -1.9759], "rotation": [2.30991, -0.95645, 22.48072], "uv": [12, 108]},
						{"origin": [2.875, 24.75002, -2.5009], "size": [0.2, 0.225, 0.225], "pivot": [3.025, 25.27502, -1.9759], "rotation": [2.30991, -0.95645, 22.48072], "uv": [15, 120]},
						{"origin": [3.175, 24.75002, -2.5009], "size": [0.2, 0.225, 0.225], "pivot": [3.025, 25.27502, -1.9759], "rotation": [2.30991, -0.95645, 22.48072], "uv": [15, 120]}
					]
				},
				{
					"name": "Jecket",
					"parent": "UpBody",
					"pivot": [0.5, 22.88514, 0.18201]
				},
				{
					"name": "BT_HS",
					"parent": "Jecket",
					"pivot": [0.5, 9.88514, 0.18201],
					"cubes": [
						{"origin": [-4.025, 23.43514, 0.80701], "size": [8, 5, 2], "uv": [57, 28]}
					]
				},
				{
					"name": "HS",
					"parent": "BT_HS",
					"pivot": [-0.025, 24.53514, 2.80701],
					"rotation": [20, 0, 0],
					"cubes": [
						{"origin": [-4.125, 19.53514, 0.80701], "size": [8.2, 5, 2], "uv": [58, 45]}
					]
				},
				{
					"name": "HS2",
					"parent": "HS",
					"pivot": [-0.025, 20.53514, 2.80701],
					"rotation": [-12.5, 0, 0],
					"cubes": [
						{"origin": [-5.225, 13.86014, 0.80701], "size": [10.4, 6, 2], "uv": [48, 20]}
					]
				},
				{
					"name": "WT_Z",
					"parent": "BT_HS",
					"pivot": [3.625, 26.38514, 2.20701],
					"cubes": [
						{"origin": [3.125, 23.38514, -2.29299], "size": [1, 6, 5], "pivot": [3.625, 24.38514, 0.20701], "rotation": [0, 0, 10], "uv": [14, 80]}
					]
				},
				{
					"name": "WT_Zuo",
					"parent": "WT_Z",
					"pivot": [4.075, 24.53514, 1.80701],
					"rotation": [0, 0, -20],
					"cubes": [
						{"origin": [1.875, 19.53514, -3.01799], "size": [2.2, 5, 6], "uv": [18, 54]}
					]
				},
				{
					"name": "WT_Zuo2",
					"parent": "WT_Zuo",
					"pivot": [4.075, 19.53514, 1.43201],
					"rotation": [0, 0, 15],
					"cubes": [
						{"origin": [1.875, 13.53514, -3.86799], "size": [2.2, 6, 7], "uv": [0, 50]},
						{"origin": [4.075, 16.26014, -0.56799], "size": [1, 3, 3], "uv": [48, 28]},
						{"origin": [3.975, 18.46014, -0.66799], "size": [1.2, 1.4, 3.3], "uv": [86, 77]},
						{"origin": [3.9, 16.46014, -2.76799], "size": [1, 3, 2], "pivot": [4.575, 18.32264, -2.24299], "rotation": [0, 7.5, 0], "uv": [0, 63]},
						{"origin": [3.8, 18.58514, -2.86799], "size": [1.2, 1, 2.2], "pivot": [4.575, 18.32264, -2.24299], "rotation": [0, 7.5, 0], "uv": [77, 28]}
					]
				},
				{
					"name": "WaiTao_QianShenYou2",
					"parent": "WT_Z",
					"pivot": [-3.475, 27.93514, -2.34299],
					"rotation": [7.5, 0, 0],
					"cubes": [
						{"origin": [0.90232, 26.43008, -3.56819], "size": [3, 3, 1], "pivot": [2.425, 26.43745, -2.46549], "rotation": [-2.46148, -9.99038, -0.44067], "uv": [54, 71]},
						{"origin": [1.22732, 27.50508, -3.76819], "size": [1.6, 1.6, 0.3], "pivot": [2.425, 26.43745, -2.46549], "rotation": [-2.46148, -9.99038, -0.44067], "uv": [38, 109]},
						{"origin": [3.02732, 28.30508, -3.66819], "size": [0.7, 0.7, 0.2], "pivot": [2.425, 26.43745, -2.46549], "rotation": [-2.46148, -9.99038, -0.44067], "uv": [38, 109]},
						{"origin": [3.12732, 28.40508, -3.69319], "size": [0.5, 0.5, 0.225], "pivot": [2.425, 26.43745, -2.46549], "rotation": [-2.46148, -9.99038, -0.44067], "uv": [17, 111]},
						{"origin": [1.42732, 27.70508, -3.79319], "size": [1.2, 1.2, 0.325], "pivot": [2.425, 26.43745, -2.46549], "rotation": [-2.46148, -9.99038, -0.44067], "uv": [16, 109]},
						{"origin": [-2.775, 23.90702, 1.74615], "size": [5.6, 3, 2.2], "pivot": [0.025, 25.68202, 3.62115], "rotation": [-32.5, 0, 0], "uv": [91, 67]},
						{"origin": [-3.775, 26.53514, 2.55701], "size": [7.6, 2.1, 2.2], "pivot": [0.025, 27.43514, 4.04451], "rotation": [-10, 0, 0], "uv": [80, 16]}
					]
				},
				{
					"name": "WaiTao_QianShenZhuan2",
					"parent": "WaiTao_QianShenYou2",
					"pivot": [0.025, 27.13514, -2.84299],
					"rotation": [-17.5, 0, 0],
					"cubes": [
						{"origin": [0.80232, 24.09283, -3.50793], "size": [3, 3, 2], "pivot": [2.425, 26.58326, -2.27316], "rotation": [10.28356, -9.39129, -3.45118], "uv": [93, 80]},
						{"origin": [1.32634, 24.39259, -3.92657], "size": [0.7, 1.2, 0.6], "pivot": [2.45333, 26.57045, -2.3458], "rotation": [8.07779, -14.2906, -4.60659], "uv": [46, 117], "mirror": true},
						{"origin": [2.72634, 24.39259, -3.92657], "size": [0.7, 1.2, 0.6], "pivot": [2.45333, 26.57045, -2.3458], "rotation": [8.07779, -14.2906, -4.60659], "uv": [46, 117], "mirror": true},
						{"origin": [0.58042, 24.43911, -3.4566], "size": [4, 1, 1], "pivot": [2.90542, 25.16411, -2.9566], "rotation": [10.75026, -19.22421, -5.33256], "uv": [108, 6]}
					]
				},
				{
					"name": "WaiTao_Zhuan4",
					"parent": "WaiTao_QianShenZhuan2",
					"pivot": [2.75, 24.23514, -2.21799],
					"rotation": [-7.5, 0, 0],
					"cubes": [
						{"origin": [2.125, 19.4218, -2.9106], "size": [2, 5, 2], "uv": [0, 24]}
					]
				},
				{
					"name": "WaiTao_Zhuan5",
					"parent": "WaiTao_Zhuan4",
					"pivot": [2.75, 19.49028, -2.97012],
					"rotation": [10, 0, 0],
					"cubes": [
						{"origin": [2.525, 13.48762, -2.99398], "size": [2, 6, 2], "uv": [0, 0]}
					]
				},
				{
					"name": "WT_Y",
					"parent": "BT_HS",
					"pivot": [-3.625, 26.38514, 2.20701],
					"cubes": [
						{"origin": [-4.125, 23.38514, -2.29299], "size": [1, 6, 5], "pivot": [-3.625, 24.38514, 0.20701], "rotation": [0, 0, -15], "uv": [79, 76]}
					]
				},
				{
					"name": "WT_Zuo3",
					"parent": "WT_Y",
					"pivot": [-4.075, 24.53514, 1.80701],
					"rotation": [0, 0, 20],
					"cubes": [
						{"origin": [-4.075, 19.53514, -3.01799], "size": [2.2, 5, 6], "uv": [54, 0]}
					]
				},
				{
					"name": "WT_Zuo4",
					"parent": "WT_Zuo3",
					"pivot": [-4.075, 19.53514, 1.43201],
					"rotation": [0, 0, -15],
					"cubes": [
						{"origin": [-4.075, 13.53514, -3.96799], "size": [2.2, 6, 7], "uv": [47, 45]}
					]
				},
				{
					"name": "WaiTao_QianShenYou3",
					"parent": "WT_Y",
					"pivot": [-3.475, 27.93514, -2.34299],
					"rotation": [7.5, 0, 0],
					"cubes": [
						{"origin": [-3.92634, 26.42728, -3.51232], "size": [3, 3, 1], "pivot": [-2.45333, 26.44708, -2.53862], "rotation": [0, 15, 0], "uv": [80, 20]},
						{"origin": [-2.62732, 27.70508, -3.79319], "size": [1.2, 1.2, 0.325], "pivot": [-2.425, 26.43745, -2.46549], "rotation": [-2.46148, 9.99038, 0.44067], "uv": [16, 109], "mirror": true},
						{"origin": [-2.82732, 27.50508, -3.76819], "size": [1.6, 1.6, 0.3], "pivot": [-2.425, 26.43745, -2.46549], "rotation": [-2.46148, 9.99038, 0.44067], "uv": [38, 109], "mirror": true},
						{"origin": [-3.72732, 28.30508, -3.66819], "size": [0.7, 0.7, 0.2], "pivot": [-2.425, 26.43745, -2.46549], "rotation": [-2.46148, 9.99038, 0.44067], "uv": [38, 109], "mirror": true},
						{"origin": [-3.62732, 28.40508, -3.69319], "size": [0.5, 0.5, 0.225], "pivot": [-2.425, 26.43745, -2.46549], "rotation": [-2.46148, 9.99038, 0.44067], "uv": [17, 111], "mirror": true}
					]
				},
				{
					"name": "WaiTao_QianShenZhuan3",
					"parent": "WaiTao_QianShenYou3",
					"pivot": [0.025, 27.13514, -2.84299],
					"rotation": [-17.5, 0, 0],
					"cubes": [
						{"origin": [-3.82634, 24.06759, -3.45157], "size": [3, 3, 2], "pivot": [-2.45333, 26.57045, -2.3458], "rotation": [8.07779, 14.2906, 4.60659], "uv": [95, 25]},
						{"origin": [-2.02634, 24.46759, -3.75157], "size": [0.7, 1.2, 0.4], "pivot": [-2.45333, 26.57045, -2.3458], "rotation": [8.07779, 14.2906, 4.60659], "uv": [79, 95]},
						{"origin": [-3.42634, 24.46759, -3.75157], "size": [0.7, 1.2, 0.4], "pivot": [-2.45333, 26.57045, -2.3458], "rotation": [8.07779, 14.2906, 4.60659], "uv": [79, 95]},
						{"origin": [-4.12634, 24.54259, -3.65157], "size": [4, 1, 1], "pivot": [-2.45333, 26.57045, -2.3458], "rotation": [8.07779, 14.2906, 4.60659], "uv": [106, 3]}
					]
				},
				{
					"name": "WaiTao_Zhuan2",
					"parent": "WaiTao_QianShenZhuan3",
					"pivot": [-3.25, 24.23514, -2.94299],
					"rotation": [-5, 0, 0],
					"cubes": [
						{"origin": [-4.125, 19.26666, -2.88347], "size": [2, 5, 2], "uv": [25, 24]}
					]
				},
				{
					"name": "WaiTao_Zhuan3",
					"parent": "WaiTao_Zhuan2",
					"pivot": [-3.25, 19.33514, -2.94299],
					"rotation": [7.5, 0, 0],
					"cubes": [
						{"origin": [-4.525, 13.33248, -2.96686], "size": [2, 6, 2], "uv": [0, 13]}
					]
				},
				{
					"name": "DownBody",
					"parent": "AllBody",
					"pivot": [0.26617, 19.38935, -1.72778]
				},
				{
					"name": "Leg",
					"parent": "DownBody",
					"pivot": [1.26617, 21.38935, -1.72778]
				},
				{
					"name": "RightLeg",
					"parent": "Leg",
					"pivot": [-2.4, 17.38514, -0.81799],
					"cubes": [
						{"origin": [-3.55, 8.88514, -1.19299], "size": [2.65, 3, 3], "uv": [8, 63]},
						{"origin": [-4.025, 9.88514, -1.81799], "size": [3.65, 8, 4], "uv": [62, 65]},
						{"origin": [-4.125, 13.78514, -1.91799], "size": [3.85, 1, 4.2], "uv": [90, 59]},
						{"origin": [-2.725, 13.83514, -1.99299], "size": [1.05, 0.9, 4.325], "uv": [8, 109]},
						{"origin": [-2.825, 13.73514, -1.96799], "size": [1.25, 1.1, 4.275], "uv": [31, 108]}
					]
				},
				{
					"name": "HuXi3",
					"parent": "RightLeg",
					"pivot": [5.175, 18.38514, -0.89299],
					"rotation": [2.5, 0, 0],
					"cubes": [
						{"origin": [-3.75, 9.13125, -2.89226], "size": [3.125, 3, 2], "pivot": [-2.0875, 10.83125, -1.71726], "rotation": [5, 0, 0], "uv": [0, 94], "mirror": true},
						{"origin": [-2.275, 8.90774, -2.89845], "size": [0.2, 1.3, 0.2], "pivot": [-2.175, 10.20774, -2.79845], "rotation": [4.62111, -1.91134, 22.42287], "uv": [9, 109], "mirror": true},
						{"origin": [-2.275, 8.90774, -2.89845], "size": [0.2, 1.3, 0.2], "pivot": [-2.175, 10.20774, -2.79845], "rotation": [4.62111, 1.91134, -22.42287], "uv": [9, 109], "mirror": true},
						{"origin": [-2.275, 10.50625, -2.99226], "size": [0.2, 1, 0.3], "pivot": [-2.0875, 10.83125, -1.71726], "rotation": [5, 0, 0], "uv": [9, 109], "mirror": true},
						{"origin": [-2.65, 10.90625, -2.99226], "size": [0.925, 0.2, 0.3], "pivot": [-2.0875, 10.83125, -1.71726], "rotation": [5, 0, 0], "uv": [9, 109], "mirror": true},
						{"origin": [-3.325, 11.00625, -2.99226], "size": [0.6, 0.2, 0.3], "pivot": [-2.0875, 10.83125, -1.71726], "rotation": [5, 0, 0], "uv": [9, 109], "mirror": true},
						{"origin": [-2.725, 11.20625, -2.99226], "size": [0.2, 0.6, 0.3], "pivot": [-2.0875, 10.83125, -1.71726], "rotation": [5, 0, 0], "uv": [9, 109], "mirror": true},
						{"origin": [-3.325, 11.80625, -2.99226], "size": [0.6, 0.2, 0.3], "pivot": [-2.0875, 10.83125, -1.71726], "rotation": [5, 0, 0], "uv": [9, 109], "mirror": true},
						{"origin": [-3.525, 11.20625, -2.99226], "size": [0.2, 0.6, 0.3], "pivot": [-2.0875, 10.83125, -1.71726], "rotation": [5, 0, 0], "uv": [9, 109], "mirror": true},
						{"origin": [-1.825, 11.20625, -2.99226], "size": [0.2, 0.6, 0.3], "pivot": [-2.0875, 10.83125, -1.71726], "rotation": [5, 0, 0], "uv": [9, 109], "mirror": true},
						{"origin": [-1.625, 11.00625, -2.99226], "size": [0.6, 0.2, 0.3], "pivot": [-2.0875, 10.83125, -1.71726], "rotation": [5, 0, 0], "uv": [9, 109], "mirror": true},
						{"origin": [-1.025, 11.20625, -2.99226], "size": [0.2, 0.6, 0.3], "pivot": [-2.0875, 10.83125, -1.71726], "rotation": [5, 0, 0], "uv": [9, 109], "mirror": true},
						{"origin": [-1.625, 11.80625, -2.99226], "size": [0.6, 0.2, 0.3], "pivot": [-2.0875, 10.83125, -1.71726], "rotation": [5, 0, 0], "uv": [9, 109], "mirror": true}
					]
				},
				{
					"name": "Danyaobao",
					"parent": "RightLeg",
					"pivot": [-1.8115, 15.72264, -2.47421],
					"rotation": [0, 75, 0],
					"cubes": [
						{"origin": [-2.375, 13.66014, -3.49299], "size": [1, 3, 2], "pivot": [-1.7, 15.52264, -2.96799], "rotation": [0, 7.5, 0], "uv": [62, 35]},
						{"origin": [-2.475, 15.78514, -3.59299], "size": [1.2, 1, 2.2], "pivot": [-1.7, 15.52264, -2.96799], "rotation": [0, 7.5, 0], "uv": [18, 77]}
					]
				},
				{
					"name": "Danyaobao2",
					"parent": "RightLeg",
					"pivot": [-3.7865, 15.62264, -2.42421],
					"rotation": [-180, 77.5, 180],
					"cubes": [
						{"origin": [-4.35, 13.56014, -3.44299], "size": [1, 3, 2], "pivot": [-3.675, 15.42264, -2.91799], "rotation": [0, 7.5, 0], "uv": [0, 50]},
						{"origin": [-4.45, 15.68514, -3.54299], "size": [1.2, 1, 2.2], "pivot": [-3.675, 15.42264, -2.91799], "rotation": [0, 7.5, 0], "uv": [28, 69]}
					]
				},
				{
					"name": "Danyaobao3",
					"parent": "RightLeg",
					"pivot": [-4.6365, 15.77264, -1.12421],
					"rotation": [-180, 15, 180],
					"cubes": [
						{"origin": [-5.2, 13.71014, -2.14299], "size": [1, 3, 2], "pivot": [-4.525, 15.57264, -1.61799], "rotation": [0, 7.5, 0], "uv": [48, 45]},
						{"origin": [-5.3, 15.83514, -2.24299], "size": [1.2, 1, 2.2], "pivot": [-4.525, 15.57264, -1.61799], "rotation": [0, 7.5, 0], "uv": [61, 13]}
					]
				},
				{
					"name": "RightLowerLeg",
					"parent": "RightLeg",
					"pivot": [-2.2, 9.93514, 0.18201],
					"cubes": [
						{"origin": [-4, 2.16014, -1.79299], "size": [3.6, 8.175, 4.175], "uv": [14, 65]}
					]
				},
				{
					"name": "RightFoot",
					"parent": "RightLowerLeg",
					"pivot": [-2.8125, 2.73514, 1.31951],
					"cubes": [
						{"origin": [-4.125, 0.23514, -1.91799], "size": [3.875, 6, 4.375], "uv": [73, 31]},
						{"origin": [-5.15, 2.51014, -1.39299], "size": [3.875, 5, 4.375], "pivot": [-2.1875, 5.23514, 0.26951], "rotation": [-9.99067, 0.43399, -22.53793], "uv": [80, 41]},
						{"origin": [-4.025, 0.23514, -4.21799], "size": [3.675, 3, 3], "uv": [43, 92]},
						{"origin": [-3.625, 2.81014, -3.01799], "size": [2.675, 1, 2], "pivot": [-2.6875, 2.73514, -2.71799], "rotation": [22.5, 0, 0], "uv": [0, 8]}
					]
				},
				{
					"name": "LeftLeg",
					"parent": "Leg",
					"pivot": [2.4, 17.38514, -0.81799],
					"cubes": [
						{"origin": [0.375, 9.88514, -1.81799], "size": [3.65, 8, 4], "uv": [44, 71]},
						{"origin": [3.075, 13.48514, -1.89299], "size": [0.6, 0.2, 0], "uv": [37, 110]},
						{"origin": [2.875, 12.68514, -1.89299], "size": [0.2, 0.8, 0], "uv": [37, 110]},
						{"origin": [3.075, 12.48514, -1.89299], "size": [0.6, 0.2, 0], "uv": [37, 110]},
						{"origin": [3.675, 12.68514, -1.89299], "size": [0.2, 0.5, 0], "uv": [37, 110]},
						{"origin": [3.275, 12.98514, -1.89299], "size": [0.4, 0.2, 0], "uv": [37, 110]},
						{"origin": [0.9, 7.88514, -1.19299], "size": [2.65, 2, 3], "uv": [95, 30]}
					]
				},
				{
					"name": "HuXi2",
					"parent": "LeftLeg",
					"pivot": [5.175, 18.38514, -0.89299],
					"rotation": [2.5, 0, 0],
					"cubes": [
						{"origin": [0.625, 9.13125, -2.89226], "size": [3.125, 3, 2], "pivot": [2.0875, 10.83125, -1.71726], "rotation": [5, 0, 0], "uv": [0, 94]},
						{"origin": [2.075, 8.90774, -2.89845], "size": [0.2, 1.3, 0.2], "pivot": [2.175, 10.20774, -2.79845], "rotation": [4.62111, 1.91134, -22.42287], "uv": [9, 109]},
						{"origin": [2.075, 8.90774, -2.89845], "size": [0.2, 1.3, 0.2], "pivot": [2.175, 10.20774, -2.79845], "rotation": [4.62111, -1.91134, 22.42287], "uv": [9, 109]},
						{"origin": [2.075, 10.50625, -2.99226], "size": [0.2, 1, 0.3], "pivot": [2.0875, 10.83125, -1.71726], "rotation": [5, 0, 0], "uv": [9, 109]},
						{"origin": [1.725, 10.90625, -2.99226], "size": [0.925, 0.2, 0.3], "pivot": [2.0875, 10.83125, -1.71726], "rotation": [5, 0, 0], "uv": [9, 109]},
						{"origin": [2.725, 11.00625, -2.99226], "size": [0.6, 0.2, 0.3], "pivot": [2.0875, 10.83125, -1.71726], "rotation": [5, 0, 0], "uv": [9, 109]},
						{"origin": [2.525, 11.20625, -2.99226], "size": [0.2, 0.6, 0.3], "pivot": [2.0875, 10.83125, -1.71726], "rotation": [5, 0, 0], "uv": [9, 109]},
						{"origin": [2.725, 11.80625, -2.99226], "size": [0.6, 0.2, 0.3], "pivot": [2.0875, 10.83125, -1.71726], "rotation": [5, 0, 0], "uv": [9, 109]},
						{"origin": [3.325, 11.20625, -2.99226], "size": [0.2, 0.6, 0.3], "pivot": [2.0875, 10.83125, -1.71726], "rotation": [5, 0, 0], "uv": [9, 109]},
						{"origin": [1.625, 11.20625, -2.99226], "size": [0.2, 0.6, 0.3], "pivot": [2.0875, 10.83125, -1.71726], "rotation": [5, 0, 0], "uv": [9, 109]},
						{"origin": [1.025, 11.00625, -2.99226], "size": [0.6, 0.2, 0.3], "pivot": [2.0875, 10.83125, -1.71726], "rotation": [5, 0, 0], "uv": [9, 109]},
						{"origin": [0.825, 11.20625, -2.99226], "size": [0.2, 0.6, 0.3], "pivot": [2.0875, 10.83125, -1.71726], "rotation": [5, 0, 0], "uv": [9, 109]},
						{"origin": [1.025, 11.80625, -2.99226], "size": [0.6, 0.2, 0.3], "pivot": [2.0875, 10.83125, -1.71726], "rotation": [5, 0, 0], "uv": [9, 109]}
					]
				},
				{
					"name": "LeftLowerLeg",
					"parent": "LeftLeg",
					"pivot": [2.2, 9.93514, 0.18201],
					"cubes": [
						{"origin": [0.4, 2.16014, -1.79299], "size": [3.6, 8.175, 4.175], "uv": [24, 73]},
						{"origin": [0.35, 7.51014, -1.86799], "size": [3.7, 1, 4.275], "uv": [86, 20]},
						{"origin": [0.35, 8.68514, -1.86799], "size": [3.7, 1, 4.275], "uv": [29, 92]}
					]
				},
				{
					"name": "LeftFoot",
					"parent": "LeftLowerLeg",
					"pivot": [2.1875, 2.73514, 1.31951],
					"cubes": [
						{"origin": [0.25, 0.23514, -1.91799], "size": [3.875, 6, 4.375], "uv": [0, 76]},
						{"origin": [1.375, 2.58514, -1.24299], "size": [3.875, 5, 4.375], "pivot": [2.1875, 5.23514, 0.26951], "rotation": [-19.99067, -0.43399, 22.53793], "uv": [58, 77]},
						{"origin": [0.35, 0.23514, -4.21799], "size": [3.675, 3, 3], "uv": [93, 9]},
						{"origin": [0.95, 2.81014, -3.01799], "size": [2.675, 1, 2], "pivot": [2.6875, 2.73514, -2.71799], "rotation": [22.5, 0, 0], "uv": [38, 22]}
					]
				}
			]
		}
	]
}